fis_no;satir_no;tarih;sube;musteri_no;ad_soyad;cinsiyet;yas;dogum_yili;ilce;urun;adet;birim_fiyat_TL;tutar_TL;kdv_dahil_tutar_TL;odeme;memnuniyet;uyelik;depo_sicaklik_C;notlar
100003;1;2024-10-05;Gümüşhane Çarşı;M-00426;Osman Çetin;E;69;1955;KÖSE;pekmez;2;275,00;550,00;555,50;Nakit;bilinmiyor;Gümüş;17,6;
100003;2;05.10.2024;Gümüşhane Çarşı;M-00426;OSMAN ÇETİN;E;69;1960;Köse;Cevizli Pestil;1;300,00;300,00;303,00;Nakit;;Gümüş;16,9;
100003;3;05.10.2024 19:03;Gümüşhane Çarşı;M-00426;Osman Çetin;E;69;1955;Kose;Yayla Balı;4;855,00;3420,00;3.454,20;NAKİT;?;gümüş;15,0;
100004;1;2024-10-26;Gümüşhane Çarşı;796;Zeynep Yıldız;K;63;1961;Merkez;Cevizli Pestil;5;305,00;1525,00;1540,25;Nakit;-;Bronz;13,4;
100007;1;10.04.2024;Gümüşhane Çarşı;M-00615;Hülya Bulut;K;31;1993;Kürtün;Dut Pestili;1;205,00;205,00;207,05;NAKİT;4;Bronz;13,5;
100007;2;10.04.2024;Gümüşhane Çarşı;M-00615;Hülya Bulut;K;31;1993;Kürtün;Karma Paket;1;760,00;760,00;767,60;KREDİ KARTI;NA;Bronz;13,3;
100007;3;2024-04-10;Gümüşhane Çarşı;M-00615;HÜLYA BULUT;Kadın;31;1993;KÜRTÜN;Kuşburnu Marmelatı;2;140,00;280,00;282,80;kk;bilinmiyor;Bronz;15,1;
100009;1;21.11.2024;Gümüşhane Çarşı;M-00205;Zeynep Polat;Bayan;69;1955;Köse;Dut Pestili;1;240,00;240,00;242,40;K.Kartı;İyi;altın;11,6;
100012;1;2024-03-04;Gümüşhane Çarşı;M-00591;Yusuf Şimşek;e;73;1951;Şiran;Dut Pestili;6;190,00;1140,00;1151,40;nakit;bilinmiyor;?;10,2;
100014;1;31 Ağustos 2025;Gümüşhane Çarşı;M-00507;Merve Ekinci;K;40;1985;merkez;Köme;2;475,00;950,00;959,50;K.Kartı;kötü;Bronz;;
100015;1;17 Eylül 2024;Gümüşhane Çarşı;M-00430;KEMAL TOPAL;Erkek;26;1998;Siran;Dut Pekmezi;1;285,00;285,00;287,85;Kart;-;Altın;19,0;
100015;2;17 Eylül 2024;Gümüşhane Çarşı;M-00430;Kemal Topal;Erkek;26;1998;Şiran;Fındıklı Köme;4;325,00;1300,00;1313,00;POS;İyi;Altın;22,1;
100018;1;13.08.2025;Gümüşhane Çarşı;-;misafir müşteri;Erkek;;;;Fındıklı sucuk;1;430,00;430,00;434,30;NAKİT;Çok İyi;;23,0;
100021;1;27 Kasım 2024;Gümüşhane Çarşı;0;Misafir;Erkek;;;?;Cevizli sucuk (köme);1;390,00;390,00;393,90;POS;Orta;;11,2;
100021;2;27 Kasım 2024;Gümüşhane Çarşı;;misafir müşteri;K;;;;Fındıklı sucuk;1;340,00;340,00;343,40;Havale/EFT;?;;8,9;
100024;1;23.11.2024;Gümüşhane Çarşı;M-00213;Zeki Coşkun;E;23;2001;MERKEZ;Yayla Balı;4;880,00;3.520,00;3.555,20;Kart;;Gümüş;10,7;
100025;1;29.08.2025;Gümüşhane Çarşı;M-00609;Şükrü Akgün;E;64;1961;Merkez;Kuru Dut;1;270,00;270,00;272,70;KREDİ KARTI;;Gümüş;20,1;
100025;2;29/08/25;Gümüşhane Çarşı;M-00609;ŞÜKRÜ AKGÜN;Bay;64;1961;Merkez;Ceviz ici;3;765,00;2295,00;2.317,95;K.Kartı;İyi;Gümüş;22,2;
100028;1;2 Nisan 2024;Gümüşhane Çarşı;M-00710;Emre Kurt;Bay;78;1946;Merkez;Karma Paket;2;740,00;1480,00;1494,80;Kart;yok;Gümüş;NA;
100031;1;15.02.2024;Gümüşhane Çarşı;M-00518;Derya  Erdoğan ;Kadın;45;1979;Kelkit;Kuşburnu;3;135,00;405,00;409,05;Nakıt;i̇yi;Gümüş;10,1;
100034;1;10.06.2024;Gümüşhane Çarşı;M-00232;Hatice Aydın;K;66;1958;Köse;Kuru Dut;2;185,00;370,00;373,70;EFT;Çok İyi;GÜMÜŞ;19,1;
100034;2;10 Haziran 2024;Gümüşhane Çarşı;M-00232;Hatice Aydın;K;66;1958;Köse;Fındıklı Köme;2;295,00;590,00;595,90;Kredi Kartı;;Gümüş;23,5;
100034;3;10.06.2024;Gümüşhane Çarşı;M-00232;HATİCE AYDIN;Kadın;66;1958;Köse;Cevizli Pestil;2;275,00;550,00;555,50;Kart;Orta;Gümüş;21,8;tadım yaptı
100036;1;18.08.2024;Gümüşhane Çarşı;M-00354;Derya Keskin;Kadın;42;1982;Şiran;Dut Pekmezi;1;265,00;265,00;267,65;kk;NA;Bronz;20,6;
100039;1;05.09.2024;Gümüşhane Çarşı;M-00138;İbrahim Karataş;E;32;1992;Kose;Köme;1;355,00;355,00;358,55;kk;4;Bronz;;
100042;1;6 Mart 2024;Gümüşhane Çarşı;MİSAFİR;Misafir;Kadın;;;;Cevizli Pestil;1;255,00;255,00;257,55;Nakit;Çok İyi;;12,1;
100044;1;21.08.2025;Gümüşhane Çarşı;M-00408;Hüseyin Bayram;e;38;1987;Merkez;Dut pekmezi 1 kg;1;370,00;370,00;373,70;Kart;4;Bronz;24,3;
100044;2;21 Ağustos 2025;Gümüşhane Çarşı;M-00408;Hüseyin Bayram;E;38;1987;Merkez;Pestil (cevizli);1;425,00;425,00;429,25;Nakit;yok;BRONZ;22,4;
100045;1;22.08.2024;Gümüşhane Çarşı;MİSAFİR;-;;;;?;Kuru Dut;4;195,00;780,00;787,80;Kart;;;23,0;
100048;1;18 Haziran 2024;Gümüşhane Çarşı;0;Misafir;Erkek;;;;Pestil (cevizli);3;275,00;825,00;833,25;K.Kartı;;;23,8;
100049;1;26.07.2025;Gümüşhane Çarşı;M-00432;NERMİN KARATAŞ;K;74;1951;Torul;Kuşburnu Marmelatı;1;225,00;225,00;227,25;Kart;İyi;Gümüş;23,7;
100051;1;08.02.2024;Gümüşhane Çarşı;M-00816;Nermin Şimşek;Bayan;42;1982;Şiran;Dut Pekmezi;1;225,00;225,00;227,25;NAKİT;İyi;Bronz;7,4;
100052;1;25.07.2024;Gümüşhane Çarşı;M-00358;MERYEM ÖZTÜRK;K;73;1951;Merkez;PESTİL;1;215,00;215,00;217,15;kk;i̇yi;Bronz;bilinmiyor;
100054;1;20.07.2024;Gümüşhane Çarşı;M-00597;AYSEL YILDIZ;K;55;1969;ANKARA;Cevizli Pestil;2;285,00;570,00;575,70;Kart;yok;Bronz;18,6;
100054;2;20.07.2024;Gümüşhane Çarşı;M-00597;Aysel  Yıldız ;K;55;1969;Gurbet - Ankara;karma pkt;1;825,00;825,00;833,25;KREDİ KARTI;Orta;bronz;20,7;tadım yaptı
100057;1;10.04.2024;Gümüşhane Çarşı;M-00218;Aysel Çetin;;36;1988;Merkez;Cevizli Pestil;2;270,00;540,00;545,40;Kredi Kartı;;Gümüş;13,8;Almanya'ya gidecek
100058;1;27.09.2025;Gümüşhane Çarşı;M-00662;Şerife Kara;Kadın;33;1992;Siran;Ev Eriştesi;4;160,00;640,00;646,40;Nakit;Orta;Bronz;14,7;
100058;2;27 Eylül 2025;Gümüşhane Çarşı;M-00662;Serife Kara;K;33;1992;şiran;Yayla Balı;1;1140,00;1.140,00;1.151,40;Havale;yok;Bronz;19,8;
100060;1;12.03.2025;Gümüşhane Çarşı;M-00634;Enes Coşkun;E;63;1962;Merkez;Cevizli Pestil;2;350,00;700,00;707,00;POS;İyi;Bronz;16,0;
100060;2;12.03.2025;Gümüşhane Çarşı;M-00634;Enes Coşkun;E;bilinmiyor;1962;Merkez;Köme;2;410,00;820,00;828,20;KREDİ KARTI;İYİ;bronz;10,6;
100060;3;2025-03-12;Gümüşhane Çarşı;M-00634;Enes Coskun;Erkek;63;1962;Merkez;Fındıklı Köme;1;380,00;380,00;383,80;kk;;bronz;9,8;
100062;1;31.10.2024;Gümüşhane Çarşı;M-00400;Kadir Öztürk;Erkek;27;1997;Kelkit;Dut pekmezi 1 kg;2;295,00;590,00;595,90;KREDİ KARTI;;Bronz;16,1;
100064;1;2024-02-08;Gümüşhane Çarşı;M-00875;Hasan Akgun;E;44;1980;MERKEZ;Dut Pekmezi;2;225,00;450,00;454,50;KREDİ KARTI;Orta;Bronz;9,0;
100065;1;2024-08-05;Gümüşhane Çarşı;-;misafir müşteri;E;;;;KÖME;2;350,00;700,00;707,00;Nakit;İyi;;22,2;
100065;2;05/08/24;Gümüşhane Çarşı;0;;K;;;;Kuru Dut;2;190,00;380,00;383,80;K.Kartı;Orta;;25,2;
100068;1;26.03.2025;Gümüşhane Çarşı;M-00715;Büşra Tekin;Kadın;61;1964;Merkez;Kuru Dut;1;245,00;245,00;247,45;Nakıt;-;Bronz;10,3;yarısı sonra ödenecek
100069;1;19.10.2024;Gümüşhane Çarşı;M-00784;YUSUF ASLAN;E;71;1953;Kelkit;Yayla Balı;1;840,00;840,00;848,40;Nakit;NA;Bronz;14,6;
100072;1;17 Temmuz 2024;Gümüşhane Çarşı;M-00055;Ayşe Akgün;;64;1960;Almanya (gurbetçi);Dut Pestili;1;220,00;220,00;222,20;POS;İyi;Gümüş;19,7;
100072;2;17.07.2024;Gümüşhane Çarşı;M-00055;Ayşe Akgün;Kadın;64;1960;ALMANYA;Köme;1;345,00;690,00;348,45;NAKİT;;Gümüş;999,9;
100075;1;30.08.2025;Gümüşhane Çarşı;MİSAFİR;;E;;;merkez;Ceviz İçi;2;765,00;1530,00;1545,30;NAKİT;-;;24,4;
100075;2;2025-08-30;Gümüşhane Çarşı;-;;Erkek;;;;Dut Pestili;1;305,00;305,00;308,05;Nakit;İyi;;yok;
100075;2;2025-08-30;Gümüşhane Çarşı;-; ;Erkek;;;;dut pestili;1;305,00;305,00;308,05;Nakit;İyi;;yok;
100076;1;27.03.2024;Gümüşhane Çarşı;MİSAFİR;-;K;;;?;Cevizli Pestil;2;255,00;510,00;515,10;K.Kartı;İyi;;12,5;
100076;2;27/03/24;Gümüşhane Çarşı;;Misafir;;;;;PESTİL;999;200,00;200,00;202,00;KREDİ KARTI;Orta;;13,3;
100077;1;25.10.2024 16:39;Gümüşhane Çarşı;M-00224;Zeynep Yıldız;K;51;1973;Kelkit;pekmez;1;285,00;285,00;287,85;K.Kartı;çok i̇yi;Gümüş;bilinmiyor;
100077;2;25/10/24;Gümüşhane Çarşı;M-00224;Zeynep Yıldız;K;51;1973;Kelkit;Cevizli Pestil;1;320,00;320,00;323,20;KREDİ KARTI;4;Gümüş;;
100079;1;2025-06-07;Gümüşhane Çarşı;M-00251;BURAK KURT;Bay;24;2001;Merkez;Köme;2;460,00;920,00;929,20;POS;;Bronz;22,5;
100081;1;18.07.2025;Gümüşhane Çarşı;M-00076;Nermin Özdemir;K;29;1996;Köse;Yayla Balı;1;1065,00;1.065,00;1075,65;Kredi Kartı;yok;Bronz;22,8;
100079;1;2025-06-07;Gümüşhane Çarşı;M-00251;BURAK KURT;Bay;24;2001;Merkez;Köme;2;460,00;920,00;929,20;POS;;Bronz;22,5;
100081;2;18.07.2025;Gümüşhane Çarşı;M-00076;Nermin Özdemir;K;29;1996;Köse;Fındıklı Köme;3;425,00;1275,00;1287,75;KREDİ KARTI;Orta;Bronz;21,0;
100082;1;17/05/25;Gümüşhane Çarşı;M-00245;Halil Kurt;E;35;1990;Gurbet - Hollanda;Fındıklı Köme;4;405,00;1620,00;1.636,20;NAKİT;?;Bronz;19,1;
100082;2;2025-05-17;Gümüşhane Çarşı;M-00245;Halil Kurt;;35;1990;Gurbet - Hollanda;Ceviz İçi;1;710,00;710,00;717,10;Kart;bilinmiyor;Bronz;21,3;
100084;1;12 Temmuz 2024;Gümüşhane Çarşı;M-00467;ZEKİ ŞAHİN;E;74;1950;Kürtün;Köme;1;335,00;335,00;338,35;kk;İyi;yok;23,1;
100084;2;12/07/24;Gümüşhane Çarşı;M-00467;Zeki Şahin;E;74;1950;Merkez;bal;2;775,00;1550,00;1565,50;kk;3;Bronz;23,2;
100087;1;19.07.2025;Gümüşhane Çarşı;M-00219;Nermin Doğan;Kadın;;1950;Köse;Yayla Balı;1;1085,00;1085,00;1095,85;Kredi Kartı;Kotu;Gümüş;?;
100087;2;19.07.2025;Gümüşhane Çarşı;M-00219;Nermin Doğan;k;75;1950;Köse;Cevizli Pestil;2;395,00;790,00;797,90;NAKİT;Kötü;Gümüş;18,2;
100088;1;09.08.2024;Gümüşhane Çarşı;M-00653;Havva Karataş;Kadın;50;1974;Merkez;Dut (kuru);2;195,00;390,00;393,90;POS;İyi;ALTIN;21,9;
100088;2;09.08.2024;Gümüşhane Çarşı;M-00653;Havva Karataş;K;50;1974;Merkez;Pestil-Köme Karma;1;875,00;875,00;883,75;K.Kartı;orta;Altın;23,5;
100087;2;19.07.2025;Gümüşhane Çarşı;M-00219;Nermin Doğan;k;75;1950;Köse;Cevizli Pestil;2;395,00;790,00;797,90;NAKİT;Kötü;Gümüş;18,2;
100090;1;20.09.2024;Gümüşhane Çarşı;M-00708;MERVE AYDIN;k;61;1963;merkez;Kuşburnu Marmelatı;1;165,00;165,00;166,65;KREDİ KARTI;2;Gümüş;19,3;
100092;1;2025-03-01;Gümüşhane Çarşı;M-00447;İbrahim Yıldız;E;80;1945;Kelkit;Dut Pekmezi;2;325,00;650,00;656,50;POS;3;Bronz;9,0;
100095;1;20 Eylül 2025;Gümüşhane Çarşı;M-00725;Emre Kara;E;79;1946;TORUL;Cevizli Pestil;2;425,00;850,00;858,50;nakit;NA;BRONZ;18,8;
100095;2;20.09.2025;Gümüşhane Çarşı;M-00725;Emre Kara;e;79;1946;Torul;Karma Paket;1;1275,00;1275,00;1287,75;Kart;;;19,6;
100095;3;2025-09-20;Gümüşhane Çarşı;725;Emre Kara;e;79;1946;Torul;Kuşburnu;1;235,00;235,00;237,35;Nakıt;Çok İyi;Bronz;19,9;
100097;1;2025-07-12;Gümüşhane Çarşı;M-00673;Hasan Kara;Bay;22;2003;Merkez;findikli kome;1;405,00;405,00;409,05;NAKİT;yok;Gumus;22,3;
100098;1;2025-05-27;Gümüşhane Çarşı;M-00466;Halil Aydın;e;71;1954;Köse;kuru dut;3;250,00;750,00;757,50;Nakıt;Çok İyi;Altın;22,3;
100098;2;27.05.2025;Gümüşhane Çarşı;M-00466;Halil Aydın;Erkek;71;1954;Köse;Cevizli Pestil;3;380,00;1.031,00;1151,40;Kart;bilinmiyor;Altın;-;
100098;3;27/05/25;Gümüşhane Çarşı;M-00466;Halil Aydin;e;71;1954;köse;Dut Pekmezi;5;bilinmiyor;1.800,00;1.818,00;KREDİ KARTI;Cok Kotu;Altin;20,5;
100101;1;26.04.2024;Gümüşhane Çarşı;0;misafir müşteri;E;;;;Dut Pekmezi;1;250,00;250,00;252,50;NAKİT;İyi;;17,4;
100103;1;06.07.2025;Gümüşhane Çarşı;0;-;E;;;;Kuşburnu Marmelatı;1;210,00;210,00;212,10;K.Kartı;;;22,2;bayram siparişi
100103;2;06.07.2025;Gümüşhane Çarşı;-;Misafir;K;;;;Fındıklı Köme;1;425,00;425,00;429,25;KREDİ KARTI;İyi;;22,1;İstanbul'a götürülecek
100103;3;06.07.2025;Gümüşhane Çarşı;MİSAFİR;misafir müşteri;;;;;Karma Paket;1;1140,00;1140,00;1151,40;Nakit;Çok İyi;;21,8;
100104;1;20/09/25;Gümüşhane Çarşı;MİSAFİR;Misafir;;;;?;Cevizli Pestil;5;415,00;2075,00;2.095,75;K.Kartı;İyi;;19,4;yarısı sonra ödenecek
100104;2;2025-09-20;Gümüşhane Çarşı;;misafir müşteri;Erkek;;;Merkez;Kuru Dut;1;290,00;290,00;292,90;K.Kartı;NA;;18,5;
100107;1;21.06.2025;Gümüşhane Çarşı;497;Murat Tekin;e;40;1985;Merkez;köme 500gr;1;455,00;455,00;459,55;KREDİ KARTI;;Bronz;21,3;
100110;1;12.09.2024;Gümüşhane Çarşı;M-00624;Yusuf Akgün;E;53;1971;Gümüşhane Merkez;Pestil 500gr;1;225,00;225,00;227,25;Nakıt;İyi;Bronz;;
100111;1;17/03/24;Gümüşhane Çarşı;M-00861;Ercan Kara;E;75;1949;Merkez;Kuşburnu Marmelatı;2;140,00;280,00;282,80;Kredi Kartı;İyi;bronz;10,8;
100111;2;17.03.2024;Gümüşhane Çarşı;M-00861;Ercan Kara;E;75;1949;Merkez;Köme;3;300,00;900,00;909,00;K.Kartı;İyi;Bronz;12,8;
100113;1;13.10.2024;Gümüşhane Çarşı;;;E;;;;Köme;2;355,00;710,00;717,10;Nakıt;-;;16,9;
100114;1;20.07.2024;Gümüşhane Çarşı;;Misafir;;;;;Dut Pestili;1;215,00;215,00;217,15;K.Kartı;yok;;24,6;
100114;2;20/07/24;Gümüşhane Çarşı;-;Misafir;E;;;?;Fındıklı Köme;2;295,00;590,00;595,90;NAKİT;Çok İyi;;23,4;
100117;1;2025-05-28;Gümüşhane Çarşı;M-00659;Enes Kurt;E;79;1946;Şiran;Fındıklı Köme;4;400,00;1600,00;1.616,00;Nakit;?;Bronz;19,0;
100117;2;28.05.2025;Gümüşhane Çarşı;M-00659;Enes Kurt;Erkek;79;1946;Şıran;Kuru Dut;1;255,00;255,00;257,55;?;-;bronz;22,5;
100120;1;31.10.2024;Gümüşhane Çarşı;M-00459;Esra Keskin;Kadın;64;1969;Kelkit;Kuşburnu Marmelatı;5;170,00;850,00;858,50;kk;çok i̇yi;bronz;13,4;
100123;1;13.05.2025;Gümüşhane Çarşı;0;misafir müşteri;Erkek;;;;Dut Pekmezi;3;345,00;1.035,00;1.045,35;Nakit;Cok Iyi;;18,1;
100124;1;12.09.2024;Gümüşhane Çarşı;M-00127;Burak  Ekinci ;Erkek;51;1973;Kürtün;Yayla Balı;2;820,00;1640,00;1.656,40;nakit;Çok İyi;Bronz;22,6;
100126;1;2024-03-13;Gümüşhane Çarşı;;-;;;;;Ceviz İçi;1;495,00;495,00;499,95;Kredi Kartı;?;;10,4;
100129;1;16/11/24;Gümüşhane Çarşı;M-00411;Yusuf Kaya;Erkek;28;1996;Köse;Dut Pestili;2;245,00;490,00;494,90;NAKİT;yok;-;13,2;
100130;1;21.07.2024;Gümüşhane Çarşı;M-00830;ENES EKİNCİ;Erkek;24;2000;Merkez;Cevizli Pestil;1;290,00;290,00;292,90;kk;;Bronz;24,4;
100131;1;2025-03-05;Gümüşhane Çarşı;640;Esra Gümüş;Kadın;75;1950;MERKEZ;Dut Pekmezi;3;320,00;960,00;969,60;NAKİT;yok;Gümüş;9,9;
100131;2;2025-03-05;Gümüşhane Çarşı;M-00640;Esra Gümüş;Kadın;NA;1950;Merkez;Dut (kuru);2;240,00;480,00;484,80;K.Kartı;yok;Gümüş;11,0;
100131;3;05.03.2025;Gümüşhane Çarşı;M-00640;Esra Gümüş;;75;1950;Gümüşhane Merkez;Yayla Balı;2;970,00;1940,00;1959,40;POS;çok i̇yi;Gumus;12,8;
100132;1;06.04.2024;Gümüşhane Çarşı;MİSAFİR;-;;;;;Kuru Dut;1;175,00;175,00;176,75;POS;bilinmiyor;;14,9;
100133;1;06.08.2025;Gümüşhane Çarşı;M-00831;Hanife Kilic;k;80;1945;Merkez;Dut Pestili;1;310,00;310,00;313,10;nakit;yok;Bronz;24,1;
100135;1;11.09.2024;Gümüşhane Çarşı;;Misafir;;;;Merkez;pekmez;999;275,00;1375,00;1388,75;Kart;Orta;;20,7;
100137;1;28.06.2025 17:42;Gümüşhane Çarşı;M-00362;Mehmet Aslan;E;yok;1989;Kelkit;Ceviz İçi;1;715,00;715,00;722,15;NAKİT;NA;Altın;24,6;
100137;2;28.06.2025;Gümüşhane Çarşı;M-00362;Mehmet Aslan;;36;1989;Kelkıt;Cevizli sucuk (köme);1;460,00;460,00;464,60;Kart;bilinmiyor;Altın;22,3;İstanbul'a götürülecek
100138;1;2024-11-11;Gümüşhane Çarşı;-;;Erkek;;;;Cevizli Pestil;4;325,00;1.300,00;1.313,00;nakit;;;13,9;
100139;1;2024-04-08;Gümüşhane Çarşı;M-00843;Fatma Doğan;Kadın;77;1947;Torul;Dut Pestili;1;200,00;200,00;202,00;Nakit;İyi;Bronz;16,6;
100141;1;2024-01-01;Gümüşhane Çarşı;-;misafir müşteri;;;;;Ceviz İçi;14;455,00;6370,00;6433,70;K.Kartı;bilinmiyor;;6,6;Toptan (otel)
100141;2;01.01.2024;Gümüşhane Çarşı;;Misafir;Kadın;;;?;Fındıklı Köme;18;255,00;4590,00;4.635,90;KREDİ KARTI;?;;11,3;toptan, lokanta
100144;1;08.08.2025;Gümüşhane Çarşı;M-00005;Songül Coşkun;K;55;1970;merkez;Cevizli sucuk (köme);1;470,00;470,00;474,70;Kart;-;Gümüş;22,0;
100146;1;11.06.2024;Gümüşhane Çarşı;-;;;;;merkez;Cevizli Pestil;1;280,00;280,00;282,80;Nakit;Kötü;;21,3;
100149;1;01.04.2024;Gümüşhane Çarşı;0;Misafir;K;;;?;findikli kome;2;280,00;560,00;565,60;Nakıt;;;15,2;
100151;1;21/03/24;Gümüşhane Çarşı;MİSAFİR;-;Kadın;;;;Cevizli Pestil;2;265,00;530,00;535,30;NAKİT;?;;12,8;
100151;2;21.03.2024;Gümüşhane Çarşı;;Misafir;K;;;;Karma Paket;1;765,00;765,00;772,65;POS;İyi;;13,6;
100151;3;2024-03-21;Gümüşhane Çarşı;;misafir müşteri;Kadın;;;?;Kuşburnu Marmelatı;2;140,00;280,00;282,80;KREDİ KARTI;Orta;;14,8;
100153;1;28.06.2024;Gümüşhane Çarşı;MİSAFİR;Misafir;E;;;merkez;Dut Pekmezi;1;265,00;265,00;267,65;Kredi Kartı;Cok Iyi;;yok;
100151;1;21/03/24;Gümüşhane Çarşı;MİSAFİR;-;Kadın;;;;Cevizli Pestil;2;265,00;530,00;535,30;NAKİT;?;;12,8;
100155;1;17.08.2025;Gümüşhane Çarşı;228;HÜLYA YILDIZ;K;74;1951;Kelkit;Kuşburnu;5;230,00;1.150,00;1161,50;kk;Çok İyi;BRONZ;yok;paketi sağlam yapın
100155;2;;Gümüşhane Çarşı;M-00228;Hülya Yıldız;K;74;1951;kelkit;Yayla Balı;1;1125,00;1687,50;1.136,25;POS;İyi;?;23,4;
100156;1;04.04.2024;Gümüşhane Çarşı;M-00825;Halil Akgün;E;71;1953;Kose;kusburnu marmelat;1;140,00;140,00;141,40;KREDİ KARTI;NA;Bronz;12,3;
100156;2;04.04.2024;Gümüşhane Çarşı;M-00825;Halil Akgün;E;71;1953;Köse;Cevizli Pestil;1;260,00;260,00;262,60;havale;Çok İyi;NA;14,3;
100156;3;04.04.2024;Gümüşhane Çarşı;M-00825;Halil Akgün;E;71;1953;Köse;Yayla Balı;1;715,00;715,00;722,15;Kredi Kartı;Cok Kotu;bronz;12,8;
100158;1;10.02.2024;Gümüşhane Çarşı;M-00170;ALİ ŞAHİN;E;37;1987;KÜRTÜN;Pestil 500gr;1;190,00;190,00;191,90;KREDİ KARTI;İyi;?;9,7;
100159;1;2025-03-22;Gümüşhane Çarşı;M-00023;Zeki Çelik;E;29;1996;Torul;Fındıklı Köme;3;385,00;1.155,00;1166,55;KREDİ KARTI;İyi;bilinmiyor;11,6;
100160;1;25.01.2024;Gümüşhane Çarşı;MİSAFİR;-;E;;;;Cevizli Pestil;1;240,00;240,00;242,40;nakit;İyi;;12,7;
100160;2;25.01.2024;Gümüşhane Çarşı;0;Misafir;E;;;;Karma Paket;1;700,00;700,00;707,00;Nakit;yok;;9,6;
100162;1;06.11.2024;Gümüşhane Çarşı;M-00178;Osman Tekin;Erkek;40;1984;Köse;Yayla Balı;4;835,00;3340,00;3373,40;Nakıt;Çok İyi;BRONZ;14,2;
100162;2;6 Kasım 2024;Gümüşhane Çarşı;M-00178;Osman Tekin;E;NA;1984;köse;Cevizli Pestil;1;325,00;325,00;328,25;nakit;NA;BRONZ;13,1;
100164;1;07.08.2025;Gümüşhane Çarşı;-;;;;;?;Köme;1;470,00;470,00;474,70;EFT;3;;24,7;
100164;2;7 Ağustos 2025;Gümüşhane Çarşı;-;;K;;;?;Fındıklı Köme;3;425,00;1.275,00;1.287,75;Nakit;Kötü;;23,5;
100165;1;2024-02-14;Gümüşhane Çarşı;0;misafir müşteri;Erkek;;;;cevizli pestil;1;250,00;250,00;252,50;K.Kartı;çok i̇yi;;;
100165;2;14.02.2024;Gümüşhane Çarşı;0;;Kadın;;;;Cevizli sucuk (köme);1;300,00;300,00;303,00;Kart;bilinmiyor;;bilinmiyor;
100166;1;02.05.2025;Gümüşhane Çarşı;;;;;;merkez;Dut pekmezi 1 kg;1;350,00;350,00;353,50;NAKİT;yok;;17,1;
100166;2;;Gümüşhane Çarşı;-;Misafir;Erkek;;;merkez;Fındıklı Köme;1;400,00;400,00;404,00;KREDİ KARTI;Çok İyi;;19,5;
100169;1;6 Haziran 2025;Gümüşhane Çarşı;M-00898;Hanife  Polat ;K;34;1991;Kelkit ;Kuşburnu Marmelatı;3;205,00;615,00;621,15;Kart;;Bronz;23,2;
100169;2;2025-06-06;Gümüşhane Çarşı;M-00898;Hanife Polat;K;34;1984;Kelkıt;Karma Paket;2;1135,00;2270,00;2.292,70;Kredi Kartı;Cok Iyi;Bronz;19,5;
100172;1;29.06.2024;Gümüşhane Çarşı;M-00415;Hatice Topal;Kadın;56;1968;Merkez;Cevizli Pestil;1;280,00;280,00;282,80;KREDİ KARTI;;Bronz;23,9;
100172;2;29.06.2024;Gümüşhane Çarşı;M-00415;HATİCE TOPAL;K;56;1968;Merkez;Köme;3;325,00;975,00;984,75;KREDİ KARTI;Iyi;Bronz;24,6;
100174;1;21.12.2024;Gümüşhane Çarşı;0;-;;;;Merkez;Fındıklı Köme;1;345,00;345,00;348,45;K.Kartı;3;;9,9;askere gidecek
100174;2;21/12/24;Gümüşhane Çarşı;-;misafir müşteri;;;;;Karma Paket;1;970,00;970,00;979,70;kk;3;;10,9;
100176;1;12 Nisan 2024;Gümüşhane Çarşı;M-00148;KADİR ŞAHİN;E;61;1963;Şiran;Cevizli Pestil;3;260,00;780,00;787,80;Kredi Kartı;İYİ;Altın;;
100178;1;;Gümüşhane Çarşı;M-00418;Yaşar Çelik;E;42;1983;Merkez;ceviz;1;770,00;770,00;777,70;NAKİT;;-;22,3;
100178;2;16.08.2025 11:14;Gümüşhane Çarşı;M-00418;Yaşar Çelik;E;42;1983;Merkez;Dut Pestili;3;310,00;930,00;939,30;POS;İyi;Bronz;24,3;
100181;1;2025-03-20;Gümüşhane Çarşı;0;misafir müşteri;Erkek;;;?;Kuru Dut;1;245,00;245,00;247,45;nakit;İyi;;13,8;
100181;2;20/03/25;Gümüşhane Çarşı;;Misafir;;;;Merkez;Köme;1;430,00;430,00;434,30;kk;Iyi;;11,7;
100181;3;20/03/25;Gümüşhane Çarşı;-;Misafir;E;;;;Ceviz ici;5;670,00;3350,00;3383,50;K.Kartı;Çok İyi;;11,3;
100182;1;26.07.2024;Gümüşhane Çarşı;M-00279;Esra Keskin;Kadın;77;1947;Kelkit;Bal 850gr;5;790,00;3950,00;3989,50;K.Kartı;Çok İyi;BRONZ;22,4;
100182;2;26.07.2024;Gümüşhane Çarşı;M-00279;ESRA KESKİN;Kadın;77;1947;Kelkit;Kuşburnu;1;160,00;160,00;161,60;kk;bilinmiyor;BRONZ;26,3;
100185;1;2025-05-11;Gümüşhane Çarşı;M-00897;Hanife Bulut;K;NA;1958;Köse;Dut Pestili;1;275,00;275,00;277,75;Kart;;Bronz;18,7;
100187;1;2024-10-20;Gümüşhane Çarşı;0;Misafir;;;;?;Dut Pestili;2;230,00;460,00;464,60;Kart;;;15,2;
100189;1;11.06.2025;Gümüşhane Çarşı;M-00535;Derya Arslan;K;65;1960;Merkez;Karma Paket;1;1.130,00;1130,00;1141,30;Nakıt;4;Altın;24,3;
100185;1;2025-05-11;Gümüşhane Çarşı;M-00897;Hanife Bulut;K;NA;1958;Köse;Dut Pestili;1;275,00;275,00;277,75;Kart;;Bronz;18,7;
100189;2;11.06.2025;Gümüşhane Çarşı;M-00535;Derya Arslan;Kadın;65;1960;Merkez;Yayla Balı;1;1070,00;1.070,00;1080,70;nakit;;Altın;23,3;
100192;1;05.10.2024;Gümüşhane Çarşı;M-00024;İbrahim Uzun;Erkek;30;1994;Merkez;Cevizli sucuk (köme);1;365,00;365,00;368,65;POS;?;Gumus;18,7;
100192;2;05.10.2024;Gümüşhane Çarşı;M-00024;İbrahim Uzun;Erkek;30;1994;Merkez;Dut Pekmezi;5;290,00;1.450,00;1464,50;Nakıt;yok;Gümüş;18,0;
100193;1;2025-05-29;Gümüşhane Çarşı;M-00018;Ayşe Akgün;K;69;1956;Merkez;Kuşburnu;2;205,00;410,00;414,10;kk;bilinmiyor;Gümüş;22,1;
100193;2;29.05.2025;Gümüşhane Çarşı;M-00018;Ayşe Akgün;K;69;1956;Merkez;Cevizli Pestil;2;390,00;780,00;787,80;K.Kartı;çok i̇yi;Gümüş;21,2;
100195;1;12/03/24;Gümüşhane Çarşı;M-00265;Osman Şahin;E;74;1950;KELKİT;Cevizli Pestil;2;250,00;500,00;505,00;KREDİ KARTI;Orta;Bronz;12,4;
100195;2;12/03/24;Gümüşhane Çarşı;M-00265;Osman Şahin;E;74;1950;Kelkit;Kuru Dut;1;165,00;247,50;166,65;Kredi Kartı;NA;yok;12,7;
100198;1;07.03.2025;Gümüşhane Çarşı;-;;E;;;?;Yayla Balı;4;940,00;3760,00;3.797,60;Nakıt;çok i̇yi;;11,2;
100200;1;2025-08-04;Gümüşhane Çarşı;0;;;;;merkez;Köme;5;465,00;2.325,00;2348,25;kk;-;;23,2;
100200;2;04.08.2025;Gümüşhane Çarşı;MİSAFİR;Misafir;Kadın;;;merkez;Fındıklı Köme;1;415,00;415,00;419,15;nakit;İyi;;NA;
100202;1;03.05.2024 18:08;Gümüşhane Çarşı;M-00586;Nurcan Şimşek;k;58;1966;Şiran;Köme;1;320,00;320,00;323,20;Kart;?;Gumus;19,2;
100203;1;2024-02-10;Gümüşhane Çarşı;M-00563;GÜLSÜM DOĞAN;K;67;1957;Merkez;Cevizli Pestil;2;250,00;500,00;505,00;Nakit;?;Bronz;10,2;
100203;2;10.02.2024;Gümüşhane Çarşı;M-00563;Gülsüm Doğan;Kadın;67;1957;GÜMÜŞHANE;Bal 850gr;1;665,00;665,00;671,65;Nakit;Orta;Bronz;9,9;
100203;3;10.02.2024;Gümüşhane Çarşı;M-00563;Gülsüm Doğan;k;67;1957;Merkez;Dut Pestili;2;190,00;380,00;383,80;NAKİT;;Bronz;8,6;
100205;1;27.02.2025;Gümüşhane Çarşı;M-00714;Mehmet Karakaya;Erkek;33;1992;Merkez;Köme;3;410,00;1.230,00;1.242,30;POS;;Bronz;11,2;
100208;1;04.10.2024;Gümüşhane Çarşı;M-00693;Mustafa Topal;E;55;1969;Kelkit;dut pestil;1;235,00;235,00;237,35;havale;bilinmiyor;Altın;14,6;
100211;1;2025-06-05;Gümüşhane Çarşı;M-00062;Zeynep Bayram;k;80;1945;Kürtün;Kuşburnu;2;205,00;410,00;414,10;Kredi Kartı;İYİ;bronz;17,8;
100211;2;05.06.2025;Gümüşhane Çarşı;M-00062;Zeynep Bayram;K;80;1945;Kürtün;Kuru Dut;4;255,00;1020,00;1030,20;Kart;yok;;22,9;
100212;1;23.03.2024;Gümüşhane Çarşı;M-00443;Hasan Akgün;E;64;1960;Köse;Karma Paket;1;755,00;755,00;762,55;Nakit;4;Bronz;7,9;
100212;2;23.03.2024;Gümüşhane Çarşı;M-00443;Hasan Akgün;;64;1960;KÖSE;Ev Eriştesi;5;100,00;500,00;505,00;nakit;çok i̇yi;Bronz;13,5;
100212;3;23 Mart 2024;Gümüşhane Çarşı;M-00443;Hasan Akgün;e;64;1960;Köse;Cevizli Pestil;1;255,00;255,00;257,55;Kart;NA;Bronz;14,4;
100213;1;15.07.2024;Gümüşhane Çarşı;M-00790;Sultan Aydın;K;39;1985;ANKARA;Ev Eriştesi;2;110,00;220,00;222,20;EFT;?;bronz;20,5;yurt dışı - valizde
100213;2;15.07.2024;Gümüşhane Çarşı;M-00790;Sultan Aydın;K;39;2000;ANKARA;pekmez;5;265,00;1325,00;1338,25;POS;-;bronz;20,6;
100215;1;2025-05-27;Gümüşhane Çarşı;584;FURKAN BAYRAM;Bay;42;1983;şiran;Pestil 500gr;2;280,00;560,00;565,60;POS;İyi;Bronz;19,4;
100215;2;27.05.2025;Gümüşhane Çarşı;M-00584;FURKAN BAYRAM;E;42;1983;Şiran;Dut Pekmezi;1;355,00;355,00;358,55;K.Kartı;4;Bronz;21,3;
100216;1;06.09.2025;Gümüşhane Çarşı;M-00296;HAVVA KARATAŞ;Kadın;75;1950;şiran;Kuru Dut;2;275,00;550,00;555,50;K.Kartı;Çok İyi;altın;18,6;
100213;2;15.07.2024;Gümüşhane Çarşı;M-00790;Sultan Aydın;K;39;2000;ANKARA;pekmez;5;265,00;1325,00;1338,25;POS;-;bronz;20,6;
100216;2;2025-09-06;Gümüşhane Çarşı;M-00296;HAVVA KARATAŞ;K;-5;1950;Şiran;Fındıklı sucuk;1;445,00;445,00;449,45;Nakit;?;-;20,7;
100219;1;03.03.2025;Gümüşhane Çarşı;M-00831;Hanife Kılıç;K;80;1945;Merkez;findikli kome;1;375,00;375,00;378,75;KREDİ KARTI;;Bronz;11,9;
100220;1;10.11.2024;Gümüşhane Çarşı;M-00295;Halil Kaya;E;78;1946;Merkez ;Ev Eriştesi;1;;120,00;121,20;nakit;Çok İyi;Gümüş;14,6;
100220;1;10.11.2024;Gümüşhane Çarşı;M-00295;Halil Kaya ;E;78;1946;Merkez ;ev eriştesi;1;;120,00;121,20;nakit;Çok İyi;Gümüş;14,6;
100220;2;10.11.2024;Gümüşhane Çarşı;M-00295;Halil Kaya;E;78;1946;Merkez ;Kuşburnu Marmelatı;5;170,00;850,00;858,50;Nakit;İyi;Gumus;11,4;
100220;3;10.11.2024;Gümüşhane Çarşı;M-00295;Halil Kaya;E;78;1946;Merkez;cevizli pestil;1;320,00;320,00;323,20;Nakit;Çok İyi;Gumus;13,6;
100223;1;02/09/25;Gümüşhane Çarşı;M-00286;Emine Tekin;K;51;1974;Merkez;Pestil (cevizli);1;430,00;430,00;434,30;nakit;Çok İyi;Bronz;21,5;
100226;1;;Gümüşhane Çarşı;832;Songül Karataş;Bayan;33;1991;Kürtün;PESTİL;1;185,00;185,00;186,85;nakit;Orta;Bronz;8,0;
100228;1;07.01.2025;Gümüşhane Çarşı;M-00014;Burak Kurt;E;37;1988;Kelkit;PESTİL;1;255,00;255,00;257,55;KREDİ KARTI;yok;Bronz;11,3;
100228;2;07.01.2025;Gümüşhane Çarşı;M-00014;Burak Kurt;E;37;1988;Kelkit;Ev Eriştesi;2;130,00;260,00;262,60;Kredi Kartı;?;bronz;7,2;
100229;1;24.08.2025;Gümüşhane Çarşı;M-00741;ESRA ÇELİK;;30;1995;Merkez;Kuşburnu Marmelatı;2;220,00;440,00;444,40;Nakıt;4;Bronz;23,1;yurt dışı - valizde
100230;1;01.07.2024;Gümüşhane Çarşı;M-00354;Derya Keskin;Kadın;42;1982;Şiran;Köme;1;320,00;320,00;323,20;Nakit;KÖTÜ;Bronz;23,0;
100230;2;01.07.2024;Gümüşhane Çarşı;M-00354;Derya Keskin;;42;1982;Şiran;Yayla Balı;3;755,00;2.265,00;2.287,65;havale;İyi;Bronz;24,1;
100232;1;04.11.2024;Gümüşhane Çarşı;M-00023;Zeki Çelik;E;28;1996;Torul;Kuşburnu Marmelatı;2;175,00;350,00;353,50;Nakit;;Gümüş;17,0;
100232;2;04.11.2024;Gümüşhane Çarşı;M-00023;Zeki Çelik;Erkek;28;2026;Torul;Kuru Dut;1;215,00;215,00;217,15;POS;-;;13,6;
100232;3;04.11.2024;Gümüşhane Çarşı;M-00023;Zeki Celik;E;28;1996;Torul;Köme;1;365,00;365,00;368,65;nakit;İYİ;Gumus;13,4;
100233;1;;Gümüşhane Çarşı;-;Misafir;Kadın;;;;Eriste;1;100,00;100,00;101,00;Kredi Kartı;Çok İyi;;9,4;
100232;2;04.11.2024;Gümüşhane Çarşı;M-00023;Zeki Çelik;Erkek;28;2026;Torul;Kuru Dut;1;215,00;215,00;217,15;POS;-;;13,6;
100236;1;2025-07-17;Gümüşhane Çarşı;M-00314;Kadir Aydın;E;29;1996;Merkez;Bal 850gr;2;1.095,00;2190,00;2.211,90;NAKİT;çok i̇yi;Bronz;24,8;
100236;2;2025-07-17;Gümüşhane Çarşı;M-00314;Kadir Aydın;E;29;1996;Merkez;Karma Paket;1;1.145,00;1.145,00;1.156,45;kk;-;Bronz;22,2;
100239;1;30.09.2025;Gümüşhane Çarşı;335;Fatma Kılıç;Kadın;36;1989;Merkez;Kuru Dut;1;290,00;290,00;292,90;K.Kartı;?;Gümüş;15,4;
100239;2;30.09.2025;Gümüşhane Çarşı;335;Fatma Kılıç;K;36;1989;Merkez;pekmez;1;390,00;390,00;393,90;NAKİT;Kotu;Gumus;18,6;
100239;3;2025-09-30;Gümüşhane Çarşı;M-00335;Fatma Kılıç;Kadın;36;1989;Merkez;Dut Pestili;3;310,00;930,00;939,30;havale;5;Gümüş;18,4;
100241;1;2025-09-17;Gümüşhane Çarşı;M-00856;Furkan Güler;;46;1979;Bursa (gurbetçi);Köme;1;480,00;480,00;484,80;NAKİT;yok;GÜMÜŞ;;
100243;1;20.07.2024;Gümüşhane Çarşı;-;-;Kadın;;;;Kuşburnu;1;155,00;155,00;156,55;Kredi Kartı;KÖTÜ;;24,0;
100243;2;20.07.2024;Gümüşhane Çarşı;;-;Kadın;;;;Fındıklı Köme;1;300,00;300,00;303,00;POS;kötü;;22,1;
100245;1;15.08.2024;Gümüşhane Çarşı;M-00169;Süleyman Doğan;Erkek;60;1964;Gurbet - Bursa;Kuru Dut;2;195,00;390,00;393,90;Kart;Çok İyi;Bronz;22,7;
100248;1;30/03/24;Gümüşhane Çarşı;MİSAFİR;Misafir;E;;;;KÖME;2;305,00;610,00;616,10;Nakit;Çok İyi;;15,2;
100248;2;2024-03-30;Gümüşhane Çarşı;-;Misafir;Erkek;;;Merkez;Dut Pekmezi;1;235,00;235,00;237,35;Kredi Kartı;NA;;11,4;
100251;1;19.09.2025;Gümüşhane Çarşı;0;-;E;;;Merkez;Karma Paket;2;1260,00;2.520,00;2545,20;kk;bilinmiyor;;20,1;
100251;2;19.09.2025;Gümüşhane Çarşı;;misafir müşteri;K;;;merkez;Cevizli Pestil;1;420,00;420,00;424,20;POS;çok i̇yi;;18,8;
100252;1;22.09.2024;Gümüşhane Çarşı;M-00783;Osman Doğan;E;27;1997;Merkez;Dut Pestili;5;225,00;1.125,00;1136,25;Kart;?;Bronz;19,2;
100253;1;2024-08-21;Gümüşhane Çarşı;-;-;Kadın;;;Merkez;Fındıklı Köme;1;315,00;477,50;318,15;K.Kartı;Çok İyi;;19,0;
100253;2;21.08.2024;Gümüşhane Çarşı;-;misafir müşteri;;;;;Ceviz İçi;3;570,00;1.710,00;1727,10;POS;bilinmiyor;;18,6;
100253;3;21.08.2024;Gümüşhane Çarşı;;Misafir;;;;merkez;Cevizli Pestil;1;305,00;305,00;308,05;NAKİT;;;20,5;
100256;1;2024-03-23;Gümüşhane Çarşı;MİSAFİR;misafir müşteri;K;;;merkez;cevizli pestil;1;250,00;250,00;252,50;nakit;NA;;13,6;
100257;1;03.02.2024;Gümüşhane Çarşı;;-;;;;?;Fındıklı Köme;-1;250,00;250,00;252,50;Kredi Kartı;;;11,0;
100258;1;10.07.2024;Gümüşhane Çarşı;M-00110;Cemal Uzun;E;48;1976;Merkez;Yayla Balı;2;755,00;1510,00;1525,10;K.Kartı;;Altın;22,0;
100258;2;10 Temmuz 2024;Gümüşhane Çarşı;M-00110;Cemal Uzun;E;48;1976;Merkez;Ceviz İçi;1;535,00;535,00;540,35;KREDİ KARTI;Çok İyi;Altın;23,7;
100261;1;23/07/25;Gümüşhane Çarşı;M-00692;İBRAHİM KAYA;;66;1959;Merkez ;Dut Pestili;1;300,00;300,00;303,00;Nakit;İyi;Gümüş;22,3;
100262;1;16.08.2024 14:18;Gümüşhane Çarşı;0;;K;;;merkez;kusburnu marmelat;2;155,00;310,00;313,10;kk;;;23,1;
100264;1;24.07.2025;Gümüşhane Çarşı;591;Yusuf Şimşek;Erkek;74;1951;Şiran;Ceviz İçi;3;780,00;2340,00;2363,40;Kart;NA;gümüş;24,7;
100264;2;24.07.2025;Gümüşhane Çarşı;M-00591;YUSUF ŞİMŞEK;Erkek;74;1951;Şıran;Cevizli Pestil;3;400,00;1200,00;1212,00;Kredi Kartı;;Gumus;21,5;
100266;1;08.10.2024;Gümüşhane Çarşı;;misafir müşteri;;;;merkez;Kuru Dut;2;210,00;420,00;424,20;Havale/EFT;NA;;18,8;paketi sağlam yapın
100266;2;08.10.2024;Gümüşhane Çarşı;-;Misafir;Kadın;;;;Cevizli Pestil;2;310,00;620,00;626,20;Nakıt;bilinmiyor;;18,9;
100269;1;21.05.2025;Gümüşhane Çarşı;;misafir müşteri;;;;;Ceviz İçi;1;720,00;720,00;727,20;Nakıt;Çok İyi;;20,1;
100269;2;21.05.2025;Gümüşhane Çarşı;;;Kadın;;;;Dut (kuru);5;255,00;1275,00;1287,75;K.Kartı;-;;19,7;
100269;3;21/05/25;Gümüşhane Çarşı;-;;E;;;;Fındıklı Köme;3;405,00;1.215,00;1227,15;kk;;;?;
100271;1;27.07.2024;Gümüşhane Çarşı;M-00123;Hanife Karakaya;k;51;1973;Gurbet - Kocaeli;findikli kome;2;300,00;600,00;606,00;nakit;bilinmiyor;Altın;19,5;
100271;2;2024-07-27;Gümüşhane Çarşı;M-00123;Hanife Karakaya;K;51;1973;Kocaeli;Dut Pestili;1;220,00;220,00;222,20;Nakıt;bilinmiyor;ALTIN;22,1;
100274;1;03.08.2024;Gümüşhane Çarşı;0;-;Kadın;;;merkez;Ceviz İçi;3;560,00;1680,00;1696,80;Kredi Kartı;;;20,4;askere gidecek
100277;1;21.01.2024;Gümüşhane Çarşı;M-00708;Merve Aydın;K;61;1963;Merkez;Dut Pestili;1;185,00;185,00;186,85;nakit;Çok İyi;GÜMÜŞ;10,0;
100277;2;2024-01-21;Gümüşhane Çarşı;M-00708;Merve Aydın;Kadın;61;1963;Merkez;Karma Paket;1;690,00;690,00;696,90;Nakit;-;gümüş;9,1;
100280;1;02/07/24;Gümüşhane Çarşı;-;Misafir;Kadın;;;Merkez;pekmez;1;;265,00;267,65;Kredi Kartı;;;23,2;
100280;2;02.07.2024;Gümüşhane Çarşı;;misafir müşteri;Kadın;;;Merkez;Cevizli Pestil;4;285,00;1140,00;1151,40;nakit;çok i̇yi;;26,2;yurt dışı - valizde
100281;1;03.07.2024;Gümüşhane Çarşı;M-00855;Murat Akgün;;41;1983;ALMANYA;Cevizli Pestil;2;280,00;560,00;565,60;nakit;i̇yi;;24,8;
100282;1;08.02.2025 13:17;Gümüşhane Çarşı;M-00122;Ramazan Keskin;E;47;1978;Kelkit ;Cevizli sucuk (köme);4;400,00;1600,00;1.616,00;EFT;çok kötü;bronz;10,9;
100283;1;16.06.2024 19:18;Gümüşhane Çarşı;;;;;;;cevizli pestil;1;280,00;280,00;282,80;Kart;;;20,1;
100284;1;05.10.2024;Gümüşhane Çarşı;M-00318;Sevgi Coskun;Kadın;30;2026;Siran;Pestil 500gr;5;225,00;1125,00;1136,25;Nakıt;ORTA;Gümüş;-;
100285;1;08/04/25;Gümüşhane Çarşı;M-00732;Şerife Şimşek;K;69;1956;Merkez ;Köme;2;425,00;850,00;858,50;Kart;i̇yi;?;14,3;
100286;1;25 Kasım 2024;Gümüşhane Çarşı;M-00487;Gülsüm Şimşek;K;30;1994;Köse;Fındıklı Köme;3;330,00;990,00;999,90;POS;2;bronz;12,5;
100287;1;2024-12-28;Gümüşhane Çarşı;0;misafir müşteri;K;;;merkez;Ev Eriştesi;22;125,00;2750,00;2777,50;POS;5;;11,0;toptan - market siparişi
100287;2;28.12.2024;Gümüşhane Çarşı;-;;;;;;Dut Pekmezi;21;305,00;6.405,00;6.469,05;K.Kartı;İYİ;;9,2;toptan, lokanta
100288;1;2024-03-22;Gümüşhane Çarşı;MİSAFİR;misafir müşteri;Erkek;;;merkez;Kuru Dut;4;170,00;617,00;686,80;nakit;Cok Iyi;;13,0;yurt dışı - valizde
100288;2;22.03.2024;Gümüşhane Çarşı;;;Kadın;;;?;Kuşburnu Marmelatı;5;140,00;700,00;707,00;NAKİT;;;11,1;
100289;1;2024-08-19;Gümüşhane Çarşı;M-00713;Büşra  Öztürk ;Kadın;57;1967;Merkez;KÖME;2;350,00;700,00;707,00;KREDİ KARTI;4;Bronz;20,6;
100289;2;19.08.2024;Gümüşhane Çarşı;M-00713;Büşra Öztürk;K;57;1967;Şiran;Kuşburnu Marmelatı;3;160,00;480,00;484,80;KREDİ KARTI;İyi;?;19,6;
100290;1;20.11.2024;Gümüşhane Çarşı;M-00273;Furkan Çetin;Erkek;22;2002;Merkez;Ceviz İçi;2;600,00;1200,00;1212,00;Kart;4;Gumus;11,9;
100290;2;20.11.2024;Gümüşhane Çarşı;M-00273;Furkan Çetin;E;22;2002;Merkez;Yayla Balı;1;880,00;880,00;888,80;yok;İyi;Gümüş;11,2;paketi sağlam yapın
100291;1;22.05.2024;Gümüşhane Çarşı;M-00656;İbrahim Arslan;E;24;2000;Kürtün;Ceviz ici;3;500,00;1500,00;1.515,00;KREDİ KARTI;Kötü;Bronz;20,2;yurt dışı - valizde
100291;2;22.05.2024 18:21;Gümüşhane Çarşı;M-00656;Ibrahim Arslan;E;24;2000;Kürtün;Bal 850gr;3;760,00;2280,00;2.302,80;Nakıt;yok;Bronz;22,4;
100291;3;22.05.2024;Gümüşhane Çarşı;M-00656;İbrahim Arslan;E;24;2000;KÜRTÜN;Kuru Dut;2;185,00;370,00;373,70;Kart;Çok İyi;Bronz;18,4;
100294;1;10/11/24;Gümüşhane Çarşı;M-00781;HANİFE DOĞAN;;33;1991;KELKİT;Cevizli sucuk (köme);1;380,00;380,00;383,80;EFT;;Bronz;11,4;
100295;1;10.07.2025;Gümüşhane Çarşı;M-00885;Sultan Yildiz;K;78;1947;Gurbet - Bursa;Kuru Dut;1;275,00;275,00;277,75;Kart;4;Bronz;23,5;
100297;1;2024-04-22;Gümüşhane Çarşı;0;misafir müşteri;E;;;merkez;Fındıklı Köme;1;275,00;275,00;277,75;KREDİ KARTI;NA;;14,7;
100297;2;22.04.2024;Gümüşhane Çarşı;0;;;;;merkez;Köme;1;300,00;300,00;303,00;KREDİ KARTI;;;15,5;
100298;1;13.07.2024 19:52;Gümüşhane Çarşı;M-00286;Emine Tekin;Kadın;50;1974;Merkez;Dut Pestili;1;220,00;220,00;222,20;Kart;İyi;Bronz;21,2;
100298;2;13.07.2024;Gümüşhane Çarşı;M-00286;Emine Tekin;K;50;1974;Merkez;Ceviz ici;3;545,00;1.635,00;1651,35;Nakıt;i̇yi;Bronz;22,2;
100298;3;13.07.2024;Gümüşhane Çarşı;M-00286;Emine  Tekin ;Bayan;50;1974;GÜMÜŞHANE;Kuşburnu Marmelatı;3;155,00;465,00;469,65;Kredi Kartı;;Bronz;24,4;
100300;1;2024-03-02;Gümüşhane Çarşı;0;;Kadın;;;?;Yayla Balı;2;670,00;1340,00;1353,40;nakit;Orta;;10,5;
100300;2;02.03.2024;Gümüşhane Çarşı;;-;E;;;?;Ceviz İçi;4;485,00;1.940,00;1959,40;K.Kartı;İYİ;;9,3;
100303;1;15 Şubat 2024;Gümüşhane Çarşı;M-00016;Kemal Polat;;55;1969;Kelkit ;Fındıklı Köme;18;265,00;4770,00;4.817,70;Havale/EFT;;Bronz;7,6;Toptan (otel)
100303;2;15.02.2024;Gümüşhane Çarşı;M-00016;Kemal Polat;;55;1969;Kelkit;pestil;24;195,00;4680,00;4.726,80;nakit;Çok İyi;BRONZ;10,9;toptan, lokanta
100306;1;16.02.2025;Gümüşhane Çarşı;M-00448;Murat Şimşek;E;43;1982;Merkez;Dut Pekmezi;999;310,00;310,00;313,10;Havale;Cok Iyi;Bronz;11,9;
100306;1;16.02.2025;Gümüşhane Çarşı;M-00448;Murat Şimşek;E;43;1982;Merkez;Dut Pekmezi;999;310,00;310,00;313,10;Havale;Cok Iyi;Bronz;11,9;
100307;1;07.12.2024;Gümüşhane Çarşı;M-00656;İbrahim Arslan;E;24;2000;Kürtün;Dut Pestili;2;245,00;490,00;494,90;Nakit;Çok İyi;Bronz;15,3;
100307;2;7 Aralık 2024;Gümüşhane Çarşı;656;İbrahim Arslan;E;;2000;Kürtün;Cevizli Pestil;5;335,00;1.675,00;1691,75;KREDİ KARTI;İyi;Bronz;12,5;
100309;1;2025-08-01;Gümüşhane Çarşı;M-00354;Derya Keskin;K;43;1982;Şiran;PESTİL;1;300,00;300,00;303,00;K.Kartı;Çok İyi;Bronz;24,8;
100310;1;03.07.2025;Gümüşhane Çarşı;0;misafir müşteri;K;;;;Dut Pestili;1;290,00;290,00;292,90;K.Kartı;Çok İyi;;;
100311;1;29.09.2025;Gümüşhane Çarşı;-;misafir müşteri;Kadın;;;;Ceviz İçi;6;bilinmiyor;4770,00;4817,70;kk;4;;999,9;
100314;1;22.07.2025;Gümüşhane Çarşı;M-00532;CEMAL KOÇ;E;68;1957;TORUL;Kuru Dut;1;275,00;275,00;277,75;Kredi Kartı;İyi;gümüş;21,5;
100314;2;22.07.2025;Gümüşhane Çarşı;M-00532;Cemal Koç;E;68;1957;Torul;Ev Eriştesi;1;155,00;155,00;156,55;Kredi Kartı;Çok İyi;Gumus;21,4;
100314;3;22 Temmuz 2025;Gümüşhane Çarşı;M-00532;Cemal Koç;E;68;1957;Torul ;Karma Paket;1;1145,00;1.145,00;1156,45;Kart;İyi;Gümüş;26,4;
100315;1;11.08.2025;Gümüşhane Çarşı;M-00099;Merve Şimşek;K;58;1967;Merkez;Cevizli Pestil;4;400,00;1600,00;1616,00;K.Kartı;-;Bronz;21,0;
100318;1;2025-07-31;Gümüşhane Çarşı;M-00108;Zeki Altun;E;34;1991;Samsun;Köme;1;470,00;470,00;474,70;NA;Çok İyi;Altın;21,9;
100318;2;2025-07-31;Gümüşhane Çarşı;M-00108;ZEKİ ALTUN;E;34;1991;Samsun;cevizli pestil;2;405,00;810,00;818,10;Kart;;Altın;22,4;
100318;3;31.07.2025;Gümüşhane Çarşı;M-00108;Zeki Altun;;34;1991;Gurbet - Samsun;Ev Eriştesi;1;155,00;155,00;156,55;Kart;Cok Iyi;Altın;23,3;
100320;1;02.01.2025;Gümüşhane Çarşı;M-00253;Şükrü Karakaya;Erkek;63;1962;Merkez;Karma Paket;2;990,00;1980,00;1999,80;Havale;İyi;Altın;8,2;
100320;2;02.01.2025;Gümüşhane Çarşı;M-00253;ŞÜKRÜ KARAKAYA;e;63;1962;Merkez;Fındıklı Köme;3;bilinmiyor;1065,00;1.075,65;Kart;Cok Iyi;Altın;10,6;
100322;1;07.11.2024;Gümüşhane Çarşı;M-00540;FURKAN ARSLAN;Erkek;36;1988;merkez;Fındıklı sucuk;20;335,00;6.700,00;6767,00;havale;?;Gumus;14,0;toptan, lokanta
100322;2;07.11.2024;Gümüşhane Çarşı;M-00540;Furkan Arslan;e;36;1988;Merkez;Cevizli Sucuk;12;365,00;4380,00;4.423,80;K.Kartı;;Gümüş;13,1;toptan, lokanta
100322;3;07.11.2024;Gümüşhane Çarşı;M-00540;Furkan Arslan;E;36;1988;Merkez;Dut pekmezi 1 kg;13;285,00;3705,00;3.742,05;POS;Çok İyi;Gümüş;13,3;Toptan (otel)
100324;1;05/06/25;Gümüşhane Çarşı;M-00678;Hatice Demir;K;28;1997;GÜMÜŞHANE;Yayla Balı;3;1020,00;3.060,00;3090,60;kk;-;Bronz;NA;
100327;1;05/12/24;Gümüşhane Çarşı;M-00252;NURCAN AKGÜN;Kadın;24;2000;Siran;Cevizli Pestil;1;325,00;325,00;328,25;KREDİ KARTI;Çok İyi;Bronz;9,4;askere gidecek
100329;1;2024-11-06;Gümüşhane Çarşı;M-00415;Hatice Topal;Kadın;?;1968;MERKEZ;Dut Pestili;1;240,00;240,00;242,40;Nakıt;;Bronz;13,7;
100331;1;;Gümüşhane Çarşı;M-00330;Erol Yıldız;E;44;1981;Merkez;Pestil 500gr;1;265,00;265,00;267,65;K.Kartı;5;bronz;7,5;
100333;1;30.06.2024;Gümüşhane Çarşı;0;;;;;Merkez;cevizli pestil;1;280,00;280,00;282,80;Kart;?;;20,2;
100334;1;31.07.2024;Gümüşhane Çarşı;M-00388;Aysel Özdemir;k;47;1977;Kelkit;PESTİL;2;220,00;440,00;444,40;yok;ÇOK İYİ;Gümüş;21,9;
100335;1;16.04.2024;Gümüşhane Çarşı;MİSAFİR;;E;;;Merkez;pekmez;1;245,00;245,00;247,45;nakit;ÇOK İYİ;;16,6;
100335;2;16.04.2024;Gümüşhane Çarşı;MİSAFİR;;;;;Merkez;Cevizli Pestil;1;270,00;270,00;272,70;Kart;Çok İyi;;13,6;
100335;3;16 Nisan 2024;Gümüşhane Çarşı;;Misafir;E;;;;Pestil 500gr;5;195,00;975,00;984,75;K.Kartı;;;?;
100338;1;01.02.2024;Gümüşhane Çarşı;M-00721;NERMİN YILDIZ;Kadın;207;1996;ŞİRAN;Köme;1;285,00;285,00;287,85;kk;;Bronz;9,0;
100341;1;07/04/24;Gümüşhane Çarşı;M-00074;Ömer Uzun;e;52;1972;Merkez;Kuşburnu Marmelatı;4;145,00;580,00;585,80;NAKİT;;Bronz;11,8;
100344;1;26.11.2024;Gümüşhane Çarşı;M-00297;Havva Çetin;Kadın;66;1958;Kose;Ev Eriştesi;1;120,00;120,00;121,20;havale;Çok İyi;Altın;11,3;
100344;2;;Gümüşhane Çarşı;M-00297;Havva Çetin;K;66;1958;Köse;Ceviz İçi;1;605,00;605,00;611,05;Havale;orta;Altın;10,6;
100344;3;2024-11-26;Gümüşhane Çarşı;M-00297;Havva Çetin;Kadın;66;1958;Köse;Kuşburnu Marmelatı;2;170,00;340,00;343,40;Kredi Kartı;çok i̇yi;Altın;10,5;
100346;1;16.11.2024;Gümüşhane Çarşı;M-00507;Merve Ekinci;Bayan;39;1985;Merkez;Bal 850gr;2;845,00;1690,00;1706,90;Nakıt;yok;Bronz;8,8;
100346;2;16.11.2024 11:54;Gümüşhane Çarşı;M-00507;Merve Ekinci;Kadın;39;1985;merkez;Köme;2;370,00;740,00;747,40;Kredi Kartı;;bronz;13,1;İstanbul'a götürülecek
100349;1;19.02.2024;Gümüşhane Çarşı;M-00190;Zeynep Yılmaz;Kadın;24;2000;Köse;kusburnu marmelat;1;140,00;140,00;141,40;kk;Orta;Gümüş;10,7;
100350;1;07.06.2024;Gümüşhane Çarşı;M-00833;Hülya  Aydın ;K;55;1969;KELKİT;Eriste;4;100,00;400,00;404,00;NAKİT;Kötü;Gümüş;22,4;
100353;1;9 Ocak 2025;Gümüşhane Çarşı;M-00133;ÖMER KILIÇ;Erkek;31;1987;Merkez;Kuru Dut;2;220,00;440,00;444,40;Kredi Kartı;5;Bronz;11,3;
100355;1;25 Nisan 2024;Gümüşhane Çarşı;229;Hatice Keskin;K;62;1962;Şiran;Kuru Dut;24;180,00;4320,00;4363,20;Kredi Kartı;İyi;Bronz;yok;Toptan (otel)
100355;2;2024-04-25;Gümüşhane Çarşı;M-00229;Hatice Keskin;K;62;1962;Şiran;bal;13;725,00;9425,00;9519,25;POS;;NA;;toptan, lokanta
100356;1;17.07.2024;Gümüşhane Çarşı;0;Misafir;Kadın;;;?;Pestil-Köme Karma;2;830,00;1660,00;1676,60;POS;;;21,8;
100356;2;17.07.2024;Gümüşhane Çarşı;-;;Kadın;;;?;Dut Pekmezi;3;260,00;780,00;787,80;kk;Çok İyi;;21,1;
100358;1;29 Temmuz 2024;Gümüşhane Çarşı;560;Yaşar Güler;Erkek;32;1992;Torul;findikli kome;3;300,00;900,00;909,00;POS;NA;Bronz;21,8;
100356;2;17.07.2024;Gümüşhane Çarşı;-;;Kadın;;;?;Dut Pekmezi;3;260,00;780,00;787,80;kk;Çok İyi;;21,1;
100358;2;29.07.2024;Gümüşhane Çarşı;M-00560;Yaşar Güler;Erkek;32;1992;Torul;Ev Eriştesi;1;110,00;110,00;111,10;Kredi Kartı;Çok İyi;bronz;24,3;
100360;1;21.03.2024;Gümüşhane Çarşı;M-00614;Havva Polat;K;28;1996;Merkez;Ceviz İçi;2;480,00;960,00;969,60;KREDİ KARTI;;Gümüş;15,1;
100360;2;21.03.2024;Gümüşhane Çarşı;M-00614;Havva Polat;K;yok;1996;Merkez;Ev Eriştesi;1;95,00;95,00;95,95;Kredi Kartı;bilinmiyor;Gümüş;13,5;
100362;1;24.08.2024;Gümüşhane Çarşı;M-00238;Ali Doğan;E;62;1962;SAMSUN;Fındıklı Köme;2;315,00;630,00;636,30;Kredi Kartı;3;Gümüş;18,5;
100364;1;2024-03-23;Gümüşhane Çarşı;-;-;;;;merkez;cevizli pestil;1;260,00;260,00;262,60;Kart;İyi;;12,6;
100367;1;19.02.2025 16:03;Gümüşhane Çarşı;M-00019;ELİF ŞİMŞEK;K;36;1989;Şiran;Dut Pestili;1;260,00;260,00;262,60;Nakıt;?;Bronz;12,4;
100368;1;06.06.2024;Gümüşhane Çarşı;M-00560;YAŞAR GÜLER;E;32;1992;Torul;Eriste;1;105,00;105,00;106,05;POS;5;Bronz;;
100368;2;06.06.2024;Gümüşhane Çarşı;M-00560;YAŞAR GÜLER;Bay;32;1992;torul;Dut Pestili;2;210,00;420,00;424,20;Nakit;Cok Iyi;Bronz;20,7;
100370;1;15.06.2024;Gümüşhane Çarşı;M-00443;Hasan Akgün;E;64;1960;Köse;findikli kome;3;290,00;870,00;878,70;Kredi Kartı;Iyi;Bronz;23,0;
100370;2;15/06/24;Gümüşhane Çarşı;M-00443;Hasan Akgün;E;64;1960;Köse;erişte;1;105,00;105,00;106,05;KREDİ KARTI;NA;Bronz;20,5;
100372;1;19/06/24;Gümüşhane Çarşı;MİSAFİR;-;;;;;Ceviz İçi;1;525,00;525,00;530,25;K.Kartı;i̇yi;;22,2;
100372;1;19/06/24;Gümüşhane Çarşı;MİSAFİR;- ;;;;;ceviz i̇çi;1;525,00;525,00;530,25;K.Kartı;i̇yi;;22,2;
100372;2;19 Haziran 2024;Gümüşhane Çarşı;-;Misafir;E;;;?;Cevizli Pestil;3;270,00;810,00;818,10;NAKİT;-;;21,4;
100373;1;05.08.2025;Gümüşhane Çarşı;;Misafir;Erkek;;;;Ceviz ici;1;780,00;780,00;787,80;Havale;ÇOK İYİ;;23,1;
100376;1;16.04.2025;Gümüşhane Çarşı;M-00178;OSMAN TEKİN;E;41;1984;Köse;Yayla Balı;1;1.005,00;1005,00;1015,05;Nakit;Çok İyi;Bronz;17,1;
100376;2;16.04.2025;Gümüşhane Çarşı;178;Osman Tekin;Erkek;41;1984;Köse;Dut Pestili;5;270,00;1350,00;1.363,50;K.Kartı;;Bronz;16,0;
100376;3;2025-04-16;Gümüşhane Çarşı;M-00178;Osman Tekin;;41;2026;Köse;Dut Pekmezi;2;335,00;670,00;676,70;KREDİ KARTI;İyi;Bronz;14,6;
100377;1;2024-11-19;Gümüşhane Çarşı;M-00897;Hanife Bulut;K;66;1958;Merkez;köme 500gr;1;385,00;385,00;388,85;NAKİT;Çok İyi;bronz;13,1;
100378;1;21.03.2024;Gümüşhane Çarşı;-;Misafir;Erkek;;;Merkez;Dut Pestili;1;190,00;190,00;191,90;Nakıt;Iyi;;12,1;veresiye
100381;1;28 Mayıs 2025;Gümüşhane Çarşı;M-00542;Havva Karakaya;K;71;1954;GÜMÜŞHANE;Yayla Balı;5;1050,00;5.250,00;5302,50;;yok;altın;20,6;
100381;2;28.05.2025;Gümüşhane Çarşı;M-00542;HAVVA KARAKAYA;K;71;1954;Merkez;Ev Eriştesi;2;145,00;290,00;292,90;Kart;bilinmiyor;altın;21,4;
100381;3;28.05.2025;Gümüşhane Çarşı;M-00542;Havva Karakaya;K;71;1954;Merkez;Dut Pestili;1;290,00;290,00;292,90;Nakıt;4;Altin;18,7;
100384;1;12.09.2025 18:29;Gümüşhane Çarşı;;-;;;;;Kuşburnu Marmelatı;1;235,00;235,00;237,35;Kredi Kartı;NA;;20,0;
100384;2;2025-09-12;Gümüşhane Çarşı;0;-;Kadın;;;Merkez;Karma Paket;1;1.195,00;1195,00;1206,95;kk;ORTA;;21,0;
100386;1;07.10.2024;Gümüşhane Çarşı;MİSAFİR;misafir müşteri;Erkek;;;?;Cevizli Pestil;6;315,00;1.890,00;1908,90;Nakıt;4;;18,4;
100386;1;07.10.2024;Gümüşhane Çarşı;MİSAFİR;misafir müşteri ;Erkek;;;?;cevizli pestil;6;315,00;1.890,00;1908,90;Nakıt;4;;18,4;
100386;2;07.10.2024 11:10;Gümüşhane Çarşı;-;;;;;merkez;Dut (kuru);1;205,00;205,00;207,05;POS;4;;16,3;
100389;1;2025-02-20;Gümüşhane Çarşı;M-00049;Emine Kurt;Kadın;41;1984;Şiran;kuru dut;1;230,00;230,00;232,30;?;-;Bronz;8,3;
100389;2;2025-02-20;Gümüşhane Çarşı;M-00049;EMİNE KURT;Kadın;41;1984;Şiran;Pestil (cevizli);1;355,00;355,00;358,55;kk;ÇOK KÖTÜ;Bronz;10,4;
100389;3;20.02.2025;Gümüşhane Çarşı;M-00049;Emine Kurt;K;41;1984;şiran;Ev Eriştesi;3;130,00;390,00;393,90;nakit;Kötü;Bronz;12,4;
100390;1;06.02.2025;Gümüşhane Çarşı;M-00620;Hasan Aydın;E;62;1963;Merkez;Ceviz İçi;1;655,00;655,00;661,55;nakit;Çok İyi;Gümüş;8,2;
100393;1;21.06.2024;Gümüşhane Çarşı;M-00163;Yusuf Kaya;Erkek;-;1998;Merkez;Karma Paket;1;835,00;835,00;843,35;havale;?;Bronz;22,7;
100396;1;2024-11-13;Gümüşhane Çarşı;M-00713;Büşra Öztürk;k;57;1967;Merkez ;Fındıklı Köme;1;330,00;330,00;333,30;K.Kartı;?;Bronz;11,6;
100397;1;07.06.2024;Gümüşhane Çarşı;M-00388;Aysel Özdemir;K;47;1977;kelkit;Fındıklı Köme;1;285,00;285,00;287,85;POS;bilinmiyor;Gümüş;21,2;
100400;1;2025-03-01;Gümüşhane Çarşı;M-00174;Zeynep Karakaya;K;36;1989;Merkez;Dut Pestili;1;265,00;265,00;267,65;kk;ORTA;Bronz;10,6;
100393;1;21.06.2024;Gümüşhane Çarşı;M-00163;Yusuf Kaya;Erkek;-;1998;Merkez;Karma Paket;1;835,00;835,00;843,35;havale;?;Bronz;22,7;
100401;1;14.08.2025;Gümüşhane Çarşı;M-00639;Nurcan Şahin;Kadın;44;1981;Şiran;Eriste;1;155,00;155,00;156,55;kk;Çok İyi;Gumus;23,0;
100401;2;14.08.2025;Gümüşhane Çarşı;M-00639;Nurcan Şahin;K;44;1981;Şiran;Pestil-Köme Karma;1;1.180,00;1180,00;1191,80;Kart;;Gümüş;22,1;
100402;1;24.03.2025;Gümüşhane Çarşı;MİSAFİR;;Kadın;;;;Dut Pekmezi;3;340,00;1.020,00;1030,20;nakit;;;13,5;
100403;1;23.12.2024 19:21;Gümüşhane Çarşı;0;-;Kadın;;;;ceviz;1;610,00;610,00;616,10;Kredi Kartı;?;;10,9;
100406;1;2024-10-21;Gümüşhane Çarşı;M-00296;Havva Karataş;k;74;1950;şiran;Karma Paket;1;885,00;885,00;893,85;nakit;NA;Altın;17,5;
100406;2;21.10.2024;Gümüşhane Çarşı;M-00296;HAVVA KARATAŞ;K;74;1950;Şiran;Kuru Dut;1;215,00;215,00;217,15;K.Kartı;İyi;Altın;17,5;
100409;1;16.01.2024;Gümüşhane Çarşı;;-;Erkek;;;;Kuşburnu Marmelatı;6;135,00;810,00;818,10;Kredi Kartı;İyi;;9,3;
100411;1;;Gümüşhane Çarşı;M-00247;HÜLYA ASLAN;K;42;1982;Kelkit;cevizli pestil;2;315,00;630,00;636,30;K.Kartı;;Bronz;15,2;
100412;1;18.02.2024;Gümüşhane Çarşı;;-;Kadın;;;?;Kuşburnu Marmelatı;2;140,00;280,00;282,80;kk;Kotu;;10,6;yurt dışı - valizde
100412;2;2024-02-18;Gümüşhane Çarşı;0;;;;;?;Fındıklı Köme;1;260,00;260,00;262,60;K.Kartı;;;11,1;
100414;1;02.02.2024;Gümüşhane Çarşı;M-00698;İbrahim Erdoğan;;20;2004;GÜMÜŞHANE;Kuşburnu Marmelatı;1;135,00;135,00;136,35;kk;yok;BRONZ;7,1;
100414;2;2024-02-02;Gümüşhane Çarşı;M-00698;İbrahim Erdoğan;E;20;2004;Merkez;Cevizli Pestil;1;250,00;250,00;252,50;Kredi Kartı;İyi;Bronz;9,2;İstanbul'a götürülecek
100417;1;2025-08-16;Gümüşhane Çarşı;M-00022;Sultan Koc;K;38;1987;Merkez;Fındıklı sucuk;3;415,00;1.245,00;1.257,45;K.Kartı;i̇yi;Bronz;20,5;
100417;2;2025-08-16;Gümüşhane Çarşı;M-00022;Sultan Koç;K;38;1987;Merkez;Cevizli Pestil;2;425,00;850,00;858,50;EFT;Çok İyi;;20,0;
100417;3;16.08.2025;Gümüşhane Çarşı;M-00022;Sultan Koç;K;38;1987;Merkez;Kuru Dut;3;270,00;810,00;818,10;POS;;Bronz;22,8;
100420;1;2024-07-16;Gümüşhane Çarşı;M-00252;Nurcan Akgün;Bayan;24;1988;Şiran;Kuşburnu;2;150,00;300,00;303,00;Kredi Kartı;i̇yi;Bronz;18,2;
100420;2;16.07.2024;Gümüşhane Çarşı;M-00252;Nurcan Akgün;k;24;2000;Şiran;Ceviz İçi;1;yok;555,00;560,55;KREDİ KARTI;çok i̇yi;Bronz;20,5;
100422;1;2024-03-01;Gümüşhane Çarşı;M-00317;Elif  Coşkun ;Kadın;50;1974;Kürtün;Fındıklı sucuk;1;270,00;270,00;272,70;Kart;yok;Bronz;8,7;
100422;2;2024-03-01;Gümüşhane Çarşı;M-00317;ELİF COŞKUN;K;50;1974;Kürtün;Dut Pekmezi;1;235,00;235,00;237,35;KREDİ KARTI;Orta;Bronz;;
100423;1;11.07.2024;Gümüşhane Çarşı;M-00579;Mustafa Keskin;;46;1978;Kelkıt;Ceviz İçi;3;52500,00;1.575,00;1.590,75;Kart;ORTA;Bronz;?;
100423;2;11.07.2024 15:30;Gümüşhane Çarşı;M-00579;Mustafa Keskin;E;46;1978;Kelkit;Yayla Balı;999;780,00;1560,00;1.575,60;K.Kartı;;Bronz;22,5;paketi sağlam yapın
100424;1;27/08/24;Gümüşhane Çarşı;M-00718;Hülya Öztürk;k;77;1947;Almanya;Ceviz İçi;1;550,00;550,00;555,50;Nakit;Çok İyi;;22,0;
100425;1;2024-05-05;Gümüşhane Çarşı;0;Misafir;Kadın;;;merkez;cevizli pestil;12;270,00;3240,00;3.272,40;Kredi Kartı;İyi;;16,3;Toptan (otel)
100427;1;8 Haziran 2024;Gümüşhane Çarşı;831;Hanife Kılıç;Kadın;79;1945;Merkez;Köme;5;330,00;1650,00;1666,50;nakit;i̇yi;Bronz;21,1;
100427;2;08/06/24;Gümüşhane Çarşı;M-00831;Hanife Kılıç;;79;1945;Gümüşhane Merkez;Ev Eriştesi;3;105,00;315,00;318,15;kk;İyi;Bronz;23,5;
100430;1;27.07.2024;Gümüşhane Çarşı;;misafir müşteri;K;;;merkez;Cevizli Pestil;2;295,00;590,00;595,90;NAKİT;?;;21,9;
100433;1;20.09.2024;Gümüşhane Çarşı;M-00226;Esra Özdemir;K;62;1962;Merkez;Karma Paket;1;865,00;865,00;873,65;EFT;Çok İyi;Gümüş;18,4;
100435;1;14.07.2025;Gümüşhane Çarşı;M-00484;Sevgi Kurt;K;72;1953;İstanbul (gurbetçi);Köme;3;470,00;1410,00;1424,10;Kart;4;Bronz;22,3;
100435;2;14.07.2025;Gümüşhane Çarşı;M-00484;Sevgi Kurt;K;72;1953;Gurbet - İstanbul;kusburnu marmelat;1;215,00;215,00;217,15;nakit;5;Bronz;23,8;
100437;1;05.02.2024;Gümüşhane Çarşı;M-00219;Nermin Doğan;Kadın;74;1950;Köse;Ceviz İçi;1;460,00;460,00;464,60;K.Kartı;NA;GÜMÜŞ;7,4;
100437;2;05.02.2024;Gümüşhane Çarşı;M-00219;NERMİN DOĞAN;K;74;1950;Köse;cevizli pestil;2;240,00;480,00;484,80;-;Çok İyi;Gümüş;6,0;
100438;1;2025-09-23;Gümüşhane Çarşı;613;KADİR BULUT;E;73;1952;merkez;Kuru Dut;1;280,00;280,00;282,80;Kredi Kartı;;Altın;18,6;
100438;2;23.09.2025;Gümüşhane Çarşı;M-00613;Kadir Bulut;E;73;1952;Merkez;Köme;1;510,00;510,00;515,10;Havale;orta;Altın;20,5;
100438;3;23.09.2025;Gümüşhane Çarşı;M-00613;Kadir Bulut;Erkek;1;1952;Merkez;Ceviz İçi;1;775,00;775,00;782,75;KREDİ KARTI;-;Altın;20,3;hediye paketi
100439;1;20 Şubat 2025;Gümüşhane Çarşı;360;Ayşe Yıldız;K;61;1964;Kürtün;Dut Pestili;3;255,00;765,00;772,65;Kart;i̇yi;;6,8;
100438;2;23.09.2025;Gümüşhane Çarşı;M-00613;Kadir Bulut;E;73;1952;Merkez;Köme;1;510,00;510,00;515,10;Havale;orta;Altın;20,5;
100439;2;20.02.2025;Gümüşhane Çarşı;M-00360;Ayse Yildiz;Bayan;61;1964;Kürtün;Kuru Dut;1;235,00;235,00;237,35;havale;Kötü;bilinmiyor;9,4;
100438;3;23.09.2025;Gümüşhane Çarşı;M-00613;Kadir Bulut;Erkek;1;1952;Merkez;Ceviz İçi;1;775,00;775,00;782,75;KREDİ KARTI;-;Altın;20,3;hediye paketi
100439;3;2025-02-20;Gümüşhane Çarşı;M-00360;Ayşe Yıldız;Kadın;61;1964;Kürtün;Cevizli Pestil;1;360,00;360,00;363,60;kk;;Bronz;12,1;
100439;3;2025-02-20;Gümüşhane Çarşı;M-00360;Ayşe Yıldız ;Kadın;61;1964;Kürtün;cevizli pestil;1;360,00;360,00;363,60;kk;;Bronz;12,1;
100441;1;19.07.2025;Gümüşhane Çarşı;581;Cemal Tekin;Bay;53;1972;Köse;Fındıklı Köme;6;410,00;2.460,00;2.484,60;Havale;Orta;Gümüş;;
100441;2;19.07.2025;Gümüşhane Çarşı;M-00581;Cemal Tekin;;53;1972;Köse;Ev Eriştesi;1;155,00;155,00;156,55;Nakıt;ORTA;Gümüş;22,4;
100441;3;19.07.2025;Gümüşhane Çarşı;M-00581;Cemal Tekin;E;53;1972;Köse;Kuru Dut;2;260,00;520,00;525,20;NAKİT;Orta;Gümüş;bilinmiyor;
100443;1;5 Ocak 2024;Gümüşhane Çarşı;M-00745;Merve  Coşkun ;K;25;1999;Merkez;Ceviz İçi;5;450,00;2250,00;2272,50;EFT;;Bronz;7,4;
100445;1;08.06.2024;Gümüşhane Çarşı;MİSAFİR;;Erkek;;;merkez;KÖME;2;315,00;630,00;636,30;POS;İyi;;22,3;
100445;2;08.06.2024 13:15;Gümüşhane Çarşı;;Misafir;;;;Merkez;Kuşburnu Marmelatı;1;150,00;150,00;151,50;K.Kartı;bilinmiyor;;16,8;
100445;3;;Gümüşhane Çarşı;MİSAFİR;misafir müşteri;Erkek;;;;Ev Eriştesi;1;105,00;105,00;106,05;Kredi Kartı;?;;20,5;
100446;1;23.02.2024;Gümüşhane Çarşı;M-00151;HÜLYA ÇELİK;K;36;1988;Merkez;cevizli pestil;3;245,00;735,00;742,35;nakit;Çok İyi;Bronz;7,4;
100449;1;05.09.2024;Gümüşhane Çarşı;M-00212;ÖMER YILMAZ;E;52;1972;Merkez;Ceviz İçi;2;570,00;1140,00;1151,40;Kart;-;Gümüş;20,5;
100450;1;15.11.2024;Gümüşhane Çarşı;M-00522;Kadir Yılmaz;E;72;1952;Merkez;Fındıklı sucuk;2;340,00;680,00;686,80;NAKİT;-;Bronz;13,7;
100450;2;15.11.2024;Gümüşhane Çarşı;M-00522;Kadir Yılmaz;E;72;1967;Merkez;Dut Pestili;1;245,00;245,00;247,45;nakit;;Bronz;11,4;
100450;3;2024-11-15;Gümüşhane Çarşı;522;Kadir Yılmaz;E;72;1952;Merkez;köme 500gr;1;385,00;385,00;388,85;kk;;Bronz;14,6;
100452;1;;Gümüşhane Çarşı;-;;K;;;Merkez;ceviz;1;775,00;775,00;782,75;Nakıt;yok;;24,9;
100454;1;2024-04-29;Gümüşhane Çarşı;M-00542;Havva Karakaya;Kadın;70;1954;Torul;Kuşburnu Marmelatı;5;145,00;725,00;732,25;nakit;;Altın;17,7;
100455;1;02/06/25;Gümüşhane Çarşı;M-00056;Merve Erdoğan;K;21;2004;Köse;Dut Pekmezi;1;355,00;355,00;358,55;K.Kartı;bilinmiyor;;19,2;
100455;2;2025-06-02;Gümüşhane Çarşı;M-00056;Merve Erdoğan;K;21;2004;Köse;Cevizli Pestil;2;385,00;770,00;777,70;Nakıt;İyi;Bronz;21,7;
100458;1;02.03.2024;Gümüşhane Çarşı;M-00532;Cemal Koç;Erkek;67;1957;Torul;Köme;5;300,00;1500,00;1515,00;Kredi Kartı;?;Gümüş;10,4;
100461;1;31.08.2024;Gümüşhane Çarşı;0;;;;;;Dut Pekmezi;1;27500,00;275,00;277,75;KREDİ KARTI;4;;;
100461;2;31.08.2024;Gümüşhane Çarşı;0;misafir müşteri;Kadın;;;merkez;Yayla Balı;4;815,00;3.260,00;3292,60;Havale;orta;;18,4;
100463;1;04/08/25;Gümüşhane Çarşı;M-00692;İbrahim Kaya;E;66;1959;Merkez;Dut Pekmezi;6;380,00;2.280,00;2.302,80;POS;;Gümüş;25,7;
100464;1;09.01.2024 12:49;Gümüşhane Çarşı;M-00540;Furkan Arslan;E;36;1988;Merkez;Köme;3;280,00;840,00;848,40;NAKİT;çok i̇yi;Gümüş;7,4;
100466;1;14.05.2024;Gümüşhane Çarşı;M-00700;Zeynep Akgün;K;77;1947;Merkez;Pestil (cevizli);3;270,00;810,00;818,10;Havale;-;Bronz;17,2;
100467;1;13.03.2024;Gümüşhane Çarşı;M-00482;Ayşe Coşkun;K;65;1959;Merkez;Yayla Balı;2;685,00;1370,00;1383,70;Havale;orta;Gümüş;9,8;
100470;1;10 Şubat 2024;Gümüşhane Çarşı;M-00563;Gülsüm Doğan;k;67;1957;Merkez;Köme;5;280,00;1400,00;1414,00;havale;yok;Bronz;7,4;
100471;1;2024-11-08;Gümüşhane Çarşı;M-00018;Ayşe Akgün;K;68;1956;Merkez;Kuşburnu;2;175,00;350,00;353,50;NAKİT;;Gümüş;12,9;
100474;1;10.12.2024;Gümüşhane Çarşı;M-00333;Ercan Güler;Bay;52;1972;Merkez ;Ceviz İçi;2;625,00;1.250,00;1262,50;nakit;yok;Bronz;13,5;
100474;2;10.12.2024;Gümüşhane Çarşı;M-00333;Ercan Güler;Erkek;52;1972;Merkez;Kuşburnu Marmelatı;1;175,00;175,00;176,75;Kredi Kartı;;Bronz;11,4;
100475;1;09.01.2025;Gümüşhane Çarşı;318;Sevgi Coşkun;Kadın;31;1994;Şiran;Cevizli Sucuk;1;390,00;390,00;393,90;kk;Çok İyi;Gumus;9,3;
100475;2;09.01.2025;Gümüşhane Çarşı;M-00318;Sevgi Coşkun;Kadın;31;1994;Şiran;PESTİL;1;245,00;245,00;247,45;yok;;Gumus;12,1;
100478;1;19.05.2024;Gümüşhane Çarşı;M-00015;Ömer Keskin;E;36;1988;Kürtün;Cevizli Pestil;1;280,00;280,00;282,80;KREDİ KARTI;Cok Kotu;Bronz;17,6;
100481;1;31/08/24;Gümüşhane Çarşı;M-00248;Derya Ozturk;Kadın;31;1993;Torul;Köme;1;360,00;360,00;363,60;Nakit;İYİ;;19,5;
100481;2;31 Ağustos 2024;Gümüşhane Çarşı;M-00248;Derya Öztürk;Kadın;31;1993;Torul;Dut Pekmezi;1;270,00;540,00;272,70;NAKİT;bilinmiyor;Gümüş;19,7;
100482;1;2024-12-22;Gümüşhane Çarşı;0;misafir müşteri;Erkek;;;Merkez;Fındıklı Köme;1;345,00;345,00;348,45;kk;İyi;;8,5;
100482;2;22.12.2024;Gümüşhane Çarşı;-;-;;;;merkez;Dut Pekmezi;5;305,00;1525,00;1.540,25;Kredi Kartı;yok;;9,1;
100485;1;24.06.2024;Gümüşhane Çarşı;M-00747;Havva  Kara ;k;58;1966;Şiran;Kuşburnu Marmelatı;2;150,00;300,00;303,00;kk;-;Bronz;24,2;
;;;Gümüşhane Çarşı;;;;;;;;;;;;;;;;
100485;2;24.06.2024;Gümüşhane Çarşı;M-00747;Havva Kara;K;58;1966;Şiran;cevizli pestil;1;275,00;275,00;277,75;EFT;3;Bronz;21,5;
100485;3;2024-06-24;Gümüşhane Çarşı;M-00747;Havva Kara;K;58;1966;Şiran;Yayla Balı;1;745,00;745,00;752,45;Havale;İyi;Bronz;22,1;
100488;1;26.11.2024;Gümüşhane Çarşı;M-00873;ALİ UZUN;Bay;NA;1969;Merkez;Dut Pekmezi;1;305,00;305,00;308,05;K.Kartı;İyi;Gümüş;10,3;
100488;2;26.11.2024;Gümüşhane Çarşı;M-00873;Ali Uzun;Erkek;55;1969;Merkez;cevizli pestil;1;315,00;315,00;318,15;Nakit;Çok İyi;GÜMÜŞ;250,0;
100488;3;26.11.2024;Gümüşhane Çarşı;M-00873;ALİ UZUN;E;55;2207;Merkez;kuru dut;1;210,00;210,00;212,10;NAKİT;NA;Gümüş;12,0;yarısı sonra ödenecek
100491;1;05.11.2024;Gümüşhane Çarşı;-;;;;;Merkez;Cevizli Pestil;1;315,00;315,00;318,15;Kredi Kartı;i̇yi;;13,4;İstanbul'a götürülecek
100491;2;05/11/24;Gümüşhane Çarşı;MİSAFİR;misafir müşteri;Erkek;;;;Köme;3;360,00;1080,00;1090,80;Kart;İyi;;17,3;
100494;1;16/07/24;Gümüşhane Çarşı;M-00588;Hasan Akgün;E;64;1960;Erzurum;Cevizli Pestil;2;285,00;865,00;575,70;Kredi Kartı;bilinmiyor;Bronz;22,9;
100494;2;16 Temmuz 2024;Gümüşhane Çarşı;M-00588;Hasan Akgün;E;64;1960;ERZURUM;Dut Pekmezi;1;260,00;260,00;262,60;NAKİT;;Bronz;19,9;
100495;1;2024-08-27;Gümüşhane Çarşı;107;SULTAN DOĞAN;k;27;1997;torul;Kuşburnu;1;160,00;160,00;161,60;Kredi Kartı;;Gümüş;22,5;
100495;2;27.08.2024 12:01;Gümüşhane Çarşı;M-00107;SULTAN DOĞAN;Kadın;27;1997;Torul;Karma Paket;2;850,00;1700,00;1717,00;POS;İyi;Gümüş;21,6;
100497;1;24.08.2024;Gümüşhane Çarşı;;-;E;;;;Kuru Dut;12;195,00;2340,00;2.363,40;Nakıt;;;23,1;Toptan (otel)
100497;2;24 Ağustos 2024;Gümüşhane Çarşı;-;misafir müşteri;K;;;;Cevizli Pestil;18;300,00;5400,00;5454,00;Kredi Kartı;3;;22,5;Toptan (otel)
100500;1;07.09.2024;Gümüşhane Çarşı;M-00378;İBRAHİM GÜMÜŞ;E;74;1950;Şiran;pestil;1;230,00;230,00;232,30;K.Kartı;İyi;Gümüş;19,1;
100502;1;22.08.2025;Gümüşhane Çarşı;M-00414;Zeynep Karataş;K;54;1971;Kelkit;Cevizli Pestil;1;415,00;415,00;419,15;Nakıt;Çok İyi;Altin;22,5;
100505;1;14 Kasım 2024;Gümüşhane Çarşı;M-00565;Elif Çelik;Kadın;49;1975;Gumushane;Fındıklı Köme;1;340,00;340,00;343,40;Nakıt;yok;Bronz;12,7;
100506;1;24/05/24;Gümüşhane Çarşı;0;Misafir;Erkek;;;?;Fındıklı sucuk;6;285,00;1710,00;1727,10;KREDİ KARTI;Iyi;;16,9;
100507;1;2024-08-28;Gümüşhane Çarşı;M-00472;YAŞAR AYDIN;E;71;1953;GÜMÜŞHANE;Kuşburnu Marmelatı;2;165,00;330,00;333,30;EFT;NA;ALTIN;20,4;
100507;2;2024-08-28;Gümüşhane Çarşı;472;Yaşar Aydın;E;71;1953;Merkez;Ev Eriştesi;2;115,00;230,00;232,30;kk;;Altın;21,2;
100507;3;28/08/24;Gümüşhane Çarşı;M-00472;Yaşar Aydın;Bay;71;1953;Merkez;Fındıklı sucuk;1;310,00;310,00;313,10;Nakit;Kötü;Altın;25,1;
100509;1;27.02.2025;Gümüşhane Çarşı;M-00838;Ayse Koc;Kadın;70;1955;Kürtün;Bal 850gr;2;970,00;1940,00;1959,40;Nakıt;?;Gümüş;11,7;yurt dışı - valizde
100509;2;27.02.2025;Gümüşhane Çarşı;M-00838;AYŞE KOÇ;K;70;1955;Kürtün;erişte;5;135,00;675,00;681,75;KREDİ KARTI;;Gümüş;11,1;
100510;1;15/05/25;Gümüşhane Çarşı;M-00015;Ömer Keskin;E;37;1988;Kürtün;Kuşburnu;2;205,00;410,00;414,10;kk;yok;Bronz;18,2;
100510;2;15/05/25;Gümüşhane Çarşı;M-00015;Ömer Keskin;;37;1988;KÜRTÜN;Pestil 500gr;2;285,00;570,00;575,70;EFT;-;Bronz;17,5;
100510;3;2025-05-15;Gümüşhane Çarşı;M-00015;Omer Keskin;;37;1988;KÜRTÜN;Fındıklı Köme;1;395,00;395,00;398,95;havale;İyi;Bronz;19,1;
100513;1;2024-06-15;Gümüşhane Çarşı;M-00219;Nermin Doğan;K;74;1950;Köse;Kuru Dut;2;180,00;360,00;363,60;kk;Çok İyi;Gümüş;;
100513;2;15.06.2024;Gümüşhane Çarşı;M-00219;Nermin Doğan;Kadın;74;1950;Köse;ceviz;1;520,00;520,00;525,20;NAKİT;NA;Gumus;20,0;
100515;1;06.02.2024;Gümüşhane Çarşı;M-00732;Şerife Şimşek;K;207;1956;Merkez;Pestil (cevizli);2;255,00;510,00;515,10;kk;?;Altın;12,1;
100518;1;23 Haziran 2024;Gümüşhane Çarşı;M-00783;OSMAN DOĞAN;E;27;1997;Merkez;karma pkt;2;830,00;1.660,00;1676,60;Nakit;Cok Iyi;Bronz;20,8;askere gidecek
100518;2;23.06.2024;Gümüşhane Çarşı;783;OSMAN DOĞAN;E;27;1997;Merkez;Yayla Balı;1;755,00;755,00;762,55;kk;İyi;Bronz;22,6;
100521;1;05.08.2024 17:38;Gümüşhane Çarşı;M-00180;Şerife Yıldız;k;56;1968;Ankara;Ev Eriştesi;6;110,00;660,00;666,60;POS;5;Bronz;20,8;
100521;2;2024-08-05;Gümüşhane Çarşı;M-00180;Şerife Yıldız;k;56;1968;Ankara (gurbetçi);Köme;1;345,00;345,00;348,45;POS;;bilinmiyor;23,3;
100521;3;05/08/24;Gümüşhane Çarşı;M-00180;Şerife Yıldız;K;999;1968;ANKARA;Fındıklı Köme;1;295,00;295,00;297,95;Nakıt;yok;Bronz;20,5;
100524;1;19.08.2024;Gümüşhane Çarşı;146;HASAN YILDIZ;;44;1980;Gurbet - Bursa;Kome;4;345,00;1380,00;1393,80;Kredi Kartı;çok i̇yi;Gümüş;22,0;
100524;2;19.08.2024;Gümüşhane Çarşı;M-00146;Hasan Yıldız;Erkek;44;1980;Gurbet - Bursa;Cevizli Pestil;2;295,00;590,00;595,90;POS;kötü;Gümüş;21,7;
100526;1;2025-09-30;Gümüşhane Çarşı;;;;;;merkez;Kuru Dut;1;290,00;290,00;292,90;Kart;Çok İyi;;17,9;
100527;1;20.08.2024;Gümüşhane Çarşı;M-00284;Ercan Bayram;E;54;1963;Merkez;Dut Pekmezi;2;280,00;560,00;565,60;POS;i̇yi;Gumus;25,0;
100530;1;08.05.2024;Gümüşhane Çarşı;-;-;E;;;?;Karma Paket;1;785,00;785,00;792,85;NAKİT;5;;18,4;
100530;2;08.05.2024;Gümüşhane Çarşı;;-;K;;;Merkez;Fındıklı Köme;1;275,00;275,00;277,75;Havale;i̇yi;;20,6;
100532;1;20/02/24;Gümüşhane Çarşı;M-00296;HAVVA KARATAŞ;K;74;1950;Şiran;Cevizli Sucuk;1;290,00;290,00;292,90;K.Kartı;ORTA;Altin;10,3;
100534;1;19.08.2025;Gümüşhane Çarşı;M-00571;ÖMER ARSLAN;E;30;1995;torul;Fındıklı Köme;1;440,00;440,00;444,40;Nakit;i̇yi;Gümüş;20,9;
100535;1;10 Nisan 2025;Gümüşhane Çarşı;M-00756;DERYA KARAKAYA;Kadın;40;1985;ŞİRAN;erişte;1;135,00;135,00;136,35;KREDİ KARTI;?;Altın;14,0;
100535;2;10.04.2025;Gümüşhane Çarşı;M-00756;Derya  Karakaya ;K;40;1985;Şiran;Kuru Dut;2;240,00;480,00;484,80;POS;Çok İyi;Altın;14,9;
100535;3;10.04.2025;Gümüşhane Çarşı;M-00756;Derya Karakaya;;40;1985;Şiran;Ceviz İçi;2;685,00;1370,00;1383,70;havale;ÇOK İYİ;Altin;15,1;
100536;1;24.10.2024;Gümüşhane Çarşı;MİSAFİR;misafir müşteri;E;;;merkez;karma pkt;1;925,00;925,00;934,25;KREDİ KARTI;bilinmiyor;;14,5;
100536;2;24.10.2024;Gümüşhane Çarşı;MİSAFİR;misafir müşteri;;;;Merkez;Köme;5;380,00;1.900,00;1919,00;POS;;;17,6;bayram siparişi
100536;3;24.10.2024;Gümüşhane Çarşı;0;;E;;;Merkez;Ev Eriştesi;1;115,00;115,00;116,15;POS;Çok İyi;;16,2;
100537;1;06.02.2024;Gümüşhane Çarşı;M-00331;KADİR ÖZTÜRK;E;65;1959;kelkit;Kuşburnu Marmelatı;1;135,00;135,00;136,35;Nakıt;bilinmiyor;Bronz;9,3;
100540;1;02.08.2024;Gümüşhane Çarşı;M-00155;Burak Yıldız;Erkek;72;1952;Merkez;Köme;1;345,00;345,00;348,45;Havale/EFT;Çok İyi;NA;yok;
100542;1;11.07.2025;Gümüşhane Çarşı;;;Kadın;;;Merkez;Dut Pekmezi;1;365,00;365,00;368,65;Kart;;;23,7;
100542;2;11.07.2025;Gümüşhane Çarşı;-;-;E;;;Merkez;Dut (kuru);1;260,00;260,00;262,60;K.Kartı;Çok İyi;;23,7;
100542;3;11/07/25;Gümüşhane Çarşı;-;Misafir;;;;;Kome;2;475,00;950,00;959,50;Nakıt;İyi;;23,4;
100545;1;30/07/24;Gümüşhane Çarşı;M-00880;Fatma Koç;k;54;1970;KOCAELİ;Kuru Dut;1;195,00;195,00;196,95;Nakıt;İyi;GÜMÜŞ;22,7;
100545;2;30 Temmuz 2024;Gümüşhane Çarşı;M-00880;Fatma Koç;k;54;1970;Kocaeli (gurbetçi);Fındıklı Köme;2;305,00;610,00;616,10;Kredi Kartı;Çok İyi;gümüş;22,2;
100546;1;;Gümüşhane Çarşı;M-00656;İbrahim Arslan;E;24;2000;Kürtün;Yayla Balı;1;790,00;790,00;797,90;K.Kartı;bilinmiyor;Bronz;22,5;Almanya'ya gidecek
100549;1;06.12.2024;Gümüşhane Çarşı;M-00505;Büşra Bulut;Bayan;23;2001;Torul;Ev Eriştesi;1;120,00;120,00;121,20;POS;yok;Bronz;11,1;
100549;2;2024-12-06;Gümüşhane Çarşı;M-00505;Büşra Bulut;Kadın;23;2001;Torul;Fındıklı Köme;2;350,00;700,00;707,00;NAKİT;Kötü;NA;10,1;yurt dışı - valizde
100549;3;06.12.2024;Gümüşhane Çarşı;M-00505;Büşra Bulut;K;23;2001;Torul;Karma Paket;1;935,00;935,00;944,35;KREDİ KARTI;bilinmiyor;Bronz;11,1;
100550;1;28.12.2024 18:27;Gümüşhane Çarşı;-;-;Erkek;;;?;Köme;1;380,00;380,00;383,80;K.Kartı;NA;;8,4;
100553;1;04.10.2024;Gümüşhane Çarşı;M-00208;Zeki Özdemir;Erkek;44;1980;Torul ;Köme;5;355,00;1.775,00;1792,75;Kart;4;Altın;16,0;
100555;1;14.11.2024;Gümüşhane Çarşı;M-00223;Şerife Akgün;Kadın;48;1976;Merkez;Köme;2;380,00;760,00;767,60;Nakit;Çok İyi;Gumus;16,0;
100555;2;14.11.2024;Gümüşhane Çarşı;M-00223;ŞERİFE AKGÜN;K;48;1976;Gumushane;Fındıklı Köme;1;335,00;335,00;338,35;Nakit;;Gumus;11,5;
100555;3;14/11/24;Gümüşhane Çarşı;M-00223;ŞERİFE AKGÜN;K;48;1976;Merkez;Ceviz İçi;6;595,00;3570,00;3.605,70;kk;?;Gümüş;14,2;
100557;1;01.05.2025;Gümüşhane Çarşı;M-00259;Recep Polat;Bay;70;1955;merkez;pekmez;1;350,00;350,00;353,50;bilinmiyor;Iyi;Bronz;16,6;tadım yaptı
100557;2;2025-05-01;Gümüşhane Çarşı;M-00259;Recep Polat;Bay;70;1955;Merkez;cevizli pestil;1;370,00;370,00;373,70;Kredi Kartı;Iyi;NA;16,8;
100557;3;01.05.2025 13:53;Gümüşhane Çarşı;259;Recep Polat;Erkek;70;1955;Merkez;Kuru Dut;6;255,00;1530,00;1545,30;Kredi Kartı;çok i̇yi;Bronz;19,1;
100558;1;07.07.2024;Gümüşhane Çarşı;M-00016;Kemal  Polat ;;55;1969;Kelkit;Ev Eriştesi;1;105,00;105,00;106,05;POS;İYİ;Bronz;24,4;veresiye
100558;2;07.07.2024;Gümüşhane Çarşı;M-00016;Kemal Polat;Bay;55;1969;KELKİT;Dut (kuru);1;185,00;185,00;186,85;KREDİ KARTI;;Bronz;23,0;
100560;1;10 Aralık 2024;Gümüşhane Çarşı;M-00171;Kemal Keskin;E;35;1989;Gümüşhane Merkez;Cevizli Pestil;1;335,00;335,00;338,35;nakit;ÇOK İYİ;gümüş;11,1;
100563;1;2024-07-06;Gümüşhane Çarşı;M-00018;Ayşe Akgün;K;68;1956;Merkez;Cevizli Sucuk;2;325,00;650,00;656,50;Kart;-;Gümüş;23,8;
100564;1;18/08/24;Gümüşhane Çarşı;M-00059;Ramazan  Yıldız ;Bay;37;1987;Gurbet - Antalya;Dut Pestili;1;220,00;220,00;222,20;Nakit;Çok İyi;Bronz;20,4;
100566;1;07.02.2025;Gümüşhane Çarşı;M-00600;Nermin Doğan;K;69;1956;Gumushane;Köme;2;400,00;800,00;808,00;Nakıt;orta;Altın;;
100567;1;31.01.2024;Gümüşhane Çarşı;;;;;;?;Kuşburnu;2;135,00;270,00;272,70;KREDİ KARTI;İyi;;9,0;
100568;1;03.05.2025;Gümüşhane Çarşı;MİSAFİR;-;Erkek;;;Merkez;karma pkt;2;1080,00;2160,00;2.181,60;Nakıt;İyi;;16,7;
100571;1;10.08.2024 13:11;Gümüşhane Çarşı;464;Hanife Kaya;K;64;1960;İstanbul (gurbetçi);Dut Pestili;2;215,00;397,00;434,30;Nakıt;;;-;
100571;2;2024-08-10;Gümüşhane Çarşı;M-00464;HANİFE KAYA;K;64;1960;İSTANBUL;Fındıklı Köme;2;315,00;630,00;636,30;KREDİ KARTI;Orta;Bronz;19,5;
100571;3;2024-08-10;Gümüşhane Çarşı;M-00464;Hanife Kaya;K;64;1960;İSTANBUL;Kuşburnu Marmelatı;1;155,00;155,00;156,55;Kredi Kartı;?;Bronz;?;
100571;3;2024-08-10;Gümüşhane Çarşı;M-00464;Hanife Kaya ;K;64;1960;İSTANBUL;kuşburnu marmelatı;1;155,00;155,00;156,55;Kredi Kartı;?;Bronz;?;
100571;1;10.08.2024 13:11;Gümüşhane Çarşı;464;Hanife Kaya;K;64;1960;İstanbul (gurbetçi);Dut Pestili;2;215,00;397,00;434,30;Nakıt;;;-;
100572;1;11 Temmuz 2025;Gümüşhane Çarşı;M-00711;HANİFE AYDIN;;73;1952;Merkez;Kuru Dut;1;265,00;265,00;267,65;Kredi Kartı;İyi;Bronz;22,3;
100572;2;11/07/25;Gümüşhane Çarşı;M-00711;Hanife Aydın;K;73;1952;Merkez;Ceviz İçi;2;755,00;1510,00;1.525,10;Nakıt;çok i̇yi;Bronz;19,6;
100572;3;11.07.2025;Gümüşhane Çarşı;M-00711;Hanife Aydin;K;73;1952;Merkez;Yayla Balı;3;1065,00;3195,00;3226,95;K.Kartı;i̇yi;Bronz;22,1;
100574;1;08.04.2024;Gümüşhane Çarşı;0;Misafir;;;;merkez;Dut Pekmezi;1;240,00;240,00;242,40;K.Kartı;Çok İyi;;17,8;
100576;1;16 Nisan 2024;Gümüşhane Çarşı;M-00449;Hasan Coşkun;E;35;1989;Torul;Kuşburnu Marmelatı;3;140,00;420,00;424,20;kk;İyi;Bronz;14,6;
100579;1;09.07.2025;Gümüşhane Çarşı;M-00099;Merve Simsek;K;58;1967;Merkez;Cevizli sucuk (köme);1;450,00;450,00;454,50;kk;çok i̇yi;BRONZ;21,5;
100579;2;9 Temmuz 2025;Gümüşhane Çarşı;M-00099;Merve Şimşek;k;58;1967;MERKEZ;Pestil (cevizli);2;390,00;780,00;787,80;Kredi Kartı;Orta;Bronz;20,4;
100581;1;30.08.2024;Gümüşhane Çarşı;0;misafir müşteri;Kadın;;;merkez;Köme;3;345,00;1035,00;1045,35;KREDİ KARTI;NA;;20,7;
100581;2;30.08.2024;Gümüşhane Çarşı;0;Misafir;Kadın;;;;Cevizli Pestil;2;300,00;600,00;606,00;Kredi Kartı;i̇yi;;20,0;İstanbul'a götürülecek
100584;1;29 Haziran 2024;Gümüşhane Çarşı;M-00743;Hanife Aslan;;-;1954;Kelkit;Dut (kuru);1;190,00;190,00;191,90;Kart;çok i̇yi;Gumus;22,4;
100581;1;30.08.2024;Gümüşhane Çarşı;0;misafir müşteri;Kadın;;;merkez;Köme;3;345,00;1035,00;1045,35;KREDİ KARTI;NA;;20,7;
100584;2;29.06.2024;Gümüşhane Çarşı;M-00743;Hanife Aslan;K;;1954;Kelkit ;Bal 850gr;1;750,00;750,00;757,50;Kart;;GÜMÜŞ;20,0;
100584;3;2024-06-29;Gümüşhane Çarşı;M-00743;Hanife Aslan;K;70;1963;Kelkit;Karma Paket;1;825,00;825,00;833,25;KREDİ KARTI;5;Gümüş;23,4;
100585;1;16.08.2025;Gümüşhane Çarşı;M-00294;HATİCE POLAT;Kadın;61;1964;Merkez;Pestil-Köme Karma;2;1200,00;2400,00;2424,00;POS;;Bronz;23,7;
100585;2;16.08.2025;Gümüşhane Çarşı;M-00294;Hatice Polat;K;61;1964;Merkez;Bal 850gr;3;1.140,00;3420,00;3454,20;Nakit;yok;Bronz;22,9;
100585;3;2025-08-16;Gümüşhane Çarşı;M-00294;Hatice Polat;Kadın;61;1964;Merkez;pekmez;1;370,00;370,00;373,70;nakit;?;BRONZ;20,9;
100588;1;04.06.2025;Gümüşhane Çarşı;M-00758;Sevgi Kaya;K;50;1975;Trabzon;Dut Pestili;2;285,00;570,00;575,70;NAKİT;orta;Gümüş;20,6;
100588;2;04.06.2025;Gümüşhane Çarşı;M-00758;SEVGİ KAYA;K;50;1975;TRABZON;Karma Paket;1;1135,00;1135,00;1146,35;POS;-;Gumus;20,9;
100588;3;4 Haziran 2025;Gümüşhane Çarşı;M-00758;Sevgi Kaya;Bayan;50;1990;Gurbet - Trabzon;Eriste;1;140,00;140,00;141,40;KREDİ KARTI;İyi;Gümüş;18,6;
100591;1;2025-08-16;Gümüşhane Çarşı;M-00056;Merve Erdoğan;K;?;2004;Köse;Yayla Balı;2;1080,00;2160,00;2181,60;K.Kartı;orta;;21,8;
100591;2;16.08.2025;Gümüşhane Çarşı;M-00056;Merve Erdoğan;Kadın;21;2004;Köse;Cevizli Pestil;3;415,00;1245,00;1257,45;havale;İyi;Bronz;23,0;
100593;1;13.03.2024;Gümüşhane Çarşı;M-00535;Derya Arslan;K;64;1960;Merkez;Kuşburnu Marmelatı;2;140,00;280,00;282,80;nakit;-;Altın;10,5;
100593;2;2024-03-13;Gümüşhane Çarşı;M-00535;Derya Arslan;K;64;1960;Merkez;pekmez;1;240,00;240,00;242,40;Havale;?;ALTIN;12,2;
100593;3;13.03.2024;Gümüşhane Çarşı;M-00535;Derya Arslan;K;64;1969;MERKEZ;Ceviz İçi;2;480,00;960,00;969,60;NAKİT;Çok İyi;Altın;12,2;
100596;1;2024-09-08;Gümüşhane Çarşı;M-00400;KADİR ÖZTÜRK;Bay;27;1997;Kelkit;KÖME;2;350,00;700,00;707,00;kk;;Bronz;19,6;
100599;1;07.10.2024;Gümüşhane Çarşı;M-00710;EMRE KURT;E;78;1946;Merkez;Kuru Dut;1;205,00;205,00;207,05;Nakıt;bilinmiyor;;-;
100599;2;2024-10-07;Gümüşhane Çarşı;M-00710;Emre Kurt;Erkek;78;1946;Torul;Eriste;1;115,00;115,00;116,15;kk;Çok İyi;Gümüş;13,2;
100599;3;07.10.2024 10:05;Gümüşhane Çarşı;M-00710;Emre  Kurt ;;;1946;Gumushane;Köme;2;355,00;710,00;717,10;;Çok İyi;Gumus;19,9;
100602;1;2025-01-16;Gümüşhane Çarşı;-;-;;;;;Ev Eriştesi;1;125,00;125,00;126,25;K.Kartı;?;;5,6;
100602;2;16.01.2025;Gümüşhane Çarşı;;-;;;;;dut pestil;2;260,00;520,00;525,20;nakit;;;8,3;
100602;3;16.01.2025;Gümüşhane Çarşı;-;-;;;;Merkez;Ceviz İçi;1;640,00;640,00;646,40;kk;4;;8,9;
100604;1;06.09.2025;Gümüşhane Çarşı;;;E;;;;Dut Pestili;2;310,00;620,00;626,20;Kart;çok i̇yi;;20,5;
100605;1;2025-02-22;Gümüşhane Çarşı;;-;K;;;?;Karma Paket;1;1025,00;1025,00;1035,25;nakit;kötü;;10,0;
100605;2;22.02.2025;Gümüşhane Çarşı;MİSAFİR;-;;;;?;Dut Pekmezi;4;325,00;1.300,00;1.313,00;K.Kartı;bilinmiyor;;9,7;
100607;1;30.08.2025;Gümüşhane Çarşı;321;Yaşar Çelik;E;;1971;Merkez;Kuşburnu;3;220,00;660,00;666,60;Kart;NA;Bronz;24,0;
100607;2;30 Ağustos 2025;Gümüşhane Çarşı;M-00321;Yaşar Çelik;E;54;1971;Merkez;Ceviz İçi;4;795,00;3180,00;3211,80;NAKİT;İyi;NA;18,9;
100608;1;2024-11-29;Gümüşhane Çarşı;-;Misafir;K;;;;Kuşburnu Marmelatı;1;175,00;175,00;176,75;nakit;i̇yi;;13,0;
100610;1;27.01.2024;Gümüşhane Çarşı;M-00617;Kubra Bayram;Kadın;207;1983;Şiran;kusburnu marmelat;2;130,00;260,00;262,60;KREDİ KARTI;çok i̇yi;Gümüş;9,4;
100610;2;27.01.2024;Gümüşhane Çarşı;M-00617;Kübra  Bayram ;K;41;1983;Şiran;Kuru Dut;-1;160,00;160,00;161,60;POS;?;Gumus;8,8;
100610;3;27/01/24;Gümüşhane Çarşı;M-00617;Kübra Bayram;;41;1983;şiran;Fındıklı Köme;4;250,00;1.000,00;1.010,00;Kredi Kartı;;Gümüş;7,4;
100611;1;14 Ağustos 2025;Gümüşhane Çarşı;M-00355;HÜLYA ŞİMŞEK;K;59;1966;Merkez;Yayla Balı;2;1.095,00;2.190,00;2211,90;;çok i̇yi;Gümüş;22,6;
100611;2;14/08/25;Gümüşhane Çarşı;355;Hülya Şimşek;K;59;1966;Merkez;Ceviz İçi;1;765,00;765,00;772,65;nakit;NA;Gümüş;22,2;
100613;1;30.10.2024;Gümüşhane Çarşı;282;Burak Doğan;e;56;1968;Gümüşhane Merkez;Dut Pekmezi;2;290,00;580,00;585,80;KREDİ KARTI;İyi;altın;13,9;
100613;2;30.10.2024;Gümüşhane Çarşı;M-00282;Burak Doğan;E;56;1968;Merkez;Fındıklı Köme;2;320,00;640,00;646,40;KREDİ KARTI;Çok İyi;Altın;14,7;
100613;2;30.10.2024;Gümüşhane Çarşı;M-00282;Burak Doğan ;E;56;1968;Merkez;fındıklı köme;2;320,00;640,00;646,40;KREDİ KARTI;Çok İyi;Altın;14,7;
100616;1;26.07.2025;Gümüşhane Çarşı;M-00192;Hanife Ekinci;Kadın;32;1993;Kelkit;Köme;4;470,00;1880,00;1898,80;Nakit;bilinmiyor;Bronz;20,0;
100617;1;17.03.2024;Gümüşhane Çarşı;-;-;;;;merkez;Dut Pestili;2;190,00;380,00;383,80;KREDİ KARTI;çok i̇yi;;15,2;
100617;2;17.03.2024;Gümüşhane Çarşı;MİSAFİR;Misafir;;;;merkez;kuru dut;5;175,00;875,00;883,75;Havale/EFT;Orta;;12,1;
100619;1;23.10.2024;Gümüşhane Çarşı;M-00286;EMİNE TEKİN;K;50;1974;Merkez;Kuşburnu Marmelatı;2;170,00;340,00;343,40;POS;Çok İyi;Bronz;15,0;
100620;1;20.02.2025;Gümüşhane Çarşı;M-00624;Yusuf Akgün;E;54;1971;Merkez;pekmez;1;325,00;325,00;328,25;Kredi Kartı;4;Bronz;6,9;
100620;2;2025-02-20;Gümüşhane Çarşı;M-00624;Yusuf Akgün;E;54;1971;Merkez;Dut Pestili;1;255,00;255,00;257,55;Nakıt;?;Bronz;11,1;
100621;1;7 Ağustos 2024;Gümüşhane Çarşı;M-00285;Aysel Karataş;K;73;1951;Gumushane;Kuru Dut;1;200,00;400,00;202,00;NAKİT;bilinmiyor;Bronz;20,8;
100621;2;07.08.2024;Gümüşhane Çarşı;285;Aysel Karataş;Kadın;73;1951;GÜMÜŞHANE;Yayla Balı;2;810,00;1620,00;1636,20;Kredi Kartı;;Bronz;22,8;
100623;1;;Gümüşhane Çarşı;M-00013;Şerife Özdemir;K;58;1966;Kürtün;Dut pekmezi 1 kg;2;240,00;480,00;484,80;NAKİT;İyi;Bronz;12,1;
100624;1;16.07.2024;Gümüşhane Çarşı;M-00862;Enes  Şimşek ;E;26;1998;Merkez;Ceviz ici;3;525,00;1427,50;1590,75;NAKİT;çok i̇yi;Altın;22,9;
100627;1;07.05.2025;Gümüşhane Çarşı;-;misafir müşteri;;;;?;Cevizli Pestil;5;375,00;1875,00;1.893,75;Nakıt;Çok İyi;;17,0;
100630;1;01.01.2025;Gümüşhane Çarşı;M-00116;Suleyman Karakaya;E;33;1992;Merkez;Köme;18;400,00;7.200,00;7.272,00;kk;bilinmiyor;Gümüş;7,8;toptan - market siparişi
100630;2;2025-01-01;Gümüşhane Çarşı;M-00116;Süleyman Karakaya;Bay;33;1992;Merkez;Dut Pestili;10;255,00;2550,00;2.575,50;NAKİT;;Gumus;6,9;toptan - market siparişi
100631;1;13.07.2024;Gümüşhane Çarşı;MİSAFİR;-;;;;Merkez;Köme;3;330,00;990,00;999,90;KREDİ KARTI;Çok İyi;;22,9;
100631;2;13.07.2024;Gümüşhane Çarşı;MİSAFİR;-;K;;;;Kuşburnu Marmelatı;2;155,00;310,00;313,10;Kredi Kartı;Orta;;22,0;
100631;3;13.07.2024 10:37;Gümüşhane Çarşı;;-;Kadın;;;;Karma Paket;1;825,00;825,00;833,25;Nakıt;;;23,9;
100634;1;21.07.2024;Gümüşhane Çarşı;M-00585;Furkan Doğan;;50;1974;Kürtün;Ceviz ici;2;545,00;1090,00;1100,90;nakit;İyi;BRONZ;21,9;
100634;2;21.07.2024;Gümüşhane Çarşı;M-00585;Furkan Doğan;E;50;1983;Kürtün;Dut Pekmezi;1;270,00;270,00;272,70;Kart;Orta;Bronz;26,8;
100636;1;22 Şubat 2025;Gümüşhane Çarşı;MİSAFİR;;;;;;Kuşburnu Marmelatı;2;190,00;380,00;383,80;Nakıt;bilinmiyor;;9,0;
100638;1;17/03/25;Gümüşhane Çarşı;-;-;K;;;?;Fındıklı Köme;2;380,00;760,00;767,60;kk;İyi;;11,6;
100639;1;12.11.2024;Gümüşhane Çarşı;-;Misafir;Kadın;;;merkez;Dut Pestili;1;240,00;240,00;242,40;kk;Çok Kötü;;15,9;
100641;1;2024-08-29;Gümüşhane Çarşı;-;misafir müşteri;;;;merkez;Ev Eriştesi;5;110,00;550,00;555,50;K.Kartı;4;;20,7;
100641;2;29.08.2024;Gümüşhane Çarşı;;misafir müşteri;E;;;Merkez;Dut Pestili;5;225,00;1.125,00;1136,25;kk;NA;;20,7;Almanya'ya gidecek
100643;1;07.09.2025;Gümüşhane Çarşı;M-00099;MERVE ŞİMŞEK;K;58;1967;Merkez;karma pkt;1;1255,00;1255,00;1.267,55;Havale;;Bronz;19,4;
100643;2;07.09.2025;Gümüşhane Çarşı;M-00099;MERVE ŞİMŞEK;Kadın;58;1967;Merkez;KÖME;6;485,00;2.910,00;2939,10;POS;orta;Bronz;19,2;İstanbul'a götürülecek
100645;1;09.05.2024;Gümüşhane Çarşı;MİSAFİR;;;;;Merkez;Cevizli Pestil;2;265,00;530,00;535,30;?;Orta;;18,0;
100645;2;09.05.2024;Gümüşhane Çarşı;MİSAFİR;;Erkek;;;?;Ev Eriştesi;5;100,00;500,00;505,00;Nakıt;Orta;;18,3;
100647;1;06.07.2024;Gümüşhane Çarşı;M-00195;İBRAHİM TOPAL;E;57;1967;Merkez ;Kuru Dut;1;190,00;190,00;191,90;Kredi Kartı;?;Bronz;20,8;
100647;2;06.07.2024;Gümüşhane Çarşı;M-00195;İbrahim Topal;E;57;1967;Merkez;pestil;1;215,00;215,00;217,15;Nakit;İyi;;20,4;
100650;1;14 Temmuz 2024;Gümüşhane Çarşı;M-00322;FURKAN ÇETİN;E;72;1952;Gurbet - İstanbul;Pestil (cevizli);4;280,00;1.120,00;1131,20;kk;yok;BRONZ;23,6;
100652;1;05/03/24;Gümüşhane Çarşı;M-00128;Hanife Aslan;K;55;1969;Kose;Pestil (cevizli);1;260,00;260,00;262,60;Havale/EFT;İyi;Bronz;11,0;
100652;2;05.03.2024;Gümüşhane Çarşı;M-00128;HANİFE ASLAN;K;55;1969;KÖSE;Cevizli Sucuk;2;295,00;590,00;595,90;Nakıt;Orta;Bronz;10,4;
100652;3;05/03/24;Gümüşhane Çarşı;M-00128;Hanife Aslan;Kadın;55;1969;Köse;Kuru Dut;2;175,00;350,00;353,50;KREDİ KARTI;ÇOK İYİ;Bronz;11,5;
100655;1;03.06.2025;Gümüşhane Çarşı;MİSAFİR;;;;;;PESTİL;1;295,00;295,00;297,95;nakit;yok;;20,5;
100655;2;03.06.2025;Gümüşhane Çarşı;0;-;Erkek;;;?;Ev Eriştesi;1;145,00;72,50;146,45;nakit;İYİ;;20,1;
100658;1;27.06.2025 16:34;Gümüşhane Çarşı;M-00774;Sultan Şimşek;K;77;1948;Köse;Dut Pestili;1;285,00;285,00;287,85;Havale/EFT;İyi;Bronz;24,4;
100655;1;03.06.2025;Gümüşhane Çarşı;MİSAFİR;;;;;;PESTİL;1;295,00;295,00;297,95;nakit;yok;;20,5;
100655;2;03.06.2025;Gümüşhane Çarşı;0;-;Erkek;;;?;Ev Eriştesi;1;145,00;72,50;146,45;nakit;İYİ;;20,1;
100661;1;06.08.2024;Gümüşhane Çarşı;M-00044;Şerife Koç;K;32;1992;Merkez;Dut Pestili;1;215,00;215,00;217,15;?;İyi;Bronz;20,4;
100661;2;2024-08-06;Gümüşhane Çarşı;M-00044;Şerife Koç;k;32;1992;Merkez;Yayla Balı;2;815,00;1.630,00;1646,30;Kart;NA;Bronz;25,1;askere gidecek
0;;01.01.2024;Gümüşhane Çarşı;;TEST;;;;;Dut Pestili;1;1,00;1,00;;;;;;
100662;1;30.12.2024;Gümüşhane Çarşı;M-00359;Gülsüm Çetin;Kadın;68;1956;Köse;Kome;1;385,00;385,00;388,85;nakit;;Gümüş;9,7;askere gidecek
100663;1;07.08.2025;Gümüşhane Çarşı;M-00654;Elif Altun;K;NA;2003;kelkit;Dut Pestili;1;310,00;310,00;313,10;nakit;İyi;Bronz;22,2;
100665;1;29.03.2025;Gümüşhane Çarşı;M-00224;Zeynep Yıldız;K;52;1973;Kelkit;Dut Pestili;1;275,00;275,00;277,75;NA;;Gümüş;13,7;Almanya'ya gidecek
100667;1;30.10.2024;Gümüşhane Çarşı;M-00018;Ayşe Akgün;K;68;1956;MERKEZ;Dut (kuru);2;215,00;430,00;434,30;POS;i̇yi;Gümüş;15,0;
100667;2;30.10.2024;Gümüşhane Çarşı;M-00018;Ayşe Akgün;K;68;1956;Kelkit;Karma Paket;2;925,00;1850,00;1.868,50;bilinmiyor;Orta;NA;14,5;
100667;3;2024-10-30;Gümüşhane Çarşı;M-00018;AYŞE AKGÜN;K;68;1956;GÜMÜŞHANE;Ceviz İçi;5;595,00;2.975,00;3004,75;NAKİT;;Gumus;15,9;
100670;1;19.02.2025;Gümüşhane Çarşı;-;-;K;;;;Ceviz İçi;1;660,00;660,00;666,60;KREDİ KARTI;Iyi;;9,1;
100670;2;19.02.2025;Gümüşhane Çarşı;0;misafir müşteri;Kadın;;;;Yayla Balı;1;970,00;970,00;979,70;Nakit;4;;11,8;
100673;1;01.03.2025;Gümüşhane Çarşı;M-00398;Kemal Bulut;E;64;1961;KÖSE;Kuru Dut;6;235,00;2115,00;1424,10;Kart;;Gümüş;10,5;
100673;2;01/03/25;Gümüşhane Çarşı;M-00398;KEMAL BULUT;E;64;1961;Köse;Dut Pekmezi;1;335,00;335,00;338,35;Kart;?;Gümüş;11,4;
100673;3;01.03.2025;Gümüşhane Çarşı;M-00398;Kemal  Bulut ;E;64;1961;Köse;Ceviz ici;1;665,00;665,00;671,65;bilinmiyor;yok;Gümüş;10,3;
100673;1;01.03.2025;Gümüşhane Çarşı;M-00398;Kemal Bulut;E;64;1961;KÖSE;Kuru Dut;6;235,00;2115,00;1424,10;Kart;;Gümüş;10,5;
100674;1;21.04.2025;Gümüşhane Çarşı;M-00291;Hatice Kılıç;K;71;1963;Merkez;Cevizli Pestil;6;360,00;2160,00;2.181,60;Kredi Kartı;Orta;Gumus;15,2;
100676;1;22.07.2024 10:26;Gümüşhane Çarşı;M-00619;Erol Coşkun;E;23;2001;İSTANBUL;Kuşburnu Marmelatı;1;160,00;160,00;161,60;Nakit;Cok Iyi;Bronz;20,5;İstanbul'a götürülecek
100677;1;2025-06-12;Gümüşhane Çarşı;M-00808;Halil  Yıldız ;Erkek;;1956;İstanbul;Kome;3;455,00;1365,00;1378,65;NAKİT;2;Bronz;23,7;
100680;1;11.01.2025;Gümüşhane Çarşı;M-00884;Burak Demir;E;72;1953;MERKEZ;Karma Paket;2;980,00;1960,00;1.979,60;POS;NA;Altın;9,4;
100680;2;2025-01-11;Gümüşhane Çarşı;M-00884;Burak Demir;E;72;1953;Merkez;Cevizli Pestil;4;345,00;1380,00;1.393,80;Havale;Çok İyi;Altın;8,7;
100681;1;2025-07-15;Gümüşhane Çarşı;M-00708;MERVE AYDIN;K;62;1963;Merkez ;Dut Pekmezi;2;360,00;720,00;727,20;Nakit;;Gümüş;20,7;
100681;2;;Gümüşhane Çarşı;M-00708;Merve Aydın;K;62;1963;Merkez;Karma Paket;2;1.190,00;2380,00;2403,80;NAKİT;Çok İyi;Gümüş;22,1;
100682;1;11 Ağustos 2025;Gümüşhane Çarşı;M-00128;Hanife Aslan;K;56;1969;Köse;Fındıklı sucuk;5;425,00;2.125,00;2.146,25;Kredi Kartı;Orta;Bronz;18,7;
100685;1;2024-10-14;Gümüşhane Çarşı;MİSAFİR;Misafir;;;;?;Dut Pestili;3;240,00;720,00;727,20;KREDİ KARTI;bilinmiyor;;18,5;
100685;2;14/10/24;Gümüşhane Çarşı;MİSAFİR;misafir müşteri;;;;Merkez;Köme;2;355,00;710,00;717,10;Kredi Kartı;NA;;14,9;
100685;3;14.10.2024;Gümüşhane Çarşı;MİSAFİR;-;Erkek;;;;findikli kome;1;330,00;330,00;333,30;POS;Orta;;18,0;
100686;1;07.12.2024;Gümüşhane Çarşı;M-00881;İBRAHİM ALTUN;;28;1996;Kürtün;Ceviz İçi;3;615,00;1845,00;1.863,45;EFT;çok i̇yi;Bronz;11,3;
100686;2;07.12.2024;Gümüşhane Çarşı;M-00881;İbrahim Altun;E;28;1996;Kürtün;findikli kome;4;345,00;1380,00;1.393,80;K.Kartı;i̇yi;Bronz;8,3;
100688;1;24.07.2024;Gümüşhane Çarşı;;;Kadın;;;?;Fındıklı Köme;1;295,00;295,00;297,95;EFT;;;25,1;
100688;2;24.07.2024;Gümüşhane Çarşı;MİSAFİR;-;K;;;;Ceviz İçi;1;550,00;550,00;555,50;Kart;İyi;;23,7;
100691;1;19.08.2025;Gümüşhane Çarşı;M-00012;Yusuf Aslan;Erkek;26;1999;Merkez ;Dut Pestili;1;310,00;310,00;313,10;Kredi Kartı;bilinmiyor;Bronz;22,8;
100691;2;19.08.2025;Gümüşhane Çarşı;M-00012;Yusuf Aslan;E;26;1999;Merkez;Ev Eriştesi;4;155,00;620,00;626,20;EFT;Orta;Bronz;23,6;
100694;1;10.02.2024;Gümüşhane Çarşı;MİSAFİR;Misafir;Erkek;;;merkez;pekmez;1;230,00;230,00;232,30;Kredi Kartı;?;;8,7;
100696;1;2025-01-10;Gümüşhane Çarşı;M-00047;Şerife Bayram;k;63;1962;Merkez;Yayla Balı;1;895,00;895,00;903,95;NAKİT;;Gümüş;9,4;
100696;2;10.01.2025;Gümüşhane Çarşı;M-00047;Şerife Bayram;k;63;1962;Gümüşhane Merkez;Dut Pestili;1;255,00;255,00;257,55;NAKİT;İyi;Gümüş;9,5;
100696;3;10 Ocak 2025;Gümüşhane Çarşı;M-00047;Serife Bayram;;63;1962;Merkez;Ceviz İçi;2;635,00;1270,00;1282,70;Nakıt;4;Gümüş;9,0;
100699;1;23 Mart 2024;Gümüşhane Çarşı;M-00542;Havva Karakaya;K;70;1954;Merkez;erişte;1;95,00;95,00;95,95;Kredi Kartı;İyi;Altin;10,3;
100699;2;23.03.2024;Gümüşhane Çarşı;M-00542;Havva Karakaya;Kadın;70;1954;Merkez;Ceviz İçi;1;480,00;480,00;484,80;POS;bilinmiyor;Altın;16,2;
100701;1;21.11.2024;Gümüşhane Çarşı;M-00653;Havva Karataş;K;50;1974;Gümüşhane Merkez;pestil;3;245,00;735,00;742,35;KREDİ KARTI;İYİ;Altın;13,2;
100701;2;21.11.2024;Gümüşhane Çarşı;M-00653;Havva Karataş;K;50;1974;Merkez;Cevizli Pestil;5;330,00;1650,00;1.666,50;POS;?;altın;16,2;
0;;01.01.2024;Gümüşhane Çarşı;;TEST;;;;;Dut Pestili;1;1,00;1,00;;;;;;
100703;1;19.10.2024;Gümüşhane Çarşı;;-;Kadın;;;merkez;Kuşburnu Marmelatı;3;170,00;510,00;515,10;Nakıt;Çok İyi;;NA;
100704;1;10.08.2024;Gümüşhane Çarşı;;-;;;;?;Kome;2;340,00;680,00;686,80;Kredi Kartı;İyi;;22,6;
100707;1;09.11.2024;Gümüşhane Çarşı;M-00179;Nurcan Altun;k;73;1951;GÜMÜŞHANE;Kuşburnu;1;170,00;170,00;171,70;KREDİ KARTI;;Bronz;14,4;
100707;2;09.11.2024;Gümüşhane Çarşı;M-00179;Nurcan Altun;K;73;1951;Merkez;Cevizli Pestil;1;325,00;325,00;328,25;nakit;Kötü;Bronz;11,7;
100710;1;08.07.2025;Gümüşhane Çarşı;M-00327;Gülsüm Koç;k;37;1988;Merkez;Kuru Dut;1;260,00;260,00;262,60;Kart;Çok İyi;bronz;20,9;
100710;2;08.07.2025;Gümüşhane Çarşı;M-00327;Gülsüm Koç;K;37;1988;MERKEZ;Ceviz İçi;2;735,00;1.470,00;1.484,70;Kredi Kartı;NA;Bronz;20,7;
100711;1;12.08.2024;Gümüşhane Çarşı;M-00390;Furkan Topal;E;59;1965;Kürtün;Dut Pekmezi;1;275,00;275,00;277,75;K.Kartı;ÇOK İYİ;Bronz;23,0;
100714;1;2025-09-26;Gümüşhane Çarşı;M-00647;Ali Karakaya;E;35;1990;Merkez;Fındıklı Köme;2;445,00;890,00;898,90;K.Kartı;bilinmiyor;NA;17,5;
100714;2;2025-09-26;Gümüşhane Çarşı;M-00647;Ali Karakaya;;35;1990;Merkez;Cevizli Pestil;1;415,00;415,00;419,15;K.Kartı;Cok Iyi;gümüş;18,5;askere gidecek
100717;1;22/11/24;Gümüşhane Çarşı;-;misafir müşteri;K;;;?;karma pkt;1;945,00;945,00;954,45;NAKİT;?;;-;
100717;2;2024-11-22;Gümüşhane Çarşı;;;Kadın;;;;Dut Pekmezi;1;300,00;300,00;303,00;-;İyi;;13,2;
100719;1;18.10.2024;Gümüşhane Çarşı;M-00110;Cemal Uzun;e;yok;1976;Merkez;Cevizli Pestil;1;305,00;305,00;308,05;Kart;-;Altın;17,8;
100719;2;18.10.2024;Gümüşhane Çarşı;M-00110;Cemal Uzun;E;48;1976;Merkez;Fındıklı Köme;1;330,00;330,00;333,30;Havale;Iyi;altın;18,7;
100721;1;;Gümüşhane Çarşı;M-00812;MEHMET ASLAN;Erkek;24;2000;Kose;Kuşburnu Marmelatı;1;;160,00;161,60;kk;İyi;Bronz;24,9;
100722;1;24.12.2024;Gümüşhane Çarşı;M-00713;Büşra Öztürk;K;57;1967;Merkez;findikli kome;2;350,00;700,00;707,00;Havale/EFT;2;Bronz;9,3;
100725;1;26.03.2024;Gümüşhane Çarşı;M-00535;Derya Arslan;K;64;1960;Merkez;Karma Paket;2;755,00;1.510,00;1.525,10;Nakit;Çok İyi;Altın;15,1;
100727;1;24.09.2024;Gümüşhane Çarşı;M-00248;DERYA ÖZTÜRK;K;31;1993;Torul;Karma Paket;1;915,00;915,00;924,15;Kredi Kartı;Çok İyi;Gümüş;17,2;
100727;2;24.09.2024;Gümüşhane Çarşı;M-00248;Derya Ozturk;K;31;1993;Torul;Yayla Balı;2;845,00;1690,00;1.706,90;Nakıt;ÇOK İYİ;Gumus;17,8;
100730;1;2024-02-20;Gümüşhane Çarşı;M-00286;EMİNE TEKİN;k;50;1974;Merkez;Karma Paket;1;735,00;372,50;742,35;Nakit;ÇOK İYİ;Bronz;10,9;
100730;2;20 Şubat 2024;Gümüşhane Çarşı;M-00286;Emine Tekin;;50;1974;Merkez;Köme;2;285,00;570,00;575,70;nakit;-;Bronz;11,7;
100731;1;2025-07-16;Gümüşhane Çarşı;0;;;;;?;Dut Pestili;1;305,00;305,00;308,05;Kredi Kartı;yok;;22,7;
100734;1;21/09/25;Gümüşhane Çarşı;-;Misafir;;;;;Dut Pekmezi;1;395,00;395,00;398,95;Kredi Kartı;orta;;18,1;
100734;2;2025-09-21;Gümüşhane Çarşı;-;;E;;;merkez;Köme;1;490,00;490,00;494,90;NAKİT;i̇yi;;;
100737;1;21.08.2024;Gümüşhane Çarşı;MİSAFİR;Misafir;Erkek;;;;Cevizli Pestil;1;290,00;290,00;292,90;havale;İyi;;21,8;
100738;1;01/02/25;Gümüşhane Çarşı;M-00415;Hatice Topal;K;57;1968;Merkez;Karma Paket;1;980,00;980,00;989,80;KREDİ KARTI;;Bronz;10,0;
100738;2;01.02.2025;Gümüşhane Çarşı;M-00415;Hatice Topal;Bayan;57;1968;Merkez;Köme;1;390,00;390,00;393,90;NAKİT;Çok Kötü;Bronz;11,1;
100738;3;1 Şubat 2025;Gümüşhane Çarşı;M-00415;Hatice Topal;Kadın;57;1968;Merkez;kusburnu marmelat;6;190,00;1140,00;1151,40;NAKİT;NA;Bronz;12,0;
100740;1;15.11.2024;Gümüşhane Çarşı;M-00772;MEHMET TEKİN;e;50;1974;Kelkıt;Dut Pestili;2;235,00;470,00;474,70;kk;İYİ;bronz;13,3;
100743;1;29.07.2024;Gümüşhane Çarşı;0;Misafir;;;;?;ceviz;1;560,00;560,00;565,60;Nakit;İyi;;24,4;
100743;2;2024-07-29;Gümüşhane Çarşı;;-;Kadın;;;?;Dut Pestili;6;220,00;1.320,00;1.333,20;havale;;;22,1;
100743;3;29/07/24;Gümüşhane Çarşı;0;;;;;merkez;Cevizli Pestil;2;295,00;590,00;595,90;nakit;;;23,6;
100745;1;04.02.2025;Gümüşhane Çarşı;MİSAFİR;-;E;;;;Dut Pekmezi;1;320,00;320,00;323,20;POS;Çok İyi;;6,6;
100747;1;08.08.2025;Gümüşhane Çarşı;0;;;;;merkez;Yayla Balı;1;1.110,00;1110,00;1121,10;nakit;yok;;21,5;
100747;2;08.08.2025;Gümüşhane Çarşı;0;misafir müşteri;;;;merkez;erişte;5;155,00;775,00;782,75;Kart;;;24,9;
100747;3;08.08.2025;Gümüşhane Çarşı;;Misafir;Erkek;;;merkez;Dut Pekmezi;1;365,00;365,00;368,65;Kart;Kötü;;24,6;
100750;1;06.10.2024;Gümüşhane Çarşı;M-00541;Kadir Yıldız;E;78;1946;Kelkit;Cevizli Pestil;1;305,00;305,00;308,05;havale;5;Gümüş;21,2;
100750;2;2024-10-06;Gümüşhane Çarşı;M-00541;Kadir Yıldız;Erkek;78;1946;Kelkit;kusburnu marmelat;1;170,00;170,00;171,70;POS;4;Gümüş;20,4;
100751;1;14.07.2025;Gümüşhane Çarşı;893;Furkan Şahin;E;71;1954;Merkez;Cevizli Pestil;2;410,00;820,00;828,20;Havale/EFT;Cok Iyi;Bronz;21,3;
100752;1;28/01/25;Gümüşhane Çarşı;M-00173;Derya Aydın;K;43;1982;GÜMÜŞHANE;Dut Pekmezi;1;315,00;315,00;318,15;KREDİ KARTI;;Gümüş;8,8;
100752;2;2025-01-28;Gümüşhane Çarşı;M-00173;Derya Aydin;k;43;1982;Merkez;Ev Eriştesi;6;130,00;780,00;787,80;K.Kartı;Orta;Gümüş;8,5;
100754;1;2024-12-02;Gümüşhane Çarşı;M-00878;ZEYNEP KURT;Kadın;68;1956;Şiran;Kuşburnu Marmelatı;1;175,00;175,00;176,75;Kredi Kartı;Çok Kötü;Bronz;11,9;
100754;2;2024-12-02;Gümüşhane Çarşı;878;Zeynep Kurt;Kadın;68;1956;Şiran;Pestil-Köme Karma;1;945,00;850,50;954,45;Kart;çok i̇yi;BRONZ;10,8;
100754;3;2024-12-02;Gümüşhane Çarşı;M-00878;Zeynep Kurt;Bayan;68;1956;Şiran;KÖME;3;370,00;1110,00;1121,10;Kart;Orta;Bronz;11,6;
100757;1;22.08.2024;Gümüşhane Çarşı;M-00378;Ibrahim Gumus;;74;1950;Şiran;Kome;1;355,00;355,00;358,55;kk;İyi;gümüş;23,3;
100757;2;22.08.2024;Gümüşhane Çarşı;M-00378;İbrahim Gümüş;E;74;1950;Şıran;Fındıklı Köme;2;300,00;600,00;606,00;NAKİT;İyi;gümüş;21,2;
100760;1;26.04.2025;Gümüşhane Çarşı;M-00689;Aysel Yıldız;K;71;1954;Kelkit;Dut Pestili;1;285,00;285,00;287,85;K.Kartı;İyi;Bronz;17,6;
100760;1;26.04.2025;Gümüşhane Çarşı;M-00689;Aysel Yıldız;K;71;1954;Kelkit;Dut Pestili;1;285,00;285,00;287,85;K.Kartı;İyi;Bronz;17,6;
100761;1;15/07/24;Gümüşhane Çarşı;M-00844;Esra Altun;K;44;1980;Kürtün;Ev Eriştesi;1;110,00;110,00;111,10;Nakıt;;Bronz;yok;
100761;2;15/07/24;Gümüşhane Çarşı;M-00844;ESRA ALTUN;K;44;1980;KÜRTÜN;Pestil (cevizli);2;280,00;560,00;565,60;K.Kartı;İYİ;Bronz;24,1;
100762;1;05.07.2024;Gümüşhane Çarşı;M-00199;Kübra Aydın;Kadın;45;1979;Merkez;Dut Pestili;1;215,00;215,00;217,15;Nakit;Orta;Bronz;23,1;
100763;1;16.01.2024;Gümüşhane Çarşı;M-00107;Sultan Doğan;K;27;1997;Torul;Ceviz İçi;2;445,00;890,00;898,90;Nakıt;ÇOK İYİ;Gümüş;7,3;
100766;1;19.10.2024;Gümüşhane Çarşı;-;;Erkek;;;;Fındıklı Köme;1;315,00;315,00;318,15;KREDİ KARTI;?;;16,0;
100766;2;19.10.2024;Gümüşhane Çarşı;-;-;E;;;Merkez;Kuşburnu Marmelatı;2;170,00;340,00;343,40;Kart;bilinmiyor;;18,4;
100767;1;;Gümüşhane Çarşı;M-00430;Kemal Topal;E;27;1998;ŞİRAN;kusburnu marmelat;3;190,00;570,00;575,70;K.Kartı;;Altın;9,7;hediye paketi
100767;2;17.02.2025 12:17;Gümüşhane Çarşı;M-00430;Kemal Topal;Erkek;27;1998;ŞİRAN;karma pkt;1;1050,00;1050,00;1.060,50;K.Kartı;;Altın;11,7;
100770;1;15.02.2025;Gümüşhane Çarşı;M-00389;Gülsüm Aslan;;60;1965;Merkez;Dut Pekmezi;6;330,00;1980,00;1999,80;nakit;bilinmiyor;Bronz;8,7;Almanya'ya gidecek
100770;2;15.02.2025;Gümüşhane Çarşı;M-00389;Gulsum Aslan;k;60;1965;Merkez;cevizli pestil;3;350,00;1050,00;1060,50;Havale/EFT;-;Bronz;11,8;
100770;3;2025-02-15;Gümüşhane Çarşı;M-00389;GÜLSÜM ASLAN;K;60;1965;Merkez;Kuşburnu Marmelatı;2;190,00;380,00;383,80;kk;;Bronz;9,6;
100771;1;03/12/24;Gümüşhane Çarşı;M-00574;EMRE ÖZTÜRK;Bay;36;1988;Kelkit;Fındıklı Köme;1;335,00;335,00;338,35;Havale;2;bronz;10,2;
100772;1;02/07/24;Gümüşhane Çarşı;M-00426;Osman Çetin;E;69;1955;Köse;Fındıklı Köme;2;300,00;600,00;606,00;Kredi Kartı;İyi;Gumus;23,7;
100772;2;02.07.2024;Gümüşhane Çarşı;M-00426;Osman Çetin;E;69;1955;Köse;pestil;1;215,00;215,00;217,15;;bilinmiyor;Gümüş;22,7;
100774;1;06/06/25;Gümüşhane Çarşı;M-00518;Derya  Erdoğan ;Kadın;;1979;Kelkit;Cevizli sucuk (köme);4;445,00;1780,00;1.797,80;NAKİT;Orta;Gumus;20,6;
100774;2;06.06.2025;Gümüşhane Çarşı;M-00518;Derya Erdoğan;;46;1979;Kelkıt;Ceviz İçi;1;725,00;725,00;732,25;Kredi Kartı;Cok Kotu;gümüş;22,3;
100774;2;06.06.2025;Gümüşhane Çarşı;M-00518;Derya Erdoğan;;46;1979;Kelkıt;Ceviz İçi;1;725,00;725,00;732,25;Kredi Kartı;Cok Kotu;gümüş;22,3;
100777;1;15.11.2024;Gümüşhane Çarşı;M-00469;Songül Şimşek;k;36;1988;Merkez;Cevizli Sucuk;2;375,00;750,00;757,50;Nakıt;4;Bronz;bilinmiyor;
100778;1;13/02/24;Gümüşhane Çarşı;M-00394;Ercan  Aslan ;E;35;1989;Merkez;Ev Eriştesi;5;95,00;475,00;479,75;Kredi Kartı;bilinmiyor;Bronz;8,3;
100778;2;13.02.2024;Gümüşhane Çarşı;M-00394;Ercan Aslan;E;35;1989;Merkez ;Kuru Dut;2;165,00;330,00;333,30;kk;İYİ;Bronz;8,1;
100780;1;14.02.2024;Gümüşhane Çarşı;M-00593;Kübra Kurt;K;67;1957;KELKİT;Cevizli Pestil;1;255,00;255,00;257,55;NAKİT;;Gümüş;yok;
100780;2;14.02.2024;Gümüşhane Çarşı;M-00593;Kübra Kurt;K;67;1957;Kelkit ;Fındıklı Köme;1;265,00;265,00;267,65;KREDİ KARTI;ÇOK İYİ;gümüş;9,3;
100780;3;14.02.2024;Gümüşhane Çarşı;M-00593;Kübra Kurt;k;67;1972;Kelkit;Dut Pekmezi;1;230,00;230,00;232,30;Kart;-;Gümüş;NA;hediye paketi
100783;1;05.09.2024;Gümüşhane Çarşı;M-00780;Songül Yıldız;Kadın;77;1947;Merkez;Dut Pekmezi;5;285,00;1425,00;1439,25;Nakıt;İyi;GÜMÜŞ;23,4;
100783;2;05.09.2024 16:33;Gümüşhane Çarşı;M-00780;Songül Yıldız;K;77;1947;Gumushane;Ceviz ici;5;560,00;2.800,00;2828,00;K.Kartı;ÇOK İYİ;Gümüş;20,6;
100785;1;2024-11-27;Gümüşhane Çarşı;M-00858;Kadir Kaya;Erkek;60;1964;Kelkit;pestil;5;245,00;1225,00;1237,25;kk;;Gumus;12,0;
100788;1;10.10.2024;Gümüşhane Çarşı;M-00732;Şerife Şimşek;K;68;1956;Merkez;Fındıklı Köme;3;325,00;975,00;984,75;NAKİT;İyi;Altın;16,4;
100788;2;10/10/24;Gümüşhane Çarşı;M-00732;Şerife Şimşek;K;68;1956;Merkez;Dut Pekmezi;1;275,00;275,00;277,75;Kredi Kartı;İyi;bilinmiyor;17,1;paketi sağlam yapın
100791;1;2024-07-23;Gümüşhane Çarşı;M-00387;Murat Karataş;e;30;2009;Bursa (gurbetçi);Kuru Dut;5;195,00;975,00;984,75;kk;İyi;Bronz;21,5;
100791;2;23.07.2024 17:24;Gümüşhane Çarşı;M-00387;Murat Karataş;Bay;30;1994;Bursa (gurbetçi);Ceviz İçi;3;545,00;1.635,00;1651,35;Nakıt;Çok İyi;Bronz;21,7;
100792;1;21.10.2024;Gümüşhane Çarşı;MİSAFİR;;Kadın;;;;Cevizli Pestil;2;305,00;610,00;616,10;kk;i̇yi;;16,9;
100792;2;21.10.2024;Gümüşhane Çarşı;-;-;;;;?;Kuru Dut;1;205,00;205,00;207,05;nakit;-;;16,1;
100792;3;21.10.2024;Gümüşhane Çarşı;-;misafir müşteri;;;;Merkez;Fındıklı Köme;2;325,00;650,00;656,50;K.Kartı;İYİ;;16,2;
100795;1;26.10.2024;Gümüşhane Çarşı;M-00217;Hasan Ekinci;;31;1993;Kose;Dut Pekmezi;4;290,00;1160,00;1.171,60;Nakıt;;Gümüş;16,8;
100795;2;26.10.2024;Gümüşhane Çarşı;M-00217;Hasan Ekinci;e;31;1993;Köse;Fındıklı Köme;1;330,00;330,00;333,30;POS;Iyi;GÜMÜŞ;12,4;
100798;1;19.11.2024;Gümüşhane Çarşı;M-00540;Furkan Arslan;Erkek;36;1988;Merkez ;Dut Pekmezi;3;295,00;885,00;893,85;nakit;bilinmiyor;Gümüş;12,9;
100798;2;19.11.2024;Gümüşhane Çarşı;M-00540;Furkan Arslan;E;36;1988;Merkez;Ev Eriştesi;2;125,00;250,00;252,50;Nakıt;Kötü;Gümüş;11,5;
100800;1;31.01.2024;Gümüşhane Çarşı;M-00113;Zeki Kurt;E;62;1962;Köse;cevizli pestil;1;250,00;250,00;252,50;kk;4;Bronz;7,4;
100800;1;31.01.2024;Gümüşhane Çarşı;M-00113;Zeki Kurt;E;62;1962;Köse;cevizli pestil;1;250,00;250,00;252,50;kk;4;Bronz;7,4;
100800;2;31.01.2024;Gümüşhane Çarşı;M-00113;Zeki Kurt;E;62;1962;Köse;Dut pekmezi 1 kg;5;230,00;1.150,00;1161,50;K.Kartı;çok i̇yi;Bronz;8,0;
100803;1;26/07/24;Gümüşhane Çarşı;M-00659;ENES KURT;Bay;78;1946;Şiran;Kuru Dut;1;195,00;302,50;196,95;KREDİ KARTI;Orta;Bronz;21,6;
100806;1;02.04.2024;Gümüşhane Çarşı;M-00868;Derya Koç;Bayan;0;1971;Merkez;Fındıklı Köme;1;270,00;270,00;272,70;nakit;?;yok;13,7;
100808;1;26.04.2025;Gümüşhane Çarşı;M-00683;Büşra Koç;K;62;1963;Köse;Cevizli Pestil;5;375,00;1875,00;1.893,75;Nakit;Çok İyi;bilinmiyor;18,0;
100810;1;23.11.2024;Gümüşhane Çarşı;MİSAFİR;Misafir;Kadın;;;;Dut Pestili;2;245,00;490,00;494,90;Nakit;İyi;;12,3;paketi sağlam yapın
100810;2;23.11.2024;Gümüşhane Çarşı;;Misafir;Kadın;;;?;Dut Pekmezi;1;290,00;290,00;292,90;Nakıt;;;11,9;
100812;1;09.10.2024;Gümüşhane Çarşı;M-00192;Hanife Ekinci;K;31;1993;Kelkit ;Dut Pekmezi;2;280,00;560,00;565,60;NA;;Bronz;16,5;
100812;2;9 Ekim 2024;Gümüşhane Çarşı;192;Hanife Ekinci;K;31;1993;Kelkit;Kuru Dut;3;205,00;615,00;621,15;Nakit;-;-;20,7;
100813;1;07.10.2024;Gümüşhane Çarşı;M-00242;Fatma Bulut;K;61;1963;Kelkıt;Pestil-Köme Karma;1;880,00;880,00;888,80;nakit;?;Bronz;17,8;
100813;2;07.10.2024;Gümüşhane Çarşı;M-00242;FATMA BULUT;K;61;1963;Kelkit;Dut Pestili;1;240,00;240,00;242,40;Kart;Çok İyi;Bronz;17,0;
100815;1;12.08.2024;Gümüşhane Çarşı;MİSAFİR;;Kadın;;;;Ceviz İçi;1;550,00;550,00;555,50;Nakit;bilinmiyor;;20,5;
100816;1;2024-11-15;Gümüşhane Çarşı;M-00725;Emre Kara;E;78;1946;Torul;ceviz;2;610,00;1.220,00;1232,20;Kart;Çok İyi;bronz;12,8;
100819;1;03.09.2025;Gümüşhane Çarşı;M-00324;Emre Çetin;E;23;2002;Torul;pekmez;4;375,00;1.500,00;1.515,00;Nakıt;Iyi;Gümüş;23,9;
100822;1;2025-07-21;Gümüşhane Çarşı;MİSAFİR;Misafir;;;;;Ceviz İçi;1;760,00;760,00;767,60;KREDİ KARTI;;;23,5;
100823;1;2024-02-17;Gümüşhane Çarşı;M-00285;Aysel Karataş;Kadın;73;1951;Merkez;Karma Paket;1;730,00;730,00;737,30;kk;çok i̇yi;Bronz;8,4;
100823;2;17.02.2024;Gümüşhane Çarşı;M-00285;Aysel Karataş;K;73;1951;Merkez;Cevizli Pestil;5;245,00;1225,00;1237,25;NAKİT;;Bronz;7,8;
100826;1;03.01.2024;Gümüşhane Çarşı;0;-;;;;;Dut Pekmezi;2;225,00;450,00;454,50;Havale/EFT;2;;8,3;
100826;2;03.01.2024;Gümüşhane Çarşı;-;;E;;;merkez;karma pkt;1;685,00;685,00;691,85;Nakit;;;9,8;
100827;1;01/08/24;Gümüşhane Çarşı;M-00150;Nurcan Çetin;Kadın;30;1994;Merkez;Pestil 500gr;2;220,00;440,00;444,40;Kart;çok i̇yi;Altin;23,0;
100829;1;11.08.2025;Gümüşhane Çarşı;M-00304;Kübra Yılmaz;K;74;1951;İstanbul (gurbetçi);Dut pekmezi 1 kg;4;385,00;1540,00;1.555,40;Kredi Kartı;-;Gümüş;22,1;
100830;1;28.11.2024;Gümüşhane Çarşı;M-00457;Merve Uzun;;31;1993;İstanbul (gurbetçi);Karma Paket;1;960,00;960,00;969,60;nakit;Orta;Bronz;11,4;
100830;2;2024-11-28;Gümüşhane Çarşı;M-00457;Merve Uzun;K;31;1993;İstanbul;Bal 850gr;1;89.000,00;890,00;898,90;KREDİ KARTI;Iyi;Bronz;11,6;
100830;3;28.11.2024 13:15;Gümüşhane Çarşı;M-00457;Merve Uzun;K;31;1993;İstanbul (gurbetçi);Ev Eriştesi;1;125,00;125,00;126,25;K.Kartı;bilinmiyor;Bronz;12,0;
100832;1;12/06/24;Gümüşhane Çarşı;MİSAFİR;;;;;;Köme;5;325,00;1625,00;1641,25;K.Kartı;-;;23,3;
100835;1;07.06.2024;Gümüşhane Çarşı;M-00875;Hasan Akgün;E;44;1980;Merkez;kuru dut;3;185,00;555,00;560,55;Havale/EFT;Kotu;Bronz;19,9;yarısı sonra ödenecek
100836;1;15.09.2024;Gümüşhane Çarşı;M-00777;Erol Öztürk;Erkek;46;1978;KÜRTÜN;pekmez;2;285,00;570,00;575,70;Kredi Kartı;5;Bronz;20,0;
100837;1;;Gümüşhane Çarşı;M-00342;Gülsüm Kaya;;33;1992;Merkez;Ceviz İçi;1;bilinmiyor;630,00;636,30;KREDİ KARTI;Çok İyi;Gümüş;9,6;
100838;1;09.11.2024;Gümüşhane Çarşı;M-00192;Hanife Ekinci;K;31;1998;Kelkit;Kuru Dut;3;205,00;615,00;621,15;kk;4;?;13,8;
100840;1;2024-09-30;Gümüşhane Çarşı;M-00334;Ömer Aydın;E;79;1945;Merkez;Karma Paket;1;880,00;880,00;888,80;NAKİT;4;Bronz;19,2;
100840;2;30 Eylül 2024;Gümüşhane Çarşı;M-00334;Ömer Aydın;E;79;1945;Şiran;Dut Pekmezi;3;285,00;855,00;863,55;Kredi Kartı;NA;Bronz;16,5;yurt dışı - valizde
100843;1;29.01.2024 15:09;Gümüşhane Çarşı;330;Erol Yıldız;E;43;1981;Merkez;Fındıklı Köme;4;250,00;1000,00;1010,00;kk;;bronz;;
100843;2;29.01.2024;Gümüşhane Çarşı;M-00330;Erol Yıldız;e;;1981;Merkez;Cevizli Pestil;2;255,00;510,00;515,10;Nakıt;Çok İyi;BRONZ;12,8;
100844;1;2025-02-12;Gümüşhane Çarşı;M-00804;HÜLYA KARATAŞ;K;33;1992;Merkez;Dut Pekmezi;2;310,00;620,00;626,20;Nakıt;i̇yi;Bronz;8,2;
100845;1;19.09.2024;Gümüşhane Çarşı;M-00610;HÜSEYİN YILMAZ;E;55;1969;Merkez;Ev Eriştesi;1;115,00;115,00;116,15;NAKİT;;Bronz;19,9;
100847;1;28.08.2024;Gümüşhane Çarşı;M-00659;Enes Kurt;E;78;1946;şiran;Köme;5;340,00;1.700,00;1717,00;Kart;4;Bronz;21,5;
100850;1;08.10.2024;Gümüşhane Çarşı;M-00427;Gülsüm Keskin;Bayan;57;1967;Merkez;Bal 850gr;1;830,00;830,00;838,30;Nakıt;?;;16,2;hediye paketi
100851;1;20.06.2024;Gümüşhane Çarşı;M-00137;YAŞAR ÖZTÜRK;Bay;25;1999;BURSA;Köme;6;330,00;1980,00;1999,80;Kredi Kartı;çok i̇yi;Gümüş;20,3;
100852;1;11/02/24;Gümüşhane Çarşı;M-00633;Hülya Kaya;K;74;1950;Merkez;Karma Paket;2;735,00;1470,00;1.484,70;kk;;Bronz;9,0;
100852;2;11.02.2024;Gümüşhane Çarşı;M-00633;Hülya Kaya;K;74;1950;Gumushane;Ceviz ici;1;455,00;455,00;459,55;Kart;İyi;Bronz;8,2;
100852;3;11.02.2024;Gümüşhane Çarşı;M-00633;Hülya Kaya;k;74;1950;MERKEZ;PESTİL;5;185,00;925,00;934,25;POS;çok i̇yi;Bronz;9,8;
100853;1;28.03.2025;Gümüşhane Çarşı;;-;K;;;merkez;Cevizli Pestil;3;355,00;1065,00;1075,65;nakit;Çok İyi;;12,8;tadım yaptı
100853;2;28.03.2025;Gümüşhane Çarşı;MİSAFİR;;;;;Merkez;Köme;1;410,00;410,00;414,10;KREDİ KARTI;;;14,5;
100853;3;2025-03-28;Gümüşhane Çarşı;-;Misafir;;;;;bal;1;960,00;960,00;969,60;POS;İyi;;13,3;
100855;1;03/07/25;Gümüşhane Çarşı;M-00367;Ayşe Aydın;Bayan;47;1978;Merkez;Dut Pekmezi;2;360,00;720,00;727,20;K.Kartı;-;-;24,5;
100855;2;03.07.2025;Gümüşhane Çarşı;M-00367;AYŞE AYDIN;;47;1978;Merkez;Ceviz İçi;1;740,00;740,00;747,40;kk;;Bronz;24,0;
100858;1;27.11.2024;Gümüşhane Çarşı;M-00602;Burak Arslan;Bay;25;1999;köse;Kuşburnu Marmelatı;1;180,00;180,00;181,80;kk;İyi;;12,9;
100858;2;27.11.2024;Gümüşhane Çarşı;M-00602;Burak Arslan;;25;1999;Köse;Cevizli Pestil;1;335,00;335,00;338,35;Kredi Kartı;;Altin;12,4;
100859;1;2024-07-19;Gümüşhane Çarşı;M-00382;Kadir Şahin;E;60;1964;Torul;Ev Eriştesi;1;105,00;105,00;106,05;Nakit;5;altın;24,0;hediye paketi
100861;1;24.04.2025;Gümüşhane Çarşı;M-00202;Meryem Aydın;K;68;1957;Merkez;Dut Pestili;3;280,00;840,00;848,40;KREDİ KARTI;Çok İyi;?;15,3;
100862;1;2024-06-06;Gümüşhane Çarşı;M-00331;KADİR ÖZTÜRK;;;1959;Kelkit;Ev Eriştesi;1;105,00;105,00;106,05;kk;İyi;Bronz;20,4;
100862;2;2024-06-06;Gümüşhane Çarşı;M-00331;Kadir Öztürk;E;65;1959;Kelkit;Fındıklı sucuk;1;285,00;285,00;287,85;K.Kartı;?;Bronz;22,7;
100865;1;04.03.2024;Gümüşhane Çarşı;M-00030;Yusuf Koç;E;64;1960;Köse;Ceviz ici;1;bilinmiyor;480,00;484,80;POS;;BRONZ;9,7;
100865;2;04/03/24;Gümüşhane Çarşı;M-00030;Yusuf Koç;;64;1960;Köse;Pestil-Köme Karma;1;730,00;730,00;737,30;Kart;yok;Bronz;10,3;
100866;1;18.07.2024;Gümüşhane Çarşı;M-00002;Ali Aydın;E;48;1976;Bursa;karma pkt;1;850,00;850,00;858,50;Kart;İYİ;;23,8;
100869;1;10.08.2024;Gümüşhane Çarşı;M-00491;Meryem Ekinci;K;21;2003;Kürtün;pekmez;2;275,00;550,00;555,50;Kredi Kartı;;Bronz;25,6;
100869;2;10.08.2024;Gümüşhane Çarşı;M-00491;Meryem Ekinci;K;-;2003;Kürtün;Pestil (cevizli);1;300,00;300,00;303,00;kk;-;Bronz;20,3;
100872;1;2024-11-09;Gümüşhane Çarşı;-;Misafir;Kadın;;;;Fındıklı Köme;1;320,00;320,00;323,20;kk;çok kötü;;15,7;
100875;1;17.06.2024;Gümüşhane Çarşı;M-00591;Yusuf Simsek;E;73;1951;Şiran;Pestil (cevizli);5;280,00;1400,00;1414,00;KREDİ KARTI;NA;Gümüş;20,4;
100877;1;29 Ağustos 2024;Gümüşhane Çarşı;0;misafir müşteri;;;;merkez;Köme;3;345,00;1.035,00;1045,35;EFT;yok;;19,8;
100880;1;30.11.2024;Gümüşhane Çarşı;M-00724;Osman Çelik;E;25;1999;MERKEZ;Karma Paket;1;940,00;940,00;949,40;Kart;2;GÜMÜŞ;11,8;
100883;1;11.08.2025;Gümüşhane Çarşı;;misafir müşteri;Erkek;;;;Dut (kuru);4;270,00;1080,00;1090,80;EFT;Çok İyi;;22,0;
100886;1;2 Ocak 2024;Gümüşhane Çarşı;M-00415;Hatice Topal;;56;1968;Merkez ;Ceviz İçi;3;455,00;1365,00;1378,65;Nakıt;3;bronz;7,1;
100886;2;02.01.2024 19:40;Gümüşhane Çarşı;M-00415;Hatice Topal;;56;1968;Merkez;Kuru Dut;3;160,00;480,00;484,80;KREDİ KARTI;NA;Bronz;8,5;
100886;3;02.01.2024;Gümüşhane Çarşı;M-00415;HATİCE TOPAL;Kadın;56;1968;Merkez;Karma Paket;2;710,00;1420,00;1434,20;bilinmiyor;İyi;Bronz;;
100887;1;31.07.2025;Gümüşhane Çarşı;M-00231;Kadir Karataş;E;27;1998;Köse;Dut Pekmezi;1;380,00;380,00;383,80;Kredi Kartı;Orta;Gümüş;20,9;
100890;1;03.08.2024;Gümüşhane Çarşı;M-00024;İbrahim Uzun;E;30;1994;Merkez;Fındıklı sucuk;1;310,00;310,00;313,10;kk;İyi;Gümüş;;
100891;1;22.02.2025;Gümüşhane Çarşı;;;E;;;merkez;Fındıklı Köme;1;375,00;375,00;378,75;NAKİT;;;7,8;
100892;1;10.09.2024 10:41;Gümüşhane Çarşı;M-00384;İbrahim Akgün;E;27;1997;şiran;Cevizli Pestil;5;295,00;1.475,00;1489,75;Nakit;Cok Iyi;Bronz;20,7;
100893;1;2025-07-07;Gümüşhane Çarşı;M-00636;Yaşar Özdemir;E;NA;1945;Merkez;Yayla Balı;5;1060,00;5.300,00;5353,00;kk;İyi;Gümüş;20,7;
100893;2;07.07.2025;Gümüşhane Çarşı;M-00636;YAŞAR ÖZDEMİR;;80;1945;Merkez;Köme;1;460,00;460,00;464,60;KREDİ KARTI;?;Gümüş;250,0;
100896;1;19 Şubat 2024;Gümüşhane Çarşı;MİSAFİR;-;;;;merkez;Yayla Balı;1;680,00;680,00;686,80;POS;Çok İyi;;11,3;
100899;1;30.04.2024;Gümüşhane Çarşı;M-00560;Yaşar Güler;E;32;1992;Torul;Kuru Dut;3;185,00;555,00;560,55;K.Kartı;-;Bronz;17,7;
100899;2;30.04.2024;Gümüşhane Çarşı;560;Yaşar Güler;E;32;1992;TORUL;Cevizli Pestil;4;265,00;1060,00;1.070,60;kk;bilinmiyor;NA;15,8;
100900;1;;Gümüşhane Çarşı;M-00126;Yusuf Şimşek;E;71;1953;Kelkit;Pestil-Köme Karma;1;800,00;800,00;808,00;kk;çok kötü;Gümüş;16,4;
100900;2;01.05.2024;Gümüşhane Çarşı;M-00126;Yusuf Şimşek;Erkek;71;1953;Kelkit ;findikli kome;1;280,00;280,00;282,80;KREDİ KARTI;Orta;Gumus;16,6;
100901;1;03.07.2025;Gümüşhane Çarşı;0;Misafir;Erkek;;;;kuru dut;1;260,00;260,00;262,60;kk;4;;21,5;
100901;2;03.07.2025;Gümüşhane Çarşı;;misafir müşteri;Kadın;;;;erişte;2;150,00;300,00;303,00;K.Kartı;Çok İyi;;22,3;
100901;3;3 Temmuz 2025;Gümüşhane Çarşı;-;-;E;;;;Fındıklı sucuk;2;420,00;840,00;848,40;Kredi Kartı;çok i̇yi;;24,5;
100902;1;28.09.2024;Gümüşhane Çarşı;0;;K;;;;Fındıklı Köme;1;320,00;320,00;323,20;kk;4;;18,8;hediye paketi
100903;1;23.02.2024;Gümüşhane Çarşı;M-00556;Havva Demir;Kadın;75;1949;Merkez;Yayla Balı;1;690,00;690,00;696,90;K.Kartı;İYİ;Altın;8,7;
100903;2;2024-02-23;Gümüşhane Çarşı;M-00556;Havva Demir;K;75;1949;Merkez;Dut Pestili;1;190,00;190,00;191,90;K.Kartı;5;Altın;9,8;
100904;1;25.01.2024;Gümüşhane Çarşı;M-00706;Süleyman Arslan;E;57;1967;Kelkit;Köme;1;285,00;285,00;287,85;havale;yok;BRONZ;10,6;
100907;1;04.08.2024;Gümüşhane Çarşı;M-00163;Yusuf Kaya;E;26;1998;Merkez;Köme;1;345,00;345,00;348,45;POS;;-;20,6;
100910;1;26 Ağustos 2024;Gümüşhane Çarşı;M-00251;Burak Kurt;Erkek;23;2001;Merkez;Köme;4;355,00;1420,00;1434,20;POS;?;Bronz;22,0;
100910;2;26.08.2024;Gümüşhane Çarşı;M-00251;BURAK KURT;Bay;23;2001;Gumushane;Fındıklı Köme;1;315,00;315,00;318,15;Kredi Kartı;yok;BRONZ;22,1;
100911;1;02.02.2024;Gümüşhane Çarşı;M-00804;HÜLYA KARATAŞ;K;32;1992;Merkez ;Köme;1;295,00;295,00;297,95;K.Kartı;5;Bronz;9,9;Almanya'ya gidecek
100914;1;02.09.2025;Gümüşhane Çarşı;M-00290;Burak Coşkun;;58;1967;Kose;Fındıklı sucuk;1;440,00;440,00;444,40;Kredi Kartı;Çok İyi;NA;;
100917;1;21.11.2024;Gümüşhane Çarşı;MİSAFİR;-;E;;;merkez;Eriste;1;120,00;120,00;121,20;Nakıt;5;;11,6;
100917;2;21.11.2024;Gümüşhane Çarşı;;Misafir;E;;;merkez;Kuru Dut;1;220,00;220,00;222,20;POS;4;;NA;
100917;3;21.11.2024;Gümüşhane Çarşı;-;Misafir;E;;;Merkez;Cevizli Pestil;1;315,00;315,00;318,15;K.Kartı;çok i̇yi;;13,2;
100918;1;06.08.2024;Gümüşhane Çarşı;MİSAFİR;;K;;;?;Kuru Dut;1;190,00;190,00;191,90;Kredi Kartı;Çok İyi;;22,2;
100918;2;06.08.2024;Gümüşhane Çarşı;MİSAFİR;Misafir;Kadın;;;;PESTİL;2;225,00;450,00;454,50;Nakıt;;;23,7;
100920;1;06.08.2024;Gümüşhane Çarşı;0;-;Kadın;;;merkez;Cevizli Pestil;2;285,00;570,00;575,70;Nakit;;;24,1;
100920;2;06.08.2024;Gümüşhane Çarşı;;;Kadın;;;merkez;Yayla Balı;4;790,00;3160,00;3191,60;Nakit;Çok İyi;;22,0;
100921;1;04.11.2024;Gümüşhane Çarşı;M-00190;Zeynep Yılmaz;Kadın;24;2000;KÖSE;Eriste;1;115,00;115,00;116,15;havale;;Gümüş;15,5;
100921;2;04.11.2024;Gümüşhane Çarşı;M-00190;Zeynep Yılmaz;K;24;2026;Köse;Karma Paket;1;905,00;905,00;914,05;K.Kartı;;Gümüş;13,7;
100923;1;15.10.2024;Gümüşhane Çarşı;MİSAFİR;Misafir;;;;?;pekmez;6;285,00;1710,00;1727,10;Nakit;?;;19,4;
100923;2;15 Ekim 2024;Gümüşhane Çarşı;0;misafir müşteri;Erkek;;;;Köme;1;355,00;355,00;358,55;nakit;İyi;;13,1;
100924;1;5 Mayıs 2024;Gümüşhane Çarşı;M-00867;KÜBRA DOĞAN;K;55;1969;Torul;kuru dut;1;180,00;180,00;181,80;POS;İyi;-;15,7;
100927;1;2024-06-07;Gümüşhane Çarşı;M-00799;Mustafa Koç;E;47;1977;Merkez;Pestil 500gr;3;205,00;615,00;621,15;kk;İyi;bronz;22,3;
100927;2;07.06.2024;Gümüşhane Çarşı;M-00799;Mustafa Koç;E;47;1977;Gumushane;Yayla Balı;1;755,00;755,00;762,55;KREDİ KARTI;Çok İyi;yok;19,8;
100927;3;07.06.2024;Gümüşhane Çarşı;M-00799;Mustafa Koç;E;47;1977;MERKEZ;Ceviz ici;3;530,00;1590,00;1605,90;Kredi Kartı;yok;yok;25,2;
100928;1;20.03.2024;Gümüşhane Çarşı;M-00056;MERVE ERDOĞAN;k;20;2004;Köse;Cevizli Pestil;3;255,00;765,00;772,65;Havale/EFT;;yok;13,4;
100931;1;04/03/24;Gümüşhane Çarşı;M-00865;YAŞAR KOÇ;Erkek;;1957;Şiran;Dut Pestili;2;190,00;380,00;383,80;NAKİT;yok;Bronz;9,2;
100934;1;27.09.2024;Gümüşhane Çarşı;87;Esra Keskin;k;42;1982;Merkez;Yayla Balı;1;840,00;840,00;848,40;Kart;Çok İyi;Bronz;20,2;
100934;2;27.09.2024;Gümüşhane Çarşı;M-00087;Esra Keskin;Bayan;42;1982;Merkez;kuru dut;1;210,00;210,00;212,10;nakit;Çok İyi;Bronz;18,1;
100934;3;27.09.2024;Gümüşhane Çarşı;87;ESRA KESKİN;K;42;1982;Merkez;Ev Eriştesi;5;115,00;575,00;580,75;yok;İyi;;19,4;
100935;1;08.07.2024;Gümüşhane Çarşı;M-00101;Merve Bayram;Kadın;67;1957;Gurbet - Hollanda;Fındıklı Köme;3;295,00;885,00;893,85;nakit;Cok Iyi;Gümüş;22,5;hediye paketi
100935;2;2024-07-08;Gümüşhane Çarşı;M-00101;Merve Bayram;k;67;1957;HOLLANDA;Dut Pekmezi;1;265,00;265,00;267,65;Nakıt;5;Gümüş;22,2;
100936;1;2025-04-24;Gümüşhane Çarşı;M-00622;Hüseyin Bayram;Erkek;55;1970;Kelkıt;Kuru Dut;14;245,00;3430,00;3.464,30;Nakıt;orta;;16,1;toptan, lokanta
100936;2;24.04.2025;Gümüşhane Çarşı;M-00622;Hüseyin Bayram;E;55;1970;Kelkıt;Pestil-Köme Karma;16;1065,00;17040,00;17.210,40;kk;?;Bronz;16,5;Toptan (otel)
100935;2;2024-07-08;Gümüşhane Çarşı;M-00101;Merve Bayram;k;67;1957;HOLLANDA;Dut Pekmezi;1;265,00;265,00;267,65;Nakıt;5;Gümüş;22,2;
100939;1;21/08/25;Gümüşhane Çarşı;M-00123;HANİFE KARAKAYA;Kadın;52;1966;Gurbet - Kocaeli;Köme;1;470,00;470,00;474,70;K.Kartı;Çok İyi;;yok;
100940;1;2024-10-24;Gümüşhane Çarşı;-;Misafir;;;;merkez;Ev Eriştesi;1;120,00;120,00;121,20;K.Kartı;yok;;18,3;
100936;1;2025-04-24;Gümüşhane Çarşı;M-00622;Hüseyin Bayram;Erkek;55;1970;Kelkıt;Kuru Dut;14;245,00;3430,00;3.464,30;Nakıt;orta;;16,1;toptan, lokanta
100940;2;24.10.2024;Gümüşhane Çarşı;0;Misafir;K;;;merkez;Kuru Dut;1;215,00;215,00;217,15;KREDİ KARTI;;;14,4;
100940;3;24 Ekim 2024;Gümüşhane Çarşı;-;-;E;;;merkez;Fındıklı Köme;2;335,00;670,00;676,70;Kart;;;16,1;bayram siparişi
100941;1;10.12.2024;Gümüşhane Çarşı;M-00477;Gülsüm Karakaya;Kadın;999;1959;Merkez;Ev Eriştesi;1;125,00;125,00;126,25;Nakıt;Çok Kötü;Gümüş;7,3;
100941;2;10.12.2024;Gümüşhane Çarşı;M-00477;GÜLSÜM KARAKAYA;K;65;1959;Merkez;Kuşburnu Marmelatı;5;180,00;900,00;909,00;POS;İyi;yok;10,2;
100941;3;10.12.2024;Gümüşhane Çarşı;M-00477;Gülsüm  Karakaya ;K;65;1959;Merkez;Dut pekmezi 1 kg;1;310,00;310,00;313,10;Nakit;Cok Iyi;Gümüş;10,2;
100944;1;15.01.2024 15:00;Gümüşhane Çarşı;M-00858;Kadir Kaya;Bay;60;1964;Kelkit;ceviz;5;450,00;2250,00;2272,50;Kredi Kartı;yok;gümüş;6,8;
100944;2;15.01.2024;Gümüşhane Çarşı;M-00858;Kadir Kaya;e;60;1964;Kelkit;Cevizli Pestil;1;240,00;240,00;242,40;K.Kartı;;NA;8,7;
100947;1;2024-07-31;Gümüşhane Çarşı;M-00870;Nurcan Bayram;K;42;1982;Merkez ;Karma Paket;2;840,00;1680,00;1696,80;NAKİT;Çok İyi;Gümüş;24,3;
100947;2;2024-07-31;Gümüşhane Çarşı;M-00870;Nurcan Bayram;K;42;1982;Merkez;Cevizli Pestil;1;290,00;290,00;292,90;K.Kartı;İyi;Gümüş;22,5;
100949;1;17.12.2024;Gümüşhane Çarşı;M-00550;Ali Uzun;E;73;1951;Köse;dut pestil;4;250,00;1.000,00;1010,00;Havale/EFT;İyi;altın;7,4;
100951;1;;Gümüşhane Çarşı;-;;;;;;erişte;1;115,00;115,00;116,15;K.Kartı;Orta;;18,8;
100951;2;25.09.2024;Gümüşhane Çarşı;0;Misafir;;;;merkez;Dut Pekmezi;3;285,00;855,00;863,55;NAKİT;Çok İyi;;19,5;
100951;3;25.09.2024;Gümüşhane Çarşı;MİSAFİR;;;;;;Bal 850gr;1;830,00;830,00;838,30;K.Kartı;;;18,5;
100949;1;17.12.2024;Gümüşhane Çarşı;M-00550;Ali Uzun;E;73;1951;Köse;dut pestil;4;250,00;1.000,00;1010,00;Havale/EFT;İyi;altın;7,4;
100954;1;09.08.2025 19:23;Gümüşhane Çarşı;;;E;;;Merkez;Kuşburnu Marmelatı;1;220,00;220,00;222,20;Havale;-;;20,1;Almanya'ya gidecek
100954;2;09.08.2025;Gümüşhane Çarşı;0;Misafir;E;;;;Ev Eriştesi;2;155,00;310,00;313,10;nakit;İyi;;25,3;
100957;1;2025-03-25;Gümüşhane Çarşı;687;Serife Akgun;K;65;1960;MERKEZ;Ceviz İçi;2;665,00;1330,00;1343,30;POS;yok;Gümüş;13,8;
100960;1;21/08/25;Gümüşhane Çarşı;M-00332;DERYA GÜLER;Kadın;69;1956;Torul;Dut Pestili;1;305,00;305,00;308,05;Nakıt;Çok İyi;Bronz;23,1;
100960;2;21.08.2025;Gümüşhane Çarşı;M-00332;DERYA GÜLER;K;69;1956;Torul;Karma Paket;2;119500,00;2390,00;2413,90;K.Kartı;Kötü;Bronz;22,5;
100960;3;21/08/25;Gümüşhane Çarşı;M-00332;Derya Güler;k;69;1956;Torul;Kuşburnu Marmelatı;1;230,00;230,00;232,30;Nakit;Çok İyi;?;20,0;
100963;1;10.02.2024;Gümüşhane Çarşı;M-00811;Zeynep Çelik;k;69;1955;Torul;pekmez;1;230,00;230,00;232,30;POS;İyi;GÜMÜŞ;10,5;
100963;2;2024-02-10;Gümüşhane Çarşı;M-00811;Zeynep  Çelik ;Kadın;69;1955;torul;Kuşburnu Marmelatı;2;yok;280,00;282,80;kk;;Gümüş;11,0;
100964;1;27.11.2024 09:02;Gümüşhane Çarşı;M-00713;Büşra  Öztürk ;;57;1967;Merkez;Köme;1;390,00;390,00;393,90;KREDİ KARTI;Iyi;Bronz;10,8;
100964;2;27 Kasım 2024;Gümüşhane Çarşı;M-00713;Büşra Öztürk;Kadın;57;1967;Merkez;ceviz;1;610,00;610,00;616,10;K.Kartı;bilinmiyor;Bronz;13,1;
100965;1;2025-08-01;Gümüşhane Çarşı;M-00360;Ayşe Yıldız;;61;1964;Kürtün;Köme;1;475,00;475,00;479,75;NAKİT;4;Bronz;21,0;
100966;1;05/10/24;Gümüşhane Çarşı;M-00542;Havva Karakaya;K;70;1954;Merkez;Eriste;1;115,00;115,00;116,15;Havale/EFT;Çok İyi;Altın;17,2;
100966;2;05/10/24;Gümüşhane Çarşı;M-00542;Havva Karakaya;K;70;1954;Merkez;Kuru Dut;1;205,00;205,00;207,05;Nakit;bilinmiyor;ALTIN;20,2;
100966;2;05/10/24;Gümüşhane Çarşı;M-00542;Havva Karakaya;K;70;1954;Merkez;Kuru Dut;1;205,00;205,00;207,05;Nakit;bilinmiyor;ALTIN;20,2;
100969;1;03.08.2024;Gümüşhane Çarşı;;Misafir;Kadın;;;?;Cevizli Pestil;1;295,00;295,00;297,95;nakit;?;;20,1;
100969;2;3 Ağustos 2024;Gümüşhane Çarşı;MİSAFİR;Misafir;Erkek;;;;pekmez;1;275,00;275,00;277,75;KREDİ KARTI;Çok İyi;;;
100970;1;28.01.2025;Gümüşhane Çarşı;M-00634;Enes Coskun;Bay;63;1962;Merkez;Fındıklı sucuk;1;365,00;365,00;368,65;K.Kartı;İyi;Bronz;10,9;
100972;1;30.06.2025;Gümüşhane Çarşı;M-00529;Furkan  Kaya ;E;63;1962;Siran;Eriste;2;150,00;300,00;303,00;POS;i̇yi;Altın;23,3;
100972;2;2025-06-30;Gümüşhane Çarşı;M-00529;Furkan Kaya;E;63;1962;Şiran;Köme;3;465,00;1.395,00;1.408,95;Kredi Kartı;İyi;Altin;yok;
100972;3;30.06.2025;Gümüşhane Çarşı;M-00529;Furkan Kaya;E;63;1962;Şiran;kusburnu marmelat;1;210,00;210,00;212,10;kk;yok;Altın;24,8;
100972;1;30.06.2025;Gümüşhane Çarşı;M-00529;Furkan  Kaya ;E;63;1962;Siran;Eriste;2;150,00;300,00;303,00;POS;i̇yi;Altın;23,3;
100975;1;5 Eylül 2025;Gümüşhane Çarşı;MİSAFİR;-;Kadın;;;Merkez;Fındıklı Köme;999;440,00;440,00;444,40;Kart;Çok Kötü;;19,2;
100975;2;05.09.2025;Gümüşhane Çarşı;;;Erkek;;;;Yayla Balı;4;1100,00;4400,00;4444,00;POS;5;;21,7;
100975;3;5 Eylül 2025;Gümüşhane Çarşı;-;misafir müşteri;;;;;Ev Eriştesi;2;155,00;310,00;313,10;kk;bilinmiyor;;21,9;bayram siparişi
100976;1;2025-08-09;Gümüşhane Çarşı;M-00574;Emre  Öztürk ;E;37;1988;Kelkit;Dut Pekmezi;1;365,00;365,00;368,65;POS;-;?;23,6;
100977;1;2024-07-06;Gümüşhane Çarşı;M-00152;Aysel Kılıç;K;59;1965;Şiran;dut pestil;2;215,00;430,00;434,30;Nakıt;-;-;19,9;
100977;2;06.07.2024;Gümüşhane Çarşı;M-00152;Aysel Kılıç;K;59;1965;ŞİRAN;Fındıklı Köme;4;300,00;1200,00;1212,00;NAKİT;NA;Bronz;23,0;
100977;3;06.07.2024;Gümüşhane Çarşı;152;Aysel Kılıç;K;59;1965;şiran;köme 500gr;2;340,00;680,00;686,80;Havale/EFT;;Bronz;21,0;
100980;1;23.10.2024;Gümüşhane Çarşı;-;;;;;merkez;karma pkt;1;920,00;920,00;929,20;POS;çok i̇yi;;15,3;tadım yaptı
100980;2;23.10.2024;Gümüşhane Çarşı;;-;K;;;merkez;Dut (kuru);1;210,00;210,00;212,10;Havale/EFT;;;14,6;
100982;1;26.10.2024;Gümüşhane Çarşı;M-00229;Hatice Keskin;K;62;1962;Şiran;Ceviz İçi;2;600,00;1.200,00;1212,00;KREDİ KARTI;Iyi;Bronz;14,1;
100982;2;26 Ekim 2024;Gümüşhane Çarşı;M-00229;HATİCE KESKİN;Bayan;62;1962;Şiran;Dut Pestili;2;235,00;470,00;474,70;KREDİ KARTI;İyi;Bronz;14,9;
100984;1;7 Temmuz 2024;Gümüşhane Çarşı;M-00110;Cemal Uzun;E;48;1976;Merkez;Dut Pestili;1;215,00;215,00;217,15;kk;Orta;Altın;24,1;
100984;2;;Gümüşhane Çarşı;M-00110;Cemal Uzun;e;48;1976;Merkez;Dut Pekmezi;1;265,00;265,00;267,65;Nakit;-;altın;21,1;
100987;1;25.04.2025;Gümüşhane Çarşı;M-00026;Esra Arslan;Kadın;41;1984;Kelkit;Dut Pekmezi;2;350,00;700,00;707,00;NAKİT;Iyi;Gümüş;12,6;
100987;2;25/04/25;Gümüşhane Çarşı;M-00026;Esra Arslan;Kadın;41;1984;Kelkit;Kome;1;440,00;440,00;444,40;Kredi Kartı;Çok İyi;Gumus;18,2;
100990;1;13/08/25;Gümüşhane Çarşı;;-;;;;merkez;Kuru Dut;1;270,00;270,00;272,70;K.Kartı;Çok İyi;;-;
100991;1;2025-08-15;Gümüşhane Çarşı;M-00069;Kübra Erdoğan;K;45;1980;Kelkit;kuru dut;1;270,00;270,00;272,70;kk;İyi;Gumus;21,8;
100991;2;15.08.2025;Gümüşhane Çarşı;M-00069;Kübra Erdoğan;k;45;1980;Kelkit;Köme;2;490,00;980,00;989,80;POS;4;Gümüş;24,1;
100991;3;15.08.2025;Gümüşhane Çarşı;M-00069;Kübra Erdoğan;K;45;1980;Kelkit;Dut Pestili;4;305,00;1.220,00;1232,20;kk;-;Gümüş;21,9;
100994;1;26.08.2025;Gümüşhane Çarşı;22;Sultan Koç;K;38;1987;Merkez;Cevizli Pestil;1;405,00;405,00;409,05;K.Kartı;Orta;Bronz;20,8;
100994;2;26.08.2025;Gümüşhane Çarşı;M-00022;Sultan Koç;K;38;1987;Merkez;Dut Pekmezi;6;390,00;2340,00;2363,40;KREDİ KARTI;Iyi;Bronz;22,0;
100997;1;15.06.2024;Gümüşhane Çarşı;M-00048;Kübra Gümüş;;62;1962;Kose;Ceviz İçi;1;520,00;520,00;525,20;havale;Çok İyi;yok;21,8;
100997;2;15.06.2024;Gümüşhane Çarşı;M-00048;Kübra Gümüş;;62;1962;Köse;Cevizli Pestil;1;285,00;285,00;287,85;kk;Iyi;gümüş;21,0;
100997;3;15.06.2024;Gümüşhane Çarşı;M-00048;Kübra Gümüş;K;62;1962;Kose;Fındıklı Köme;3;295,00;885,00;893,85;havale;İyi;Gümüş;22,7;
100999;1;2025-06-16;Gümüşhane Çarşı;-;misafir müşteri;K;;;Merkez;Fındıklı Köme;1;395,00;395,00;398,95;KREDİ KARTI;İyi;;21,5;yurt dışı - valizde
101001;1;05.04.2024;Gümüşhane Çarşı;23;ZEKİ ÇELİK;Erkek;28;1996;TORUL;Yayla Balı;1;710,00;710,00;717,10;Kart;İyi;gümüş;14,5;
101001;2;2024-04-05;Gümüşhane Çarşı;M-00023;Zeki Celik;E;28;1996;Torul;Karma Paket;1;760,00;760,00;767,60;NAKİT;İyi;Gumus;14,5;
101004;1;10.04.2024;Gümüşhane Çarşı;M-00042;ŞERİFE KAYA;Kadın;60;1964;Kürtün;Yayla Balı;5;705,00;3525,00;3560,25;KREDİ KARTI;bilinmiyor;Altın;14,2;
101004;2;10.04.2024;Gümüşhane Çarşı;M-00042;Şerife Kaya;K;60;1964;Kürtün;Dut pekmezi 1 kg;1;240,00;240,00;242,40;Nakit;yok;Altın;14,3;paketi sağlam yapın
101006;1;21.08.2025;Gümüşhane Çarşı;M-00395;Ömer Özdemir;E;69;1956;Köse;Pestil-Köme Karma;2;1235,00;2.470,00;2494,70;kk;İyi;Gümüş;bilinmiyor;
101008;1;07.10.2024;Gümüşhane Çarşı;M-00432;Nermin Karataş;K;73;1951;Torul;findikli kome;1;320,00;320,00;323,20;Nakit;Cok Iyi;Gümüş;16,5;
101009;1;13.06.2024;Gümüşhane Çarşı;-;;Erkek;;;?;Kuru Dut;2;190,00;380,00;383,80;kk;?;;21,4;
101009;2;13.06.2024;Gümüşhane Çarşı;MİSAFİR;Misafir;;;;merkez;Karma Paket;1;810,00;810,00;818,10;nakit;5;;23,3;
101011;1;01/06/25;Gümüşhane Çarşı;-;-;;;;?;ceviz;1;730,00;730,00;737,30;NAKİT;İyi;;22,9;
101011;2;01.06.2025;Gümüşhane Çarşı;;;Erkek;;;;Dut Pestili;1;290,00;290,00;292,90;Nakıt;Çok Kötü;;19,9;
101011;3;2025-06-01;Gümüşhane Çarşı;-;Misafir;Erkek;;;;Cevizli Pestil;1;380,00;380,00;383,80;nakit;5;;19,8;
101012;1;2024-07-12;Gümüşhane Çarşı;MİSAFİR;;E;;;merkez;Cevizli Pestil;1;290,00;290,00;292,90;kk;NA;;25,4;
101013;1;2025-03-12;Gümüşhane Çarşı;;;Erkek;;;merkez;Dut Pekmezi;2;335,00;670,00;676,70;Kredi Kartı;Çok İyi;;85,0;
101013;2;12.03.2025;Gümüşhane Çarşı;;;;;;merkez;Kuşburnu;1;195,00;195,00;196,95;KREDİ KARTI;;;11,8;
101013;3;12.03.2025;Gümüşhane Çarşı;0;-;K;;;;Pestil (cevizli);5;365,00;1825,00;1.843,25;Kart;i̇yi;;12,0;Almanya'ya gidecek
101016;1;01.06.2024;Gümüşhane Çarşı;M-00843;Fatma Doğan;Kadın;77;1947;Torul;erişte;2;105,00;210,00;212,10;Havale;Orta;Bronz;20,8;bayram siparişi
101016;2;01/06/24;Gümüşhane Çarşı;M-00843;Fatma Doğan;Kadın;77;1947;Torul;Dut Pestili;2;205,00;410,00;414,10;kk;İyi;Bronz;17,3;
101016;3;01/06/24;Gümüşhane Çarşı;M-00843;Fatma Doğan;k;77;1947;Torul;Kuşburnu Marmelatı;1;145,00;145,00;146,45;K.Kartı;Orta;Bronz;20,1;
101017;1;2 Ağustos 2025;Gümüşhane Çarşı;M-00599;YAŞAR POLAT;e;51;1974;Merkez;Kuşburnu Marmelatı;1;215,00;215,00;217,15;havale;orta;Bronz;25,8;tadım yaptı
101017;2;02.08.2025;Gümüşhane Çarşı;M-00599;YAŞAR POLAT;;51;1974;Merkez;Karma Paket;1;1.155,00;1155,00;1166,55;KREDİ KARTI;-;bronz;21,8;
101018;1;24.02.2025;Gümüşhane Çarşı;M-00692;İbrahim Kaya;Erkek;66;1959;MERKEZ;Karma Paket;1;1.035,00;1.035,00;1.045,35;Kredi Kartı;ÇOK İYİ;Gümüş;10,3;
101020;1;23/07/24;Gümüşhane Çarşı;M-00353;SONGÜL TOPAL;k;55;1969;İstanbul (gurbetçi);Kuşburnu Marmelatı;1;155,00;155,00;156,55;Kredi Kartı;Çok İyi;;21,7;yarısı sonra ödenecek
101020;2;23 Temmuz 2024;Gümüşhane Çarşı;M-00353;Songül Topal;Kadın;55;1969;İstanbul;Ceviz ici;3;540,00;1620,00;1636,20;EFT;yok;Bronz;22,1;
101020;3;23.07.2024;Gümüşhane Çarşı;353;Songül Topal;Kadın;55;1969;İSTANBUL;Cevizli Pestil;3;285,00;855,00;863,55;Kredi Kartı;Çok İyi;bronz;24,5;
101022;1;24/04/25;Gümüşhane Çarşı;;misafir müşteri;;;;Merkez;Yayla Balı;1;1030,00;1030,00;1040,30;K.Kartı;i̇yi;;18,1;
101024;1;28.11.2024;Gümüşhane Çarşı;M-00415;Hatice Topal;Kadın;56;1968;merkez;Pestil-Köme Karma;1;925,00;925,00;934,25;KREDİ KARTI;İyi;Bronz;11,8;paketi sağlam yapın
101024;2;28/11/24;Gümüşhane Çarşı;M-00415;HATİCE TOPAL;k;56;1968;Merkez;Kuşburnu Marmelatı;3;170,00;510,00;515,10;KREDİ KARTI;Çok İyi;Bronz;11,1;
101026;1;26.04.2024;Gümüşhane Çarşı;M-00612;Erol Aslan;E;62;1962;Kelkit;Dut (kuru);1;180,00;180,00;181,80;Havale;yok;Gumus;18,6;
;;;Gümüşhane Çarşı;;;;;;;;;;;;;;;;
101026;2;26.04.2024;Gümüşhane Çarşı;M-00612;Erol Aslan;Erkek;62;1962;Kelkit;Dut Pekmezi;2;250,00;500,00;505,00;Kart;Çok İyi;gümüş;16,7;
101029;1;18.10.2024;Gümüşhane Çarşı;-;;;;;;Cevizli Sucuk;5;375,00;1875,00;1893,75;Kart;;;18,4;
101029;2;18 Ekim 2024;Gümüşhane Çarşı;MİSAFİR;;;;;;Cevizli Pestil;1;315,00;315,00;318,15;Kredi Kartı;çok i̇yi;;250,0;
101029;3;18 Ekim 2024;Gümüşhane Çarşı;0;-;Kadın;;;;bal;3;825,00;2.475,00;2499,75;Nakit;?;;15,8;
101031;1;06.06.2025;Gümüşhane Çarşı;M-00815;Halil Kara;e;28;1997;Merkez;Cevizli Pestil;1;395,00;395,00;398,95;KREDİ KARTI;İyi;bronz;20,4;
101031;2;2025-06-06;Gümüşhane Çarşı;M-00815;Halil Kara;e;28;1997;Merkez;Yayla Balı;1;1040,00;1040,00;1050,40;Kredi Kartı;3;Bronz;19,5;
101032;1;28 Kasım 2024;Gümüşhane Çarşı;-;misafir müşteri;E;;;merkez;ceviz;2;620,00;1240,00;1252,40;nakit;-;;12,2;
101033;1;25.03.2025;Gümüşhane Çarşı;M-00398;Kemal Bulut;Bay;64;1976;KÖSE;Kuşburnu Marmelatı;3;195,00;585,00;590,85;K.Kartı;Çok İyi;Gümüş;13,3;
101035;1;15.10.2024;Gümüşhane Çarşı;0;;Kadın;;;Merkez;Dut Pekmezi;2;290,00;580,00;585,80;K.Kartı;İyi;;18,1;
101038;1;25 Şubat 2025;Gümüşhane Çarşı;0;Misafir;;;;merkez;pekmez;5;315,00;1575,00;1590,75;kk;Orta;;10,5;
101040;1;;Gümüşhane Çarşı;M-00540;Furkan Arslan;E;36;1988;Merkez;Dut Pekmezi;2;275,00;550,00;555,50;Havale;Cok Kotu;Gümüş;23,8;
101042;1;25.06.2025;Gümüşhane Çarşı;M-00505;Büşra Bulut;Kadın;24;2001;Torul;Köme;2;445,00;890,00;898,90;K.Kartı;bilinmiyor;Bronz;yok;
101045;1;13.04.2024;Gümüşhane Çarşı;M-00327;Gülsüm Koç;;36;1988;Merkez;Bal 850gr;3;710,00;2130,00;2151,30;POS;;Bronz;14,6;
101045;2;13.04.2024;Gümüşhane Çarşı;327;Gülsüm Koç;k;36;1988;Merkez;Köme;-3;300,00;900,00;909,00;Kart;yok;Bronz;14,5;
101046;1;18.11.2024;Gümüşhane Çarşı;320;Recep Tekin;Bay;52;1972;Merkez;pestil;1;240,00;240,00;242,40;NAKİT;bilinmiyor;Gümüş;14,4;
101046;2;18 Kasım 2024;Gümüşhane Çarşı;M-00320;Recep Tekin;e;52;1972;Merkez;Fındıklı Köme;1;330,00;330,00;333,30;Nakıt;Iyi;Gümüş;12,0;
101046;3;18 Kasım 2024;Gümüşhane Çarşı;M-00320;Recep Tekin;Erkek;52;1972;Merkez;erişte;2;125,00;250,00;252,50;;Çok İyi;Gümüş;14,3;
101048;1;7 Eylül 2025;Gümüşhane Çarşı;;misafir müşteri;K;;;merkez;Dut pekmezi 1 kg;5;385,00;1925,00;1944,25;Nakit;;;23,1;
101051;1;2024-08-26;Gümüşhane Çarşı;M-00078;Murat Arslan;Bay;20;2004;GÜMÜŞHANE;Ceviz İçi;1;555,00;555,00;560,55;Kredi Kartı;Iyi;Bronz;22,9;
101052;1;29.10.2024;Gümüşhane Çarşı;M-00111;Ahmet Yıldız;;51;1973;torul;Kuşburnu Marmelatı;2;170,00;340,00;343,40;Nakit;İyi;Bronz;15,4;
101053;1;26.09.2025;Gümüşhane Çarşı;M-00503;Ömer Coşkun;e;56;1969;Gümüşhane Merkez;köme 500gr;1;495,00;495,00;499,95;KREDİ KARTI;İyi;Bronz;17,2;
101053;2;26.09.2025;Gümüşhane Çarşı;M-00503;Ömer Coşkun;Erkek;56;1969;Merkez;Ev Eriştesi;1;160,00;160,00;161,60;Kredi Kartı;5;Bronz;19,1;
101054;1;2024-03-15;Gümüşhane Çarşı;M-00638;HÜLYA YILDIZ;K;71;1953;Merkez;kuru dut;5;170,00;850,00;858,50;;NA;Gümüş;12,4;
101054;2;15.03.2024;Gümüşhane Çarşı;M-00638;Hülya Yıldız;K;71;1953;Merkez;Kuşburnu Marmelatı;2;135,00;270,00;272,70;kk;bilinmiyor;Gümüş;12,6;
101054;3;2024-03-15;Gümüşhane Çarşı;M-00638;Hülya Yıldız;;71;1953;GÜMÜŞHANE;Pestil (cevizli);3;250,00;750,00;757,50;Nakit;bilinmiyor;Gümüş;10,2;
101056;1;28/03/25;Gümüşhane Çarşı;M-00433;Enes Erdoğan;Erkek;25;1993;Köse;Karma Paket;1;1.030,00;1.030,00;1040,30;Kart;4;Gümüş;12,0;
101056;2;28.03.2025;Gümüşhane Çarşı;M-00433;Enes Erdoğan;Erkek;25;1993;Köse;Ceviz İçi;1;675,00;675,00;681,75;nakit;-;Gümüş;14,2;
101056;3;28/03/25;Gümüşhane Çarşı;433;Enes Erdoğan;E;25;2000;Köse;Cevizli Pestil;2;355,00;710,00;717,10;KREDİ KARTI;bilinmiyor;Gümüş;13,6;
101059;1;9 Kasım 2024;Gümüşhane Çarşı;M-00337;Nermin Gumus;Bayan;53;1971;Siran;Ceviz İçi;1;610,00;610,00;616,10;Havale;;Bronz;14,8;
101059;2;2024-11-09;Gümüşhane Çarşı;M-00337;Nermin Gümüş;K;53;1971;Şiran;Karma Paket;1;945,00;945,00;954,45;K.Kartı;Orta;Bronz;14,3;
101059;3;09.11.2024;Gümüşhane Çarşı;M-00337;Nermin Gümüş;Kadın;53;1971;Şiran;Kuru Dut;3;215,00;645,00;651,45;Nakıt;5;Bronz;14,0;
101061;1;16/07/24;Gümüşhane Çarşı;M-00743;Hanife Aslan;Kadın;70;1954;KELKİT;Cevizli Pestil;2;-;580,00;585,80;kk;İyi;Gümüş;22,9;
101061;2;16.07.2024;Gümüşhane Çarşı;M-00743;Hanife Aslan;K;70;1954;Kelkit;Ev Eriştesi;1;110,00;110,00;111,10;Nakıt;Orta;Gümüş;25,1;
101064;1;22 Mart 2025;Gümüşhane Çarşı;M-00218;Aysel Çetin;;37;1988;Merkez;Kuşburnu;2;195,00;390,00;393,90;kk;Çok İyi;Gumus;13,3;
101065;1;27 Kasım 2024;Gümüşhane Çarşı;M-00640;Esra Gümüş;K;bilinmiyor;1950;Merkez;Kuşburnu Marmelatı;1;175,00;175,00;176,75;K.Kartı;Orta;-;10,9;
101065;2;27.11.2024;Gümüşhane Çarşı;M-00640;Esra Gümüş;k;74;1950;MERKEZ;Yayla Balı;1;895,00;895,00;903,95;Kart;kötü;Gümüş;12,4;
101067;1;2024-09-02;Gümüşhane Çarşı;M-00248;Derya Öztürk;K;31;1993;Torul;kuru dut;1;205,00;205,00;207,05;KREDİ KARTI;;gümüş;19,9;
101070;1;2025-01-07;Gümüşhane Çarşı;M-00517;Süleyman Tekin;E;80;1945;Kürtün;Kome;1;395,00;395,00;398,95;K.Kartı;Kötü;Bronz;9,8;
101070;2;07.01.2025;Gümüşhane Çarşı;517;Süleyman Tekin;E;80;1945;Kürtun;Cevizli Pestil;5;340,00;1.700,00;1.717,00;kk;bilinmiyor;BRONZ;8,8;
101070;3;07.01.2025;Gümüşhane Çarşı;M-00517;Süleyman Tekin;E;80;1945;Kürtün;Ceviz İçi;1;640,00;640,00;646,40;K.Kartı;-;Bronz;7,7;
101073;1;19/09/24;Gümüşhane Çarşı;;Misafir;K;;;;Fındıklı Köme;1;310,00;310,00;313,10;POS;İyi;;18,1;
101073;2;2024-09-19;Gümüşhane Çarşı;;Misafir;Kadın;;;Merkez;Ceviz İçi;1;570,00;570,00;575,70;Kredi Kartı;NA;;19,9;
101076;1;15.06.2024;Gümüşhane Çarşı;0;misafir müşteri;;;;?;karma pkt;2;830,00;1660,00;1.676,60;Kredi Kartı;Cok Iyi;;21,6;
101076;2;2024-06-15;Gümüşhane Çarşı;MİSAFİR;misafir müşteri;K;;;;Ceviz ici;1;525,00;525,00;530,25;Nakit;4;;23,2;paketi sağlam yapın
101077;1;19.08.2025;Gümüşhane Çarşı;;Misafir;K;;;;Ceviz İçi;1;785,00;785,00;792,85;kk;Çok İyi;;21,2;
101076;2;2024-06-15;Gümüşhane Çarşı;MİSAFİR;misafir müşteri;K;;;;Ceviz ici;1;525,00;525,00;530,25;Nakit;4;;23,2;paketi sağlam yapın
101078;1;02.08.2025;Gümüşhane Çarşı;0;misafir müşteri;Kadın;;;;ceviz;3;775,00;2325,00;2348,25;KREDİ KARTI;;;23,7;
101080;1;11/07/24;Gümüşhane Çarşı;228;HÜLYA YILDIZ;Kadın;73;1951;Kelkit;kusburnu marmelat;1;155,00;155,00;156,55;Kredi Kartı;-;bilinmiyor;22,9;
101080;2;2024-07-11;Gümüşhane Çarşı;M-00228;Hülya Yıldız;K;73;1951;Kelkit;Fındıklı Köme;6;290,00;1.740,00;1757,40;KREDİ KARTI;yok;Bronz;22,0;
101080;3;11/07/24;Gümüşhane Çarşı;M-00228;Hülya Yıldız;K;73;1951;Kelkit ;bal;1;770,00;770,00;777,70;K.Kartı;İyi;Bronz;22,8;
101081;1;04.10.2024;Gümüşhane Çarşı;M-00208;Zeki Ozdemir;e;44;1980;Torul;Kuru Dut;5;;1050,00;1060,50;KREDİ KARTI;İyi;Altın;19,8;
101081;2;04/10/24;Gümüşhane Çarşı;M-00208;ZEKİ ÖZDEMİR;E;44;1980;Torul;Dut pekmezi 1 kg;1;290,00;290,00;292,90;K.Kartı;-;Altin;17,8;
101084;1;04.08.2025;Gümüşhane Çarşı;M-00315;Sevgi Keskin;k;23;2026;GÜMÜŞHANE;Ev Eriştesi;1;155,00;155,00;156,55;Nakıt;;Bronz;23,8;
101084;2;04.08.2025;Gümüşhane Çarşı;M-00315;Sevgi Keskin;Bayan;23;2002;Merkez;Cevizli Pestil;1;415,00;415,00;419,15;K.Kartı;İyi;Bronz;21,7;
101084;3;2025-08-04;Gümüşhane Çarşı;M-00315;Sevgi Keskin;;23;2002;Merkez;kusburnu marmelat;3;215,00;977,50;651,45;kk;4;Bronz;22,6;
101087;1;22.08.2025;Gümüşhane Çarşı;M-00307;Büşra Karakaya;K;207;1957;İstanbul (gurbetçi);cevizli pestil;4;410,00;1640,00;1656,40;nakit;İYİ;Gumus;22,2;
101089;1;23.03.2024 17:40;Gümüşhane Çarşı;M-00622;Hüseyin Bayram;E;54;1970;Kelkit;Dut Pekmezi;2;240,00;480,00;484,80;nakit;İYİ;Bronz;13,5;
101089;2;23 Mart 2024;Gümüşhane Çarşı;M-00622;Hüseyin Bayram;;54;1970;kelkit;Karma Paket;2;760,00;1520,00;1.535,20;Kart;?;Bronz;13,3;
101089;3;23.03.2024;Gümüşhane Çarşı;622;Hüseyin Bayram;Erkek;54;1970;Kelkit;Fındıklı Köme;4;275,00;1.100,00;1.111,00;Nakit;i̇yi;Bronz;14,6;
101090;1;;Gümüşhane Çarşı;M-00290;Burak Coşkun;E;57;1967;Köse;Karma Paket;2;880,00;1760,00;1777,60;nakit;;?;19,9;
101090;2;17.09.2024;Gümüşhane Çarşı;M-00290;Burak Coşkun;Bay;57;1967;Köse;Dut Pekmezi;1;270,00;270,00;272,70;NAKİT;Çok İyi;Bronz;17,2;
101089;2;23 Mart 2024;Gümüşhane Çarşı;M-00622;Hüseyin Bayram;;54;1970;kelkit;Karma Paket;2;760,00;1520,00;1.535,20;Kart;?;Bronz;13,3;
101089;2;23 Mart 2024;Gümüşhane Çarşı;M-00622;Hüseyin Bayram ;;54;1970;kelkit;karma paket;2;760,00;1520,00;1.535,20;Kart;?;Bronz;13,3;
101091;1;2024-11-27;Gümüşhane Çarşı;M-00693;Mustafa Topal;Erkek;55;1969;Kelkit;Cevizli sucuk (köme);2;375,00;750,00;757,50;Havale/EFT;;Altın;10,0;
101091;2;2024-11-27;Gümüşhane Çarşı;M-00693;Mustafa Topal;E;207;1969;Kelkit;PESTİL;2;240,00;480,00;484,80;Havale;Çok Kötü;Altın;11,5;
101093;1;2024-01-19;Gümüşhane Çarşı;M-00823;Cemal Karatas;;27;1997;Merkez;Fındıklı Köme;1;250,00;250,00;252,50;Nakit;Orta;Altın;8,3;
101093;2;19.01.2024;Gümüşhane Çarşı;M-00823;Cemal Karataş;E;27;1997;Merkez ;Cevizli sucuk (köme);1;285,00;285,00;287,85;KREDİ KARTI;Çok İyi;Altın;8,6;
101093;3;19/01/24;Gümüşhane Çarşı;M-00823;CEMAL KARATAŞ;E;27;1997;Merkez;bal;1;675,00;675,00;681,75;Nakit;i̇yi;Altın;8,3;
101094;1;24.07.2024;Gümüşhane Çarşı;MİSAFİR;-;E;;;;Köme;1;340,00;340,00;343,40;POS;i̇yi;;26,3;
101097;1;28.08.2025;Gümüşhane Çarşı;M-00787;Kemal Aslan;e;79;1946;Kelkit;Kuşburnu Marmelatı;1;225,00;225,00;227,25;Kredi Kartı;-;Bronz;20,7;
101097;2;2025-08-28;Gümüşhane Çarşı;M-00787;Kemal Aslan;E;79;1934;Kelkit;Kuru Dut;1;275,00;275,00;277,75;KREDİ KARTI;bilinmiyor;BRONZ;23,4;
101097;3;28 Ağustos 2025;Gümüşhane Çarşı;M-00787;Kemal Aslan;E;79;1946;Kelkit;Dut Pekmezi;1;39000,00;390,00;393,90;POS;Çok İyi;Bronz;21,7;
101098;1;26.05.2025;Gümüşhane Çarşı;M-00303;Kemal Gümüş;e;32;1986;Merkez;Köme;1;445,00;445,00;449,45;K.Kartı;bilinmiyor;Gümüş;19,9;
101098;2;;Gümüşhane Çarşı;M-00303;Kemal Gümüş;E;32;1993;Merkez;Dut Pekmezi;2;355,00;710,00;717,10;Nakit;yok;Gümüş;20,4;
101100;1;22.06.2024;Gümüşhane Çarşı;0;-;Erkek;;;merkez;Köme;1;320,00;320,00;323,20;K.Kartı;bilinmiyor;;22,7;
101102;1;24.10.2024 12:39;Gümüşhane Çarşı;M-00019;ELİF ŞİMŞEK;K;35;1989;Şiran;Bal 850gr;5;830,00;4.150,00;4191,50;NAKİT;bilinmiyor;;14,8;
101102;2;24.10.2024 15:20;Gümüşhane Çarşı;M-00019;Elif Şimşek;K;35;1989;Siran;Kuşburnu;1;170,00;170,00;171,70;Nakit;orta;Bronz;bilinmiyor;
101102;3;24.10.2024;Gümüşhane Çarşı;M-00019;Elif Şimşek;K;35;1989;Siran;Ceviz İçi;2;590,00;1180,00;1191,80;Kart;5;BRONZ;16,9;
101103;1;03.08.2024;Gümüşhane Çarşı;MİSAFİR;Misafir;;;;merkez;Pestil 500gr;1;215,00;215,00;217,15;kk;Çok İyi;;21,0;
101106;1;04.07.2025;Gümüşhane Çarşı;0;misafir müşteri;;;;;Dut Pestili;1;300,00;300,00;303,00;NAKİT;bilinmiyor;;21,0;
101108;1;08.12.2024;Gümüşhane Çarşı;-;;;;;?;erişte;2;12.500,00;250,00;252,50;NAKİT;yok;;10,4;tadım yaptı
101108;2;08.12.2024;Gümüşhane Çarşı;;;;;;?;Yayla Balı;2;875,00;1750,00;1767,50;EFT;4;;9,8;
101109;1;2025-02-14;Gümüşhane Çarşı;893;FURKAN ŞAHİN;E;71;1954;Merkez;Fındıklı Köme;3;355,00;1.065,00;1075,65;Nakit;;Bronz;8,4;
101109;2;2025-02-14;Gümüşhane Çarşı;M-00893;Furkan Sahin;;71;1954;Kelkit;Dut Pekmezi;1;325,00;325,00;328,25;K.Kartı;İyi;Bronz;9,7;
101110;1;01/03/24;Gümüşhane Çarşı;-;;Kadın;;;;Pestil (cevizli);1;;255,00;257,55;K.Kartı;kötü;;11,6;
101113;1;05.04.2024;Gümüşhane Çarşı;M-00286;Emine Tekin;;50;1974;merkez;Karma Paket;2;750,00;1500,00;1515,00;Nakit;;bilinmiyor;14,8;askere gidecek
101113;2;05.04.2024;Gümüşhane Çarşı;M-00286;Emine Tekin;K;50;1962;Merkez;pekmez;1;245,00;245,00;247,45;POS;Çok İyi;;16,2;
101116;1;20.11.2024;Gümüşhane Çarşı;;;;;;Merkez;köme 500gr;5;365,00;1825,00;1843,25;K.Kartı;-;;13,0;
101118;1;25.12.2024;Gümüşhane Çarşı;M-00407;Songül Altun;K;62;1962;Kelkit ;bal;2;910,00;1820,00;1.838,20;NAKİT;çok i̇yi;-;9,1;
101118;2;25/12/24;Gümüşhane Çarşı;M-00407;Songül Altun;K;62;1962;KELKİT;Fındıklı sucuk;1;340,00;340,00;343,40;Havale/EFT;NA;Bronz;11,8;
101119;1;15.07.2025 10:09;Gümüşhane Çarşı;M-00473;Elif Altun;K;39;1986;Torul;Dut Pestili;6;300,00;1800,00;1818,00;kk;Orta;Bronz;23,7;yarısı sonra ödenecek
101122;1;2025-04-18;Gümüşhane Çarşı;M-00020;Murat Aslan;E;35;1990;Merkez;Dut Pekmezi;3;330,00;990,00;999,90;Nakıt;4;Bronz;15,1;
101122;2;18.04.2025 11:13;Gümüşhane Çarşı;M-00020;Murat Aslan;E;35;1990;Merkez;Fındıklı Köme;1;385,00;385,00;388,85;Nakit;3;Bronz;17,1;
101122;3;18.04.2025;Gümüşhane Çarşı;M-00020;MURAT ASLAN;;;1990;GÜMÜŞHANE;Köme;5;435,00;2.175,00;2196,75;KREDİ KARTI;Çok İyi;Bronz;14,9;
101125;1;28.09.2025;Gümüşhane Çarşı;362;Mehmet Aslan;E;36;1989;Kelkit;Ev Eriştesi;1;165,00;165,00;166,65;Kart;Iyi;Altın;21,4;
101125;2;28.09.2025;Gümüşhane Çarşı;362;Mehmet Aslan;Erkek;36;1989;Kelkit;findikli kome;1;455,00;455,00;459,55;K.Kartı;İyi;ALTIN;18,2;yarısı sonra ödenecek
101127;1;14/09/24;Gümüşhane Çarşı;M-00471;Sevgi Kılıç;Kadın;48;1976;Şiran;pestil;1;220,00;220,00;222,20;Nakıt;çok i̇yi;bronz;-40,0;
101127;2;14.09.2024;Gümüşhane Çarşı;471;Sevgi Kılıç;K;48;1976;şiran;Köme;6;360,00;2160,00;2.181,60;K.Kartı;5;;20,3;
101130;1;19.04.2024;Gümüşhane Çarşı;813;Şükrü Doğan;E;;1968;Şiran;pekmez;3;245,00;735,00;742,35;Nakit;?;Bronz;15,4;
101133;1;2025-03-03;Gümüşhane Çarşı;715;BÜŞRA TEKİN;K;61;1964;MERKEZ;Cevizli Pestil;2;355,00;710,00;717,10;KREDİ KARTI;Çok Kötü;Bronz;10,5;
101130;1;19.04.2024;Gümüşhane Çarşı;813;Şükrü Doğan;E;;1968;Şiran;pekmez;3;245,00;735,00;742,35;Nakit;?;Bronz;15,4;
101133;2;03.03.2025;Gümüşhane Çarşı;M-00715;Büşra Tekin;K;61;1964;Merkez;Fındıklı sucuk;2;365,00;730,00;737,30;KREDİ KARTI;5;;11,3;
101133;3;03/03/25;Gümüşhane Çarşı;M-00715;Busra Tekin;Kadın;61;1964;Gümüşhane Merkez;Köme;2;420,00;1690,00;848,40;Kredi Kartı;;-;yok;
101134;1;2025-06-30;Gümüşhane Çarşı;M-00034;Zeynep Kilic;;79;1946;Merkez;Cevizli sucuk (köme);2;470,00;940,00;949,40;Kart;Kötü;Bronz;23,6;
101135;1;20.02.2025;Gümüşhane Çarşı;M-00725;Emre Kara;e;79;1946;Torul;Bal 850gr;4;945,00;3780,00;3.817,80;Nakit;İYİ;Bronz;10,4;
101135;2;20.02.2025;Gümüşhane Çarşı;M-00725;EMRE KARA;E;79;1946;TORUL;Kuru Dut;2;230,00;460,00;464,60;K.Kartı;4;?;12,1;yurt dışı - valizde
101135;3;20.02.2025;Gümüşhane Çarşı;M-00725;Emre Kara;E;79;1946;Torul;pestil;1;265,00;265,00;267,65;kk;?;Bronz;10,6;
101136;1;15.08.2025 09:32;Gümüşhane Çarşı;M-00163;Yusuf Kaya;E;27;1998;Gümüşhane Merkez;Ev Eriştesi;1;150,00;150,00;151,50;Kart;çok i̇yi;Bronz;25,0;askere gidecek
101136;2;2025-08-15;Gümüşhane Çarşı;163;Yusuf Kaya;;27;1998;Merkez;ceviz;2;765,00;1530,00;1545,30;kk;5;Bronz;24,0;
101139;1;09.07.2024 17:48;Gümüşhane Çarşı;114;Ercan Topal;;40;1984;Kürtün;Ev Eriştesi;1;110,00;110,00;111,10;Nakıt;çok kötü;Bronz;23,2;
101139;2;09.07.2024;Gümüşhane Çarşı;M-00114;Ercan Topal;E;40;1984;Kürtün;Dut Pestili;1;210,00;210,00;212,10;nakit;;Bronz;20,2;
101139;3;09.07.2024;Gümüşhane Çarşı;M-00114;Ercan Topal;E;40;1984;Kürtün;Fındıklı Köme;1;305,00;305,00;308,05;NAKİT;Çok İyi;Bronz;24,2;
101141;1;05.09.2025;Gümüşhane Çarşı;M-00673;Hasan Kara;Erkek;22;2003;MERKEZ;Dut Pestili;1;320,00;320,00;323,20;KREDİ KARTI;-;GÜMÜŞ;22,1;
101142;1;13.07.2025;Gümüşhane Çarşı;M-00434;Songul Bayram;K;36;1989;Ankara (gurbetçi);Dut Pekmezi;2;370,00;740,00;747,40;Nakit;yok;Gümüş;24,6;
101143;1;08/12/24;Gümüşhane Çarşı;MİSAFİR;Misafir;;;;?;Pestil 500gr;1;245,00;245,00;247,45;bilinmiyor;İyi;;11,1;
101143;2;2024-12-08;Gümüşhane Çarşı;-;-;E;;;?;Kuru Dut;1;215,00;215,00;217,15;Kart;;;10,6;
101146;1;11.08.2025;Gümüşhane Çarşı;M-00283;HALİL ÇETİN;Erkek;63;1962;Şiran;Köme;3;485,00;1.455,00;1469,55;kk;;bilinmiyor;22,0;
101148;1;10 Mayıs 2025;Gümüşhane Çarşı;0;misafir müşteri;Erkek;;;Merkez;Cevizli Pestil;1;390,00;390,00;393,90;POS;Cok Iyi;;16,3;
101148;2;10.05.2025;Gümüşhane Çarşı;;-;;;;merkez;kuru dut;1;260,00;260,00;262,60;Nakit;4;;16,5;
101151;1;08.11.2024;Gümüşhane Çarşı;0;;Kadın;;;Merkez;KÖME;3;380,00;1140,00;1.151,40;KREDİ KARTI;;;11,2;
101153;1;26.10.2024 11:29;Gümüşhane Çarşı;-;;Erkek;;;merkez;köme 500gr;1;375,00;375,00;378,75;Kredi Kartı;ÇOK İYİ;;14,6;
101156;1;07.06.2024;Gümüşhane Çarşı;M-00571;Ömer Arslan;E;29;1995;Torul;dut pestil;1;210,00;210,00;212,10;Havale;Çok İyi;bilinmiyor;21,5;
101159;1;26.03.2025;Gümüşhane Çarşı;M-00420;Esra Kara;Bayan;79;1946;Kelkit;Kuşburnu Marmelatı;3;200,00;600,00;606,00;POS;bilinmiyor;Bronz;;
101159;2;26.03.2025;Gümüşhane Çarşı;M-00420;ESRA KARA;K;79;1946;Kelkit;cevizli pestil;4;365,00;1460,00;1474,60;KREDİ KARTI;Orta;yok;12,1;
101161;1;11.06.2025;Gümüşhane Çarşı;M-00505;Büşra Bulut;Bayan;24;2001;Torul ;Ceviz ici;2;720,00;1440,00;1454,40;Kredi Kartı;bilinmiyor;Bronz;22,3;
101161;2;11.06.2025;Gümüşhane Çarşı;M-00505;Büşra Bulut;K;24;2001;Torul ;Pestil-Köme Karma;2;1120,00;3365,00;2262,40;Havale/EFT;İyi;Bronz;19,4;
101162;1;2025-07-31;Gümüşhane Çarşı;M-00524;Ercan Şahin;Bay;50;1975;Merkez;Cevizli Sucuk;2;485,00;970,00;979,70;Kredi Kartı;;Bronz;22,0;
101164;1;03.07.2025;Gümüşhane Çarşı;M-00604;Aysel Erdoğan;Kadın;37;1988;Kelkit;karma pkt;1;1120,00;1.120,00;1131,20;POS;Çok İyi;BRONZ;23,5;
101165;1;12.05.2025;Gümüşhane Çarşı;M-00073;Osman Topal;E;63;1962;Kurtun;Köme;1;435,00;435,00;439,35;nakit;İyi;Bronz;17,1;
101166;1;;Gümüşhane Çarşı;0;;K;;;Merkez;bal;1;900,00;900,00;909,00;NAKİT;?;;8,5;
101166;2;2025-01-17;Gümüşhane Çarşı;MİSAFİR;misafir müşteri;;;;?;kuru dut;2;230,00;460,00;464,60;K.Kartı;Orta;;;
101169;1;2025-08-16;Gümüşhane Çarşı;M-00640;Esra Gümüş;k;75;1950;Gümüşhane Merkez;Kuşburnu Marmelatı;1;225,00;225,00;227,25;Kredi Kartı;Çok İyi;Gümüş;23,5;
101170;1;;Gümüşhane Çarşı;-;-;Erkek;;;;Köme;5;330,00;1650,00;1666,50;Nakit;5;;21,6;
101171;1;25.12.2024;Gümüşhane Çarşı;M-00650;Hüseyin Öztürk;E;71;1953;ŞİRAN;Ev Eriştesi;1;125,00;125,00;126,25;Kredi Kartı;;Bronz;8,1;
101172;1;23.01.2025;Gümüşhane Çarşı;0;Misafir;E;;;Merkez;kuru dut;1;230,00;230,00;232,30;Nakıt;4;;8,4;
101172;2;23.01.2025;Gümüşhane Çarşı;-;-;Kadın;;;?;Dut Pestili;4;250,00;1000,00;1010,00;NAKİT;;;11,1;
101173;1;2024-08-07;Gümüşhane Çarşı;91;Hüseyin Karataş;Erkek;50;1974;KELKİT;dut pestil;1;215,00;215,00;217,15;NAKİT;İyi;Gümüş;20,9;yarısı sonra ödenecek
101173;2;07.08.2024;Gümüşhane Çarşı;M-00091;Hüseyin Karataş;E;50;1974;Kelkit;Yayla Balı;1;810,00;810,00;818,10;Havale;KÖTÜ;Gümüş;24,7;
101176;1;16.01.2025;Gümüşhane Çarşı;M-00581;Cemal Tekin;E;53;1977;Köse;Köme;1;400,00;400,00;404,00;Kredi Kartı;İyi;Gümüş;8,1;İstanbul'a götürülecek
101177;1;25.08.2024;Gümüşhane Çarşı;M-00190;Zeynep Yılmaz;;24;2000;Köse;köme 500gr;1;340,00;340,00;343,40;NAKİT;Çok İyi;Gümüş;22,7;
101177;2;25.08.2024;Gümüşhane Çarşı;M-00190;Zeynep Yılmaz;K;24;2015;Köse;Ceviz İçi;1;555,00;555,00;560,55;Kart;;Gümüş;24,6;
101179;1;02.10.2024;Gümüşhane Çarşı;195;İbrahim Topal;E;;1967;Merkez;pestil;2;235,00;470,00;474,70;Nakit;;Bronz;17,1;
101180;1;2024-08-28;Gümüşhane Çarşı;M-00653;Havva Karataş;k;50;1974;MERKEZ;Cevizli Pestil;1;295,00;295,00;297,95;Nakit;yok;Altın;22,3;
101183;1;01.11.2024;Gümüşhane Çarşı;M-00346;Ramazan Topal;Bay;20;2004;torul;Köme;4;365,00;1460,00;1474,60;EFT;;Bronz;12,2;
101185;1;22.06.2024;Gümüşhane Çarşı;M-00511;Elif Altun;K;22;2002;Merkez;Kuşburnu Marmelatı;3;155,00;465,00;469,65;Kart;5;Bronz;22,7;
101185;2;22.06.2024;Gümüşhane Çarşı;M-00511;Elif Altun;K;22;2011;Merkez;Köme;3;335,00;1005,00;1.015,05;Kredi Kartı;İyi;Bronz;23,3;
101187;1;26.02.2025;Gümüşhane Çarşı;M-00447;İbrahim Yıldız;E;80;1945;Kelkit ;Köme;1;420,00;420,00;424,20;Kart;ORTA;Bronz;9,7;
101190;1;10.04.2024;Gümüşhane Çarşı;M-00286;Emine Tekin;K;50;1974;Merkez;Kuru Dut;3;175,00;525,00;530,25;K.Kartı;5;Bronz;15,6;
101190;2;10.04.2024;Gümüşhane Çarşı;M-00286;Emine Tekin;Kadın;50;1974;Merkez;Cevizli Pestil;2;255,00;510,00;515,10;POS;Çok İyi;bronz;14,2;
101185;2;22.06.2024;Gümüşhane Çarşı;M-00511;Elif Altun;K;22;2011;Merkez;Köme;3;335,00;1005,00;1.015,05;Kredi Kartı;İyi;Bronz;23,3;
101192;1;08/07/25;Gümüşhane Çarşı;M-00126;Yusuf Şimşek;E;72;1953;Kelkit;Köme;2;460,00;920,00;929,20;Havale;Kötü;Gümüş;22,1;bayram siparişi
101193;1;13.12.2024;Gümüşhane Çarşı;M-00214;Halil Bayram;;72;1952;Torul;Dut pekmezi 1 kg;1;300,00;300,00;303,00;K.Kartı;İyi;Bronz;12,9;
101193;2;13.12.2024;Gümüşhane Çarşı;M-00214;Halil Bayram;Erkek;72;1952;Kürtün;Kuşburnu Marmelatı;5;175,00;875,00;883,75;K.Kartı;NA;Bronz;10,4;
101196;1;2024-11-25;Gümüşhane Çarşı;M-00035;Elif  Bulut ;Kadın;34;1990;Merkez;Ev Eriştesi;1;yok;120,00;121,20;Nakit;4;Bronz;15,2;
101196;2;25.11.2024;Gümüşhane Çarşı;35;Elif Bulut;Kadın;34;1999;Merkez;Fındıklı Köme;2;330,00;660,00;666,60;K.Kartı;4;Bronz;12,9;
101196;3;25.11.2024;Gümüşhane Çarşı;M-00035;Elif Bulut;k;34;1990;Merkez;Kuru Dut;1;220,00;220,00;222,20;Kart;İyi;Bronz;;
101199;1;01.01.2024;Gümüşhane Çarşı;-;misafir müşteri;;;;merkez;Ev Eriştesi;5;95,00;475,00;479,75;Nakit;İyi;;7,6;
101199;2;01.01.2024;Gümüşhane Çarşı;;-;;;;merkez;Pestil (cevizli);2;245,00;490,00;494,90;Nakit;Çok İyi;;11,8;
101200;1;10 Mart 2024;Gümüşhane Çarşı;;;E;;;Merkez;pekmez;1;230,00;230,00;232,30;nakit;Çok İyi;;11,4;
101200;2;10.03.2024;Gümüşhane Çarşı;-;;Kadın;;;?;Dut (kuru);2;175,00;350,00;353,50;Nakıt;;;13,6;
101201;1;25/01/25;Gümüşhane Çarşı;M-00043;Kadir Kılıç;E;72;1953;Torul;Ceviz İçi;3;625,00;1875,00;1.893,75;Nakit;çok i̇yi;Bronz;9,5;
101203;1;28.05.2024;Gümüşhane Çarşı;-;misafir müşteri;Kadın;;;Merkez;Cevizli Pestil;2;280,00;560,00;565,60;Kredi Kartı;-;;20,2;
101206;1;2024-05-27;Gümüşhane Çarşı;316;Havva Ekinci;Kadın;63;1954;Kelkit;Fındıklı Köme;2;285,00;570,00;575,70;nakit;?;Gümüş;19,6;
101207;1;03.01.2024 13:42;Gümüşhane Çarşı;M-00046;Omer Erdogan;E;75;1949;Siran;pestil;3;180,00;540,00;545,40;;Iyi;Bronz;9,5;
101209;1;04.05.2024;Gümüşhane Çarşı;M-00197;Kübra Aslan;;42;1982;Merkez;Kuru Dut;4;180,00;720,00;727,20;havale;?;Bronz;18,0;
101209;2;04.05.2024;Gümüşhane Çarşı;M-00197;Kübra Aslan;K;42;1982;Merkez;Kuşburnu Marmelatı;1;145,00;145,00;146,45;Havale;Çok İyi;Bronz;16,2;
101209;3;04.05.2024;Gümüşhane Çarşı;M-00197;Kübra  Aslan ;;42;1982;Merkez;köme 500gr;1;305,00;305,00;308,05;KREDİ KARTI;Çok İyi;Bronz;15,7;
101212;1;29.01.2024;Gümüşhane Çarşı;MİSAFİR;Misafir;E;;;?;Ceviz İçi;-3;460,00;2300,00;2323,00;Nakit;5;;4,1;
101214;1;25.08.2025;Gümüşhane Çarşı;-;Misafir;Erkek;;;;Kuru Dut;3;275,00;825,00;833,25;nakit;;;bilinmiyor;
101214;2;2025-08-25;Gümüşhane Çarşı;-;misafir müşteri;;;;merkez;Ceviz İçi;6;760,00;4560,00;4.605,60;nakit;Çok Kötü;;22,4;
101214;3;25.08.2025 09:24;Gümüşhane Çarşı;-;;Erkek;;;?;Kuşburnu Marmelatı;1;230,00;230,00;232,30;Nakit;yok;;22,6;paketi sağlam yapın
101217;1;2025-07-04;Gümüşhane Çarşı;M-00203;HAVVA KARAKAYA;K;54;1971;Kelkit;Ceviz İçi;1;720,00;720,00;727,20;KREDİ KARTI;Çok İyi;Bronz;21,1;
101217;2;04.07.2025;Gümüşhane Çarşı;M-00203;Havva Karakaya;;54;1971;Kelkit;Fındıklı Köme;2;400,00;800,00;808,00;Kart;İyi;Bronz;22,7;
101220;1;10 Aralık 2024;Gümüşhane Çarşı;M-00126;Yusuf  Şimşek ;E;71;1953;Kelkit;Cevizli Pestil;2;320,00;640,00;646,40;KREDİ KARTI;;Gümüş;11,1;
101221;1;05/08/25;Gümüşhane Çarşı;M-00269;Büşra Şimşek;K;31;1994;KOCAELİ;bal;1;1130,00;1130,00;1141,30;Nakit;;Bronz;22,0;
101221;2;05/08/25;Gümüşhane Çarşı;M-00269;BÜŞRA ŞİMŞEK;K;31;1994;Kocaeli;Ev Eriştesi;1;150,00;150,00;151,50;POS;3;Bronz;25,0;
101222;1;30.08.2025;Gümüşhane Çarşı;MİSAFİR;Misafir;K;;;?;Kuşburnu Marmelatı;2;225,00;450,00;454,50;Kredi Kartı;kötü;;24,1;
101225;1;11.12.2024 19:20;Gümüşhane Çarşı;M-00034;Zeynep Kılıç;K;78;1946;Merkez;Dut Pestili;1;245,00;245,00;247,45;Kredi Kartı;İyi;Bronz;9,8;
101228;1;10.10.2024 11:36;Gümüşhane Çarşı;M-00616;ALİ ERDOĞAN;E;52;1972;Köse;Fındıklı Köme;1;NA;320,00;323,20;EFT;;Bronz;17,0;
101228;2;10.10.2024;Gümüşhane Çarşı;M-00616;Ali Erdoğan;E;52;1972;Köse;Dut Pekmezi;2;280,00;560,00;565,60;Kredi Kartı;Orta;Bronz;18,0;veresiye
101228;3;10.10.2024;Gümüşhane Çarşı;M-00616;ALİ ERDOĞAN;Bay;52;1972;Köse;Cevizli Sucuk;3;370,00;1110,00;1121,10;Kart;5;Bronz;19,1;
101230;1;13/07/24;Gümüşhane Çarşı;MİSAFİR;Misafir;;;;;Dut Pestili;1;220,00;220,00;222,20;Kart;;;22,4;
101230;1;13/07/24;Gümüşhane Çarşı;MİSAFİR;Misafir;;;;;Dut Pestili;1;220,00;220,00;222,20;Kart;;;22,4;
101232;1;07.12.2024;Gümüşhane Çarşı;M-00582;Şükrü Yıldız;E;29;1995;torul;Kuşburnu Marmelatı;3;175,00;525,00;530,25;EFT;NA;Gumus;10,3;
101233;1;06.08.2025;Gümüşhane Çarşı;M-00612;Erol Aslan;E;63;1962;Kelkit;kuru dut;1;275,00;275,00;277,75;kk;i̇yi;Gumus;20,9;
101235;1;2 Haziran 2025;Gümüşhane Çarşı;M-00428;Nermin Yıldız;K;31;1994;Şiran;bal;1;1040,00;1040,00;1050,40;KREDİ KARTI;5;Bronz;18,2;
101235;2;02.06.2025;Gümüşhane Çarşı;M-00428;Nermin Yıldız;K;31;1994;Şiran;Eriste;1;145,00;145,00;146,45;Nakıt;Çok İyi;Bronz;19,4;
101238;1;09.01.2024;Gümüşhane Çarşı;M-00831;Hanife Kılıç;K;79;1945;Merkez;Köme;2;275,00;550,00;555,50;Nakit;Çok İyi;NA;10,5;
101239;1;24.03.2025 12:15;Gümüşhane Çarşı;88;Aysel Uzun;;0;1951;Merkez;Karma Paket;999;1045,00;1045,00;1.055,45;K.Kartı;3;GÜMÜŞ;10,3;Almanya'ya gidecek
101241;1;02.04.2025;Gümüşhane Çarşı;MİSAFİR;;;;;;Dut Pekmezi;1;330,00;330,00;333,30;K.Kartı;4;;13,6;
101241;2;02.04.2025;Gümüşhane Çarşı;;-;Kadın;;;;Ceviz İçi;1;685,00;685,00;691,85;NAKİT;1;;11,9;
101243;1;18/07/25;Gümüşhane Çarşı;MİSAFİR;Misafir;Erkek;;;Merkez;Cevizli sucuk (köme);1;460,00;460,00;464,60;NAKİT;-;;23,6;
101245;1;22/09/25;Gümüşhane Çarşı;;-;K;;;;Dut Pekmezi;1;380,00;380,00;383,80;Nakıt;?;;20,0;
101245;2;2025-09-22;Gümüşhane Çarşı;0;;Kadın;;;;Ceviz İçi;1;780,00;780,00;787,80;Kart;orta;;19,2;
101245;3;22.09.2025;Gümüşhane Çarşı;0;;K;;;;Yayla Balı;2;1.150,00;2.300,00;2323,00;nakit;Çok Kötü;;19,0;
101247;1;08.01.2025 16:13;Gümüşhane Çarşı;;;;;;;Kuru Dut;1;225,00;225,00;227,25;kk;bilinmiyor;;9,1;
101248;1;30.07.2025;Gümüşhane Çarşı;M-00619;Erol Coşkun;E;24;2001;İSTANBUL;pekmez;3;370,00;1110,00;1.121,10;Nakıt;2;Bronz;23,8;
101249;1;22/03/25;Gümüşhane Çarşı;M-00532;Cemal Koç;E;68;1957;torul;Pestil 500gr;1;270,00;270,00;272,70;Kredi Kartı;3;Gümüş;13,2;
101251;1;22.01.2025;Gümüşhane Çarşı;0;-;E;;;;Dut Pekmezi;4;315,00;1.260,00;1272,60;EFT;4;;11,2;
101251;2;22.01.2025;Gümüşhane Çarşı;0;Misafir;K;;;;Karma Paket;2;1.015,00;2030,00;2050,30;havale;İyi;;7,3;
101254;1;09.01.2024;Gümüşhane Çarşı;-;-;E;;;Merkez;Bal 850gr;1;650,00;650,00;656,50;Kredi Kartı;Orta;;10,2;hediye paketi
101254;2;09.01.2024;Gümüşhane Çarşı;MİSAFİR;;E;;;?;Köme;3;280,00;840,00;848,40;Nakit;Çok İyi;;8,5;
101256;1;20.01.2024;Gümüşhane Çarşı;M-00756;Derya Karakaya;Kadın;39;1985;Şiran;Kuşburnu Marmelatı;1;130,00;130,00;131,30;Nakit;İyi;Altın;6,8;
101256;2;20.01.2024;Gümüşhane Çarşı;M-00756;Derya Karakaya;K;39;1985;Şiran;Yayla Balı;2;645,00;1290,00;1302,90;Nakit;bilinmiyor;Altın;8,5;
101259;1;30.09.2025;Gümüşhane Çarşı;M-00772;Mehmet Tekin;E;51;1974;Kelkit;kuru dut;1;290,00;290,00;292,90;POS;yok;Bronz;13,9;
101260;1;2025-01-24;Gümüşhane Çarşı;0;-;E;;;Merkez;Ev Eriştesi;1;130,00;130,00;131,30;nakit;Çok Kötü;;10,5;
101260;2;24/01/25;Gümüşhane Çarşı;-;Misafir;;;;?;Kuşburnu Marmelatı;6;180,00;1080,00;1090,80;POS;İyi;;8,9;
101260;3;24.01.2025;Gümüşhane Çarşı;-;misafir müşteri;Kadın;;;?;Karma Paket;1;1025,00;1.025,00;1035,25;Nakit;Çok İyi;;9,0;
101261;1;2025-07-08;Gümüşhane Çarşı;M-00037;Sultan Gümüş;Kadın;75;1950;Gurbet - Bursa;kusburnu marmelat;1;210,00;210,00;212,10;KREDİ KARTI;;Gümüş;25,6;
101264;1;7 Haziran 2025;Gümüşhane Çarşı;M-00103;Derya Aslan;K;30;1995;Merkez;Ceviz İçi;1;725,00;725,00;732,25;Kart;Çok İyi;BRONZ;18,8;
101265;1;29/05/25;Gümüşhane Çarşı;M-00662;Şerife Kara;;33;1992;Şiran;Köme;3;455,00;1.365,00;1378,65;K.Kartı;Orta;Bronz;20,8;
101267;1;20 Nisan 2025;Gümüşhane Çarşı;0;misafir müşteri;K;;;Merkez;Kuru Dut;2;250,00;500,00;505,00;POS;İyi;;-;
101267;2;20.04.2025;Gümüşhane Çarşı;MİSAFİR;Misafir;E;;;Merkez;dut pestil;2;275,00;550,00;555,50;kk;?;;16,2;
101267;3;20.04.2025;Gümüşhane Çarşı;;misafir müşteri;;;;Merkez;Karma Paket;1;1110,00;1.110,00;1.121,10;K.Kartı;-;;17,6;
101268;1;24.12.2024;Gümüşhane Çarşı;M-00715;Büşra Tekin;K;;1964;Merkez;Pestil 500gr;1;250,00;250,00;252,50;Kart;4;Bronz;10,0;veresiye
101268;2;24.12.2024;Gümüşhane Çarşı;M-00715;Büşra Tekin;K;60;1964;Merkez;Köme;2;395,00;790,00;797,90;Kart;Orta;bronz;8,9;
101268;1;24.12.2024;Gümüşhane Çarşı;M-00715;Büşra Tekin;K;;1964;Merkez;Pestil 500gr;1;250,00;250,00;252,50;Kart;4;Bronz;10,0;veresiye
101268;1;24.12.2024;Gümüşhane Çarşı;M-00715;Büşra Tekin ;K;;1964;Merkez;pestil 500gr;1;250,00;250,00;252,50;Kart;4;Bronz;10,0;veresiye
101268;3;2024-12-24;Gümüşhane Çarşı;M-00715;Büşra Tekin;k;60;1964;Gümüşhane Merkez;Dut Pekmezi;1;300,00;300,00;303,00;nakit;i̇yi;Bronz;NA;
101269;1;16.03.2024;Gümüşhane Çarşı;M-00247;Hülya Aslan;K;bilinmiyor;1982;Kelkit;Kuşburnu Marmelatı;4;145,00;580,00;585,80;Kart;İyi;Bronz;;
101271;1;16.02.2024;Gümüşhane Çarşı;M-00217;Hasan Ekinci;E;31;1993;Şiran;Dut Pestili;1;185,00;185,00;186,85;POS;Kötü;;9,2;İstanbul'a götürülecek
101271;2;2024-02-16;Gümüşhane Çarşı;M-00217;Hasan Ekinci;e;31;1993;Köse;Yayla Balı;1;685,00;685,00;691,85;nakit;NA;bilinmiyor;11,7;
101272;1;26 Ağustos 2024;Gümüşhane Çarşı;M-00111;AHMET YILDIZ;E;51;1973;Torul;Dut Pekmezi;1;275,00;275,00;277,75;NAKİT;yok;Bronz;23,1;
101275;1;08.04.2024;Gümüşhane Çarşı;M-00666;AYSEL BAYRAM;k;23;2001;KELKİT;Köme;3;300,00;900,00;909,00;POS;bilinmiyor;Bronz;13,6;
101275;2;08/04/24;Gümüşhane Çarşı;M-00666;Aysel Bayram;k;23;2001;Kelkit;Fındıklı Köme;1;270,00;270,00;272,70;Kredi Kartı;Cok Iyi;Bronz;14,0;
101276;1;09.08.2024;Gümüşhane Çarşı;442;Süleyman Karakaya;E;21;2003;Gümüşhane Merkez;pekmez;4;275,00;1100,00;1.111,00;K.Kartı;;bronz;20,3;
101276;2;09.08.2024 18:03;Gümüşhane Çarşı;M-00442;Süleyman  Karakaya ;E;21;2003;Merkez;Kuru Dut;1;200,00;200,00;202,00;Nakıt;İyi;Bronz;20,3;
101276;3;2024-08-09;Gümüşhane Çarşı;M-00442;Süleyman Karakaya;e;21;2003;Merkez;Dut Pestili;1;220,00;220,00;222,20;kk;Cok Iyi;Bronz;19,6;
101279;1;23.04.2024;Gümüşhane Çarşı;M-00308;SONGÜL TOPAL;Kadın;59;1965;Merkez;Kuru Dut;1;175,00;175,00;176,75;kk;Çok İyi;Gümüş;15,6;bayram siparişi
101279;2;23.04.2024;Gümüşhane Çarşı;M-00308;Songül Topal;;59;1965;Merkez;Bal 850gr;1;725,00;725,00;732,25;POS;5;Gümüş;16,9;
101280;1;04/02/25;Gümüşhane Çarşı;M-00494;HAVVA ASLAN;Kadın;21;2004;Şiran;dut pestil;1;255,00;255,00;257,55;KREDİ KARTI;5;Bronz;7,7;
101280;2;04/02/25;Gümüşhane Çarşı;M-00494;Havva Aslan;K;21;2004;Şiran;Karma Paket;1;975,00;975,00;984,75;Kart;İyi;Bronz;6,2;
101280;3;2025-02-04;Gümüşhane Çarşı;M-00494;Havva Aslan;Kadın;21;2004;Şiran;Cevizli Pestil;2;345,00;690,00;696,90;NAKİT;Orta;Bronz;8,2;
101282;1;;Gümüşhane Çarşı;-;misafir müşteri;K;;;merkez;Dut Pestili;1;315,00;315,00;318,15;kk;yok;;20,3;
101282;2;2025-08-09;Gümüşhane Çarşı;;Misafir;Erkek;;;;kuru dut;1;;275,00;277,75;nakit;i̇yi;;22,9;
101283;1;04.05.2024;Gümüşhane Çarşı;M-00580;Sevgi Bulut;;25;1999;Merkez;Karma Paket;1;800,00;800,00;808,00;NAKİT;-;GÜMÜŞ;14,4;
101283;2;04.05.2024;Gümüşhane Çarşı;M-00580;Sevgi Bulut;K;25;1999;Merkez;erişte;1;100,00;100,00;101,00;POS;çok i̇yi;Gümüş;17,7;
101283;3;4 Mayıs 2024;Gümüşhane Çarşı;M-00580;Sevgi Bulut;;25;1999;Merkez;Dut Pestili;1;bilinmiyor;205,00;207,05;Kredi Kartı;-;Gümüş;16,5;
101285;1;;Gümüşhane Çarşı;M-00670;Süleyman Çetin;;40;1985;Torul;Yayla Balı;5;1030,00;5150,00;5201,50;nakit;İyi;Bronz;23,6;
101285;2;2025-06-24;Gümüşhane Çarşı;M-00670;Süleyman Çetin;E;40;1985;Torul ;Kuşburnu Marmelatı;1;220,00;220,00;222,20;POS;İyi;Bronz;22,9;
101288;1;10.08.2024;Gümüşhane Çarşı;M-00572;HALİL KOÇ;E;27;1997;Köse;Ceviz İçi;2;550,00;1.100,00;1111,00;Kredi Kartı;-;Bronz;21,8;
101288;2;10.08.2024 18:29;Gümüşhane Çarşı;M-00572;Halil Koç;Erkek;27;1997;köse;Dut Pekmezi;2;275,00;550,00;555,50;kk;İyi;Bronz;23,6;
101288;3;10.08.2024 10:23;Gümüşhane Çarşı;M-00572;Halil Koç;E;27;1997;KÖSE;Yayla Balı;2;790,00;1580,00;1595,80;KREDİ KARTI;?;Bronz;20,8;
101289;1;30/04/24;Gümüşhane Çarşı;M-00251;Burak Kurt;E;23;2001;Merkez;kuru dut;1;175,00;175,00;176,75;KREDİ KARTI;çok kötü;Bronz;;yurt dışı - valizde
101289;2;30.04.2024;Gümüşhane Çarşı;M-00251;Burak Kurt;E;23;2001;Merkez;KÖME;2;310,00;620,00;626,20;Nakit;;Bronz;16,9;
101290;1;05.08.2025 14:04;Gümüşhane Çarşı;M-00763;Hülya Aydın;Kadın;57;1968;Kürtün;cevizli pestil;2;415,00;830,00;838,30;nakit;Orta;Gümüş;21,8;
101292;1;11.08.2024;Gümüşhane Çarşı;M-00347;Ömer Demir;E;50;1974;Almanya;Köme;1;350,00;350,00;353,50;Nakit;;Gumus;21,4;
101292;2;;Gümüşhane Çarşı;M-00347;Ömer Demir;E;50;1974;ALMANYA;Eriste;1;110,00;110,00;111,10;havale;İyi;Gümüş;23,1;
101292;3;11.08.2024;Gümüşhane Çarşı;M-00347;Ömer Demir;E;50;1974;Almanya;Kuru Dut;4;200,00;800,00;808,00;K.Kartı;çok i̇yi;Gümüş;85,0;
101295;1;24.07.2024;Gümüşhane Çarşı;M-00882;EMRE KILIÇ;Erkek;38;1986;Kelkit ;Dut Pekmezi;1;270,00;270,00;272,70;POS;Iyi;bronz;22,0;bayram siparişi
101296;1;26.07.2024;Gümüşhane Çarşı;M-00104;Busra Cetin;Kadın;51;1973;BURSA;Dut Pestili;1;220,00;220,00;222,20;Nakıt;İyi;Bronz;21,8;
101298;1;30 Ağustos 2025;Gümüşhane Çarşı;-;misafir müşteri;;;;;bal;2;1160,00;2.320,00;2.343,20;Nakıt;?;;18,9;
101298;2;30.08.2025;Gümüşhane Çarşı;;;E;;;merkez;Eriste;1;160,00;160,00;161,60;kk;4;;-40,0;
101299;1;13/03/25;Gümüşhane Çarşı;M-00205;Zeynep Polat;K;70;1955;KÖSE;Köme;1;410,00;410,00;414,10;POS;4;Altın;12,8;
101299;2;13.03.2025;Gümüşhane Çarşı;M-00205;Zeynep Polat;;70;1955;Köse;cevizli pestil;4;350,00;1400,00;1.414,00;Kart;Kötü;Altin;8,0;veresiye
101301;1;2024-05-07;Gümüşhane Çarşı;M-00794;ÖMER YILDIZ;Erkek;43;1981;Merkez;Kuru Dut;2;175,00;350,00;353,50;KREDİ KARTI;Iyi;BRONZ;15,8;
101303;1;02.11.2024;Gümüşhane Çarşı;44;Şerife Koç;Kadın;32;1992;Merkez;Ceviz ici;2;580,00;1160,00;1171,60;KREDİ KARTI;;Bronz;11,6;
101303;2;2024-11-02;Gümüşhane Çarşı;M-00044;ŞERİFE KOÇ;K;32;1992;MERKEZ;pekmez;2;295,00;590,00;595,90;nakit;İyi;Bronz;15,7;veresiye
101304;1;11.09.2024;Gümüşhane Çarşı;M-00282;Burak Doğan;Erkek;56;1983;Gümüşhane Merkez;Kuru Dut;1;205,00;205,00;207,05;Kredi Kartı;İyi;ALTIN;yok;
101304;2;11/09/24;Gümüşhane Çarşı;M-00282;Burak Doğan;Bay;;1968;Merkez ;karma pkt;2;870,00;1.740,00;1.757,40;Kredi Kartı;i̇yi;Altın;18,8;
101304;3;11.09.2024;Gümüşhane Çarşı;M-00282;Burak Doğan;E;56;1968;Merkez;Yayla Balı;4;835,00;3.340,00;3373,40;K.Kartı;ÇOK KÖTÜ;;20,9;
101305;1;08.06.2024;Gümüşhane Çarşı;;Misafir;;;;;Ev Eriştesi;3;105,00;315,00;318,15;POS;İyi;;22,6;
101305;2;2024-06-08;Gümüşhane Çarşı;-;Misafir;K;;;;Ceviz İçi;1;535,00;535,00;540,35;POS;;;23,1;
101305;3;08.06.2024;Gümüşhane Çarşı;-;misafir müşteri;E;;;;Fındıklı Köme;2;295,00;590,00;595,90;K.Kartı;;;21,3;
101306;1;2024-02-17;Gümüşhane Çarşı;M-00419;Derya Topal;K;43;1981;Gumushane;Ev Eriştesi;2;95,00;190,00;191,90;NAKİT;5;Bronz;9,7;
101306;2;2024-02-17;Gümüşhane Çarşı;M-00419;Derya Topal;Bayan;43;1981;Merkez;Karma Paket;1;740,00;740,00;747,40;Kart;bilinmiyor;Bronz;9,9;
101305;3;08.06.2024;Gümüşhane Çarşı;-;misafir müşteri;E;;;;Fındıklı Köme;2;295,00;590,00;595,90;K.Kartı;;;21,3;
101307;1;09.09.2025;Gümüşhane Çarşı;M-00499;Büşra Akgün;Bayan;41;1984;Kürtün;Dut pekmezi 1 kg;5;390,00;1950,00;1969,50;kk;3;;19,9;
101309;1;2024-11-09;Gümüşhane Çarşı;M-00529;Furkan Kaya;Erkek;62;1962;Şıran;Cevizli Pestil;1;320,00;320,00;323,20;Kart;yok;?;12,5;yarısı sonra ödenecek
101306;1;2024-02-17;Gümüşhane Çarşı;M-00419;Derya Topal;K;43;1981;Gumushane;Ev Eriştesi;2;95,00;190,00;191,90;NAKİT;5;Bronz;9,7;
101309;2;2024-11-09;Gümüşhane Çarşı;M-00529;Furkan Kaya;E;999;1962;Siran;Yayla Balı;2;855,00;1710,00;1727,10;Nakit;Orta;Altin;12,2;
101312;1;20.01.2025;Gümüşhane Çarşı;M-00247;Hülya Aslan;Bayan;43;1982;Kelkit;Ceviz İçi;2;640,00;1280,00;1292,80;Nakıt;;yok;9,6;
101313;1;28/09/24;Gümüşhane Çarşı;M-00574;Emre Öztürk;E;36;1988;Kürtün;KÖME;1;360,00;550,00;363,60;Kart;İyi;Bronz;17,7;
101315;1;28.04.2024;Gümüşhane Çarşı;MİSAFİR;misafir müşteri;E;;;merkez;findikli kome;3;285,00;855,00;863,55;Kredi Kartı;;;16,8;
101315;2;28.04.2024;Gümüşhane Çarşı;-;Misafir;E;;;merkez;Cevizli Pestil;1;270,00;270,00;272,70;NAKİT;;;16,7;
101317;1;2025-08-02;Gümüşhane Çarşı;0;Misafir;Erkek;;;?;Ev Eriştesi;2;150,00;300,00;303,00;nakit;çok kötü;;22,7;
101318;1;29.04.2025;Gümüşhane Çarşı;M-00395;Omer Ozdemir;Erkek;69;1956;Kose;Cevizli Pestil;1;365,00;365,00;368,65;Kart;-;Gümüş;18,9;
101319;1;23 Ağustos 2024;Gümüşhane Çarşı;M-00542;Havva Karakaya;k;70;1954;Gumushane;cevizli pestil;1;305,00;305,00;308,05;bilinmiyor;3;Altın;20,4;
101319;2;23.08.2024;Gümüşhane Çarşı;M-00542;Havva Karakaya;K;207;1954;Merkez;Kuşburnu Marmelatı;1;155,00;155,00;156,55;NAKİT;?;ALTIN;20,5;
101322;1;03.03.2024;Gümüşhane Çarşı;-;-;;;;?;pekmez;3;225,00;675,00;681,75;Kredi Kartı;yok;;8,8;
101322;2;2024-03-03;Gümüşhane Çarşı;MİSAFİR;Misafir;;;;;Cevizli Pestil;5;255,00;1.275,00;1287,75;nakit;;;12,1;
101324;1;20/11/24;Gümüşhane Çarşı;M-00010;Ercan Karataş;;23;2001;Kürtün;Ev Eriştesi;5;120,00;600,00;606,00;nakit;;Bronz;12,2;
101325;1;20 Kasım 2024;Gümüşhane Çarşı;M-00719;Yaşar Doğan;e;57;1967;Köse;Karma Paket;1;960,00;960,00;969,60;Kart;ORTA;BRONZ;8,8;
101327;1;09.08.2024;Gümüşhane Çarşı;M-00832;Songül Karataş;K;33;1991;Kürtun;Ceviz İçi;5;555,00;2775,00;2.802,75;nakit;Orta;Bronz;NA;
101327;2;09.08.2024 18:18;Gümüşhane Çarşı;M-00832;SONGÜL KARATAŞ;K;33;1991;Kürtün;Kuşburnu Marmelatı;2;155,00;310,00;313,10;Kredi Kartı;İyi;BRONZ;18,1;paketi sağlam yapın
101327;3;09.08.2024;Gümüşhane Çarşı;M-00832;Songül Karataş;;33;1991;Kürtün;Kuru Dut;2;195,00;390,00;393,90;Nakit;3;Bronz;24,1;
101330;1;16.02.2024;Gümüşhane Çarşı;179;Nurcan Altun;k;73;1951;Merkez;Ev Eriştesi;1;90,00;90,00;90,90;K.Kartı;Orta;Bronz;9,2;
101330;2;16.02.2024;Gümüşhane Çarşı;M-00179;Nurcan Altun;;73;1951;Merkez;Cevizli sucuk (köme);1;290,00;290,00;292,90;Nakıt;İyi;-;10,2;
101333;1;29.05.2024;Gümüşhane Çarşı;M-00468;Gülsüm Karakaya;K;68;1956;Kürtün;Kuşburnu Marmelatı;6;150,00;900,00;909,00;kk;Çok İyi;Bronz;18,9;
101333;2;2024-05-29;Gümüşhane Çarşı;M-00468;GÜLSÜM KARAKAYA;;68;1956;Kürtün;Cevizli Pestil;4;280,00;1.120,00;1131,20;POS;İYİ;Bronz;19,2;
101333;3;29.05.2024 09:08;Gümüşhane Çarşı;M-00468;Gulsum Karakaya;Bayan;1;1956;Kürtün;Köme;3;320,00;960,00;969,60;Nakit;Cok Iyi;Bronz;18,1;
101333;3;29.05.2024 09:08;Gümüşhane Çarşı;M-00468;Gulsum Karakaya;Bayan;1;1956;Kürtün;Köme;3;320,00;960,00;969,60;Nakit;Cok Iyi;Bronz;18,1;
101335;1;24.08.2024;Gümüşhane Çarşı;;misafir müşteri;Kadın;;;;Cevizli sucuk (köme);1;350,00;350,00;353,50;KREDİ KARTI;Iyi;;22,8;
101335;2;24/08/24;Gümüşhane Çarşı;;misafir müşteri;K;;;?;Dut Pestili;1;220,00;220,00;222,20;K.Kartı;i̇yi;;23,2;
101335;3;;Gümüşhane Çarşı;MİSAFİR;misafir müşteri;;;;;Yayla Balı;1;820,00;820,00;828,20;Havale;Orta;;20,7;
101337;1;2025-01-12;Gümüşhane Çarşı;M-00871;RECEP ALTUN;Erkek;69;1956;Siran;Karma Paket;1;1.015,00;1015,00;1025,15;K.Kartı;NA;Bronz;9,7;
101337;2;2025-01-12;Gümüşhane Çarşı;M-00871;Recep Altun;Erkek;69;1956;şiran;ceviz;1;645,00;645,00;651,45;Kart;İyi;Bronz;NA;
101339;1;25.04.2025;Gümüşhane Çarşı;M-00672;Ramazan Polat;E;43;1982;MERKEZ;Dut Pekmezi;4;345,00;1380,00;1.393,80;Nakit;bilinmiyor;Gümüş;17,5;tadım yaptı
101339;2;25 Nisan 2025;Gümüşhane Çarşı;M-00672;Ramazan Polat;;43;1982;Merkez;Fındıklı Köme;2;380,00;760,00;767,60;Nakit;yok;Gümüş;16,1;
101339;3;2025-04-25;Gümüşhane Çarşı;M-00672;Ramazan Polat;E;;1982;Merkez;Köme;2;440,00;880,00;888,80;K.Kartı;4;Gümüş;13,6;
101341;1;08.09.2025;Gümüşhane Çarşı;MİSAFİR;misafir müşteri;E;;;Merkez;Pestil-Köme Karma;2;1240,00;2480,00;2504,80;POS;İyi;;20,5;
101343;1;18.08.2025;Gümüşhane Çarşı;M-00331;Kadir Öztürk;;66;1959;Kelkit;Kuşburnu Marmelatı;1;230,00;230,00;232,30;Kredi Kartı;bilinmiyor;bronz;22,0;
101343;2;18.08.2025 15:53;Gümüşhane Çarşı;M-00331;Kadir Öztürk;Erkek;66;1959;KELKİT;Cevizli Pestil;2;420,00;840,00;848,40;Nakıt;yok;Bronz;20,4;
101346;1;2025-07-19;Gümüşhane Çarşı;M-00823;Cemal Karataş;Bay;28;1997;Gümüşhane Merkez;Kuru Dut;2;260,00;520,00;525,20;yok;Iyi;Altın;21,3;
101347;1;13 Eylül 2025;Gümüşhane Çarşı;-;;Kadın;;;Merkez;Köme;1;490,00;490,00;494,90;kk;4;;23,1;
101348;1;14.01.2025;Gümüşhane Çarşı;;Misafir;;;;;Ev Eriştesi;3;125,00;375,00;378,75;Nakıt;çok i̇yi;;10,5;
101348;2;14.01.2025;Gümüşhane Çarşı;0;-;;;;merkez;Dut Pekmezi;2;310,00;620,00;626,20;Nakıt;ÇOK İYİ;;10,1;
101350;1;2025-07-28;Gümüşhane Çarşı;M-00295;Halil  Kaya ;Bay;79;1946;Merkez;Kuşburnu Marmelatı;1;21.500,00;215,00;217,15;Kredi Kartı;;Gümüş;22,8;
101353;1;2025-06-07;Gümüşhane Çarşı;M-00581;Cemal  Tekin ;E;53;1972;Köse;Cevizli Pestil;1;385,00;385,00;388,85;NAKİT;İyi;gümüş;21,5;
101353;2;2025-06-07;Gümüşhane Çarşı;M-00581;Cemal Tekin;E;53;1972;Köse;Köme;2;465,00;930,00;939,30;Nakıt;Orta;Gümüş;21,0;
101353;3;07.06.2025;Gümüşhane Çarşı;M-00581;Cemal Tekin;E;53;1972;Köse;Karma Paket;1;1155,00;1.155,00;1166,55;havale;NA;Gümüş;16,7;
101354;1;2024-09-28;Gümüşhane Çarşı;;Misafir;Erkek;;;?;Dut Pekmezi;1;275,00;275,00;277,75;Kredi Kartı;Orta;;16,4;
101356;1;06.08.2025;Gümüşhane Çarşı;0;;K;;;Merkez;Kuru Dut;1;270,00;270,00;272,70;-;İyi;;22,7;bayram siparişi
101359;1;23 Temmuz 2025;Gümüşhane Çarşı;M-00468;Gülsüm Karakaya;Kadın;69;1956;Kürtün;Cevizli sucuk (köme);6;;2790,00;2817,90;kk;yok;Bronz;22,6;
101362;1;18.05.2024;Gümüşhane Çarşı;M-00672;Ramazan Polat;E;-5;1982;Merkez;Köme;3;310,00;930,00;939,30;KREDİ KARTI;çok i̇yi;Gümüş;;
101362;2;18.05.2024;Gümüşhane Çarşı;M-00672;RAMAZAN POLAT;E;42;1982;merkez;Karma Paket;1;810,00;810,00;818,10;POS;i̇yi;Gümüş;16,9;
101365;1;29.02.2024;Gümüşhane Çarşı;M-00436;Ercan Celik;Bay;31;1993;Merkez;Kuru Dut;1;165,00;165,00;166,65;NAKİT;-;Bronz;10,6;
101366;1;2024-10-11;Gümüşhane Çarşı;-;-;Kadın;;;?;Pestil 500gr;3;235,00;705,00;712,05;Kart;İyi;;17,1;
101368;1;30.08.2024;Gümüşhane Çarşı;M-00607;Hüseyin Bulut;E;21;2003;Merkez;Köme;1;355,00;355,00;358,55;KREDİ KARTI;bilinmiyor;Bronz;20,5;
101368;2;30.08.2024;Gümüşhane Çarşı;M-00607;Hüseyin Bulut;;21;2003;MERKEZ;Karma Paket;-1;850,00;850,00;858,50;Nakit;bilinmiyor;Bronz;21,3;
101371;1;24.07.2025;Gümüşhane Çarşı;M-00146;Hasan Yıldız;E;45;1980;Bursa (gurbetçi);Dut Pestili;1;310,00;310,00;313,10;NAKİT;3;Gumus;21,2;
101371;2;24.07.2025 11:42;Gümüşhane Çarşı;M-00146;Hasan Yıldız;;45;1980;Bursa (gurbetçi);Dut Pekmezi;3;380,00;1140,00;1.151,40;K.Kartı;NA;Gümüş;24,0;
101374;1;27/07/24;Gümüşhane Çarşı;M-00512;Derya Polat;K;65;1959;İstanbul;Yayla Balı;4;785,00;3140,00;3.171,40;Nakit;İYİ;BRONZ;20,6;
101374;2;2024-07-27;Gümüşhane Çarşı;M-00512;Derya Polat;K;65;1959;İstanbul;Dut (kuru);1;190,00;190,00;191,90;KREDİ KARTI;NA;-;24,6;
101374;3;27.07.2024;Gümüşhane Çarşı;M-00512;DERYA POLAT;;65;1959;İstanbul (gurbetçi);Pestil-Köme Karma;2;860,00;1720,00;1737,20;kk;-;bronz;21,3;
101375;1;2024-12-22;Gümüşhane Çarşı;M-00799;Mustafa Koç;;47;1977;Gumushane;Yayla Balı;2;905,00;1.810,00;1828,10;K.Kartı;yok;Bronz;9,5;askere gidecek
101375;2;22.12.2024;Gümüşhane Çarşı;M-00799;Mustafa Koç;E;47;1977;Merkez;Fındıklı Köme;5;345,00;1725,00;1742,25;KREDİ KARTI;İyi;Bronz;11,1;
101378;1;23.12.2024;Gümüşhane Çarşı;M-00396;Büşra Öztürk;Bayan;60;1964;Torul;Cevizli sucuk (köme);1;390,00;390,00;393,90;nakit;NA;Bronz;9,1;askere gidecek
101381;1;02.08.2024;Gümüşhane Çarşı;M-00628;Ali Bulut;Erkek;59;1965;Torul;Fındıklı sucuk;1;300,00;300,00;303,00;Nakit;çok i̇yi;Bronz;19,3;
101384;1;14.01.2025;Gümüşhane Çarşı;M-00155;Burak Yıldız;E;73;1952;MERKEZ;Köme;1;405,00;405,00;409,05;K.Kartı;İYİ;Gümüş;12,1;
101385;1;24.08.2024;Gümüşhane Çarşı;M-00590;Hülya Yılmaz;K;61;1963;Trabzon;Dut pekmezi 1 kg;1;265,00;265,00;267,65;kk;NA;Altın;22,8;
101385;2;24.08.2024;Gümüşhane Çarşı;M-00590;HÜLYA YILMAZ;K;61;1963;Trabzon (gurbetçi);Karma Paket;1;895,00;895,00;903,95;KREDİ KARTI;Çok İyi;Altin;21,7;
101386;1;11.07.2024;Gümüşhane Çarşı;MİSAFİR;-;;;;merkez;Dut (kuru);1;?;195,00;196,95;kk;bilinmiyor;;24,6;
101389;1;25.01.2024;Gümüşhane Çarşı;M-00266;Kemal Koç;Erkek;73;1951;Torul ;Dut Pekmezi;1;230,00;230,00;232,30;K.Kartı;İyi;Bronz;9,2;
101390;1;18.12.2024;Gümüşhane Çarşı;M-00251;Burak Kurt;Erkek;23;2001;merkez;PESTİL;3;250,00;750,00;757,50;kk;Çok İyi;Bronz;10,7;
101391;1;20.04.2024;Gümüşhane Çarşı;-;;;;;?;Kuru Dut;4;180,00;720,00;727,20;;çok i̇yi;;16,9;
101394;1;2024-08-05;Gümüşhane Çarşı;M-00452;Elif Karataş;Kadın;34;1990;MERKEZ;Fındıklı Köme;1;310,00;310,00;313,10;kk;İyi;Bronz;27,0;
101395;1;15.11.2024;Gümüşhane Çarşı;M-00174;ZEYNEP KARAKAYA;K;-5;1989;Merkez;Ceviz İçi;1;610,00;610,00;616,10;EFT;4;Bronz;12,4;
101397;1;17.06.2025;Gümüşhane Çarşı;MİSAFİR;-;K;;;Merkez;Dut Pestili;4;290,00;1.160,00;1.171,60;Kart;bilinmiyor;;22,1;
101397;2;17.06.2025;Gümüşhane Çarşı;MİSAFİR;-;Kadın;;;merkez;Fındıklı Köme;1;415,00;415,00;419,15;POS;-;;21,8;
101397;3;17.06.2025;Gümüşhane Çarşı;MİSAFİR;Misafir;Kadın;;;;Dut Pekmezi;2;36500,00;730,00;737,30;kk;orta;;yok;
101398;1;20.02.2024;Gümüşhane Çarşı;;-;Kadın;;;Merkez;Dut Pestili;1;190,00;190,00;191,90;EFT;bilinmiyor;;8,1;
101399;1;21.12.2024;Gümüşhane Çarşı;MİSAFİR;-;Erkek;;;?;Kuru Dut;1;220,00;220,00;222,20;Nakıt;Orta;;11,1;
101399;2;;Gümüşhane Çarşı;0;-;E;;;merkez;kusburnu marmelat;2;180,00;360,00;363,60;Kart;İYİ;;8,7;
101399;3;21.12.2024 19:11;Gümüşhane Çarşı;;Misafir;;;;Merkez;Ev Eriştesi;2;125,00;250,00;252,50;Nakıt;ÇOK İYİ;;;
101402;1;29.11.2024;Gümüşhane Çarşı;M-00815;Halil Kara;E;;1997;Merkez;Dut pekmezi 1 kg;1;300,00;300,00;303,00;POS;;;11,2;yurt dışı - valizde
101405;1;18.12.2024;Gümüşhane Çarşı;;-;Kadın;;;Merkez;findikli kome;2;345,00;690,00;696,90;Nakıt;;;?;
101406;1;04.02.2025;Gümüşhane Çarşı;M-00739;Elif Gümüş;Kadın;55;1970;Kürtun;Cevizli Pestil;2;345,00;690,00;696,90;Nakit;;Bronz;9,7;
101406;2;04.02.2025;Gümüşhane Çarşı;M-00739;Elif  Gümüş ;K;55;1970;Kürtün;Cevizli sucuk (köme);3;400,00;1200,00;1.212,00;nakit;i̇yi;;7,4;
101408;1;29/09/25;Gümüşhane Çarşı;M-00550;Ali Uzun;E;74;1951;Köse;Cevizli Pestil;1;425,00;425,00;429,25;K.Kartı;Çok İyi;Altın;17,8;
101409;1;13.01.2024;Gümüşhane Çarşı;MİSAFİR;;E;;;;Yayla Balı;3;655,00;1965,00;1.984,65;KREDİ KARTI;Çok İyi;;9,7;
101409;2;2024-01-13;Gümüşhane Çarşı;MİSAFİR;Misafir;K;;;merkez;Ceviz ici;1;455,00;455,00;459,55;kk;Iyi;;10,1;
101410;1;14.08.2025;Gümüşhane Çarşı;M-00622;Hüseyin Bayram;E;999;1970;Kelkit;Fındıklı Köme;2;425,00;850,00;858,50;EFT;İyi;?;22,2;
101410;2;14/08/25;Gümüşhane Çarşı;M-00622;Hüseyin Bayram;E;55;1970;Kelkit;Ev Eriştesi;4;155,00;620,00;626,20;K.Kartı;ÇOK İYİ;Bronz;21,9;
101413;1;24.12.2024;Gümüşhane Çarşı;877;ŞERİFE ALTUN;Kadın;49;1990;Kelkit;Cevizli Sucuk;1;380,00;380,00;383,80;POS;Cok Iyi;Bronz;10,5;
101416;1;31.03.2024;Gümüşhane Çarşı;0;;E;;;Merkez;pestil;1;195,00;195,00;196,95;Nakit;KÖTÜ;;12,9;
101416;2;2024-03-31;Gümüşhane Çarşı;0;Misafir;E;;;;KÖME;2;305,00;610,00;616,10;?;4;;15,0;
101416;3;31.03.2024;Gümüşhane Çarşı;;misafir müşteri;K;;;;Dut Pekmezi;2;245,00;490,00;494,90;Nakıt;çok i̇yi;;15,4;
101417;1;2025-07-30;Gümüşhane Çarşı;M-00362;Mehmet Aslan;E;36;1989;Kelkit;Cevizli Pestil;1;400,00;400,00;404,00;POS;;Altın;23,9;
101417;2;2025-07-30;Gümüşhane Çarşı;M-00362;Mehmet Aslan;E;36;1989;Kelkit;Kuşburnu Marmelatı;2;215,00;430,00;434,30;KREDİ KARTI;;Altin;22,8;
101417;3;30.07.2025;Gümüşhane Çarşı;M-00362;Mehmet Aslan;Erkek;?;1989;Kelkit ;kuru dut;1;275,00;275,00;277,75;Kredi Kartı;5;Altin;23,1;
101418;1;19.01.2024;Gümüşhane Çarşı;M-00073;Osman Topal;E;62;1962;Kürtün;Kuşburnu Marmelatı;1;135,00;135,00;136,35;K.Kartı;-;Bronz;9,6;
101418;2;2024-01-19;Gümüşhane Çarşı;M-00073;Osman Topal;E;62;1962;KÜRTÜN;Dut Pekmezi;5;220,00;1.100,00;1111,00;NAKİT;yok;Bronz;7,4;
101418;3;19.01.2024;Gümüşhane Çarşı;M-00073;OSMAN TOPAL;Erkek;62;1962;Kürtün;Ev Eriştesi;2;90,00;180,00;181,80;kk;i̇yi;Bronz;10,5;
101421;1;11.04.2025;Gümüşhane Çarşı;M-00609;Şükrü Akgün;e;64;1961;Merkez;Karma Paket;1;1.100,00;1.100,00;1.111,00;;;Gümüş;15,3;
101421;2;11/04/25;Gümüşhane Çarşı;M-00609;ŞÜKRÜ AKGÜN;E;64;1961;Merkez;Kuru Dut;3;250,00;750,00;757,50;POS;;;13,9;
101421;3;11.04.2025;Gümüşhane Çarşı;M-00609;Şükrü Akgün;E;64;1961;Merkez ;Ceviz İçi;2;705,00;1.410,00;1424,10;K.Kartı;Çok İyi;Gümüş;19,4;bayram siparişi
101424;1;27.08.2025;Gümüşhane Çarşı;M-00251;Burak Kurt;Erkek;;2001;GÜMÜŞHANE;Kuşburnu Marmelatı;6;220,00;1320,00;1.333,20;NAKİT;bilinmiyor;Bronz;22,3;
101426;1;27.02.2024;Gümüşhane Çarşı;;-;Erkek;;;;Fındıklı Köme;1;270,00;270,00;272,70;Nakıt;Orta;;7,7;
101426;2;27 Şubat 2024;Gümüşhane Çarşı;;Misafir;Erkek;;;?;Kuşburnu Marmelatı;1;140,00;140,00;141,40;POS;ÇOK İYİ;;10,9;
101426;3;27 Şubat 2024;Gümüşhane Çarşı;-;misafir müşteri;Kadın;;;Merkez;Pestil-Köme Karma;2;750,00;1500,00;1515,00;KREDİ KARTI;4;;9,6;
101429;1;2025-09-06;Gümüşhane Çarşı;MİSAFİR;-;;;;merkez;Dut Pestili;14;320,00;4480,00;4524,80;;Çok İyi;;20,4;toptan, lokanta
101429;2;06.09.2025;Gümüşhane Çarşı;MİSAFİR;Misafir;;;;merkez;Yayla Balı;23;1.140,00;26220,00;26482,20;KREDİ KARTI;Çok İyi;;21,4;toptan - market siparişi
101430;1;12.09.2024;Gümüşhane Çarşı;M-00426;Osman Çetin;;69;1955;Köse;Dut Pestili;1;225,00;225,00;227,25;KREDİ KARTI;Çok İyi;gümüş;18,4;
101430;2;12.09.2024;Gümüşhane Çarşı;M-00426;Osman Çetin;e;69;1955;Köse;Ceviz İçi;2;565,00;1130,00;1.141,30;kk;?;Gümüş;20,4;
101431;1;2025-06-30;Gümüşhane Çarşı;M-00122;Ramazan Keskin;E;47;1978;Kelkıt;Kuru Dut;3;260,00;780,00;787,80;Nakit;Orta;Bronz;21,7;
101431;2;30.06.2025;Gümüşhane Çarşı;M-00122;Ramazan Keskin;E;47;1978;Kelkit;Dut Pestili;1;295,00;295,00;297,95;POS;;Bronz;23,6;
101433;1;18.07.2025;Gümüşhane Çarşı;M-00517;Süleyman Tekin;Erkek;80;1945;Kürtün;cevizli pestil;1;405,00;405,00;409,05;nakit;yok;yok;23,4;
101434;1;05/11/24;Gümüşhane Çarşı;M-00348;Osman  Çelik ;E;69;1955;Merkez;Cevizli Sucuk;2;370,00;740,00;747,40;KREDİ KARTI;Çok İyi;gümüş;12,3;
101437;1;13.08.2025;Gümüşhane Çarşı;M-00714;MEHMET KARAKAYA;e;33;1992;Merkez;Köme;1;480,00;480,00;484,80;kk;;Bronz;21,6;
101438;1;2024-01-20;Gümüşhane Çarşı;;;;;;?;Kuru Dut;1;170,00;170,00;171,70;KREDİ KARTI;İyi;;8,8;
101438;2;20.01.2024;Gümüşhane Çarşı;;;E;;;?;Cevizli Pestil;2;250,00;500,00;505,00;Havale;;;11,2;
101438;3;20.01.2024 09:53;Gümüşhane Çarşı;MİSAFİR;;Kadın;;;?;Ceviz İçi;1;455,00;455,00;459,55;NAKİT;4;;9,9;
101440;1;13.07.2024;Gümüşhane Çarşı;M-00453;Zeynep Coşkun;Kadın;24;2000;İstanbul (gurbetçi);Dut Pestili;2;210,00;420,00;424,20;POS;;yok;24,9;
101443;1;30.09.2024;Gümüşhane Çarşı;M-00630;Kemal Arslan;E;42;1982;merkez;Cevizli Pestil;1;305,00;305,00;308,05;Kredi Kartı;İYİ;Bronz;18,9;
101445;1;2025-07-19;Gümüşhane Çarşı;M-00118;Erol Öztürk;E;72;1953;köse;Köme;1;465,00;465,00;469,65;NAKİT;NA;Bronz;22,6;
101447;1;2025-06-15;Gümüşhane Çarşı;M-00614;HAVVA POLAT;K;29;1996;Merkez;Fındıklı Köme;1;405,00;405,00;409,05;havale;2;Gumus;25,0;
101447;2;2025-06-15;Gümüşhane Çarşı;614;Havva Polat;K;29;1996;Merkez;Yayla Balı;2;1.060,00;2120,00;2.141,20;POS;i̇yi;Gumus;23,7;
101448;1;15.02.2025;Gümüşhane Çarşı;M-00522;Kadir Yılmaz;E;73;1952;Merkez;Fındıklı Köme;2;375,00;750,00;757,50;KREDİ KARTI;yok;bronz;7,1;bayram siparişi
101448;2;2025-02-15;Gümüşhane Çarşı;M-00522;Kadir Yılmaz;E;73;1952;Merkez;Kuşburnu Marmelatı;3;185,00;555,00;560,55;K.Kartı;NA;Bronz;9,2;
101450;1;8 Ağustos 2025;Gümüşhane Çarşı;M-00765;Şükrü Erdoğan;e;70;1955;İSTANBUL;Köme;-1;465,00;465,00;469,65;Kredi Kartı;4;Gümüş;20,7;
101450;2;08.08.2025;Gümüşhane Çarşı;M-00765;Şükrü Erdoğan;Bay;70;1955;İSTANBUL;Yayla Balı;2;1105,00;2.210,00;2.232,10;EFT;?;Gümüş;21,4;
101450;3;08.08.2025;Gümüşhane Çarşı;M-00765;Şükrü Erdoğan;;70;1955;İstanbul (gurbetçi);Pestil-Köme Karma;2;1220,00;2440,00;2464,40;Kredi Kartı;çok i̇yi;Gümüş;24,4;veresiye
101450;1;8 Ağustos 2025;Gümüşhane Çarşı;M-00765;Şükrü Erdoğan;e;70;1955;İSTANBUL;Köme;-1;465,00;465,00;469,65;Kredi Kartı;4;Gümüş;20,7;
101452;1;19.02.2024;Gümüşhane Çarşı;M-00061;Merve Kılıç;Kadın;28;1996;Merkez;Ceviz İçi;5;465,00;2.325,00;2348,25;Havale;5;Bronz;11,3;
101452;2;19.02.2024;Gümüşhane Çarşı;M-00061;Merve Kılıç;K;28;1996;Merkez;Dut pekmezi 1 kg;4;230,00;920,00;929,20;NAKİT;İyi;Bronz;7,1;
101452;3;19/02/24;Gümüşhane Çarşı;M-00061;Merve Kılıç;K;28;1996;Merkez;Kuşburnu Marmelatı;1;135,00;135,00;136,35;Nakıt;ORTA;BRONZ;9,8;
101455;1;21.08.2024;Gümüşhane Çarşı;M-00541;Kadir Yıldız;Erkek;78;1946;Kelkit;Fındıklı Köme;2;300,00;600,00;606,00;Nakit;5;Gümüş;21,4;
101455;2;21.08.2024;Gümüşhane Çarşı;M-00541;Kadir Yıldız;e;78;1946;Kelkit;Cevizli Pestil;1;290,00;290,00;292,90;Kart;4;gümüş;-;
101457;1;28 Ocak 2024;Gümüşhane Çarşı;M-00563;Gülsüm Doğan;K;67;1957;Merkez;Yayla Balı;1;685,00;685,00;691,85;POS;NA;yok;-;
101458;1;13.01.2025;Gümüşhane Çarşı;M-00575;Meryem Yıldız;;69;1956;Torul ;Bal 850gr;1;895,00;895,00;903,95;Nakıt;Orta;;10,9;
101458;2;13.01.2025;Gümüşhane Çarşı;M-00575;Meryem Yıldız;K;69;1956;Torul ;Ev Eriştesi;3;125,00;375,00;378,75;nakit;kötü;Bronz;9,7;
101458;3;13.01.2025;Gümüşhane Çarşı;M-00575;Meryem Yıldız;K;69;1956;Torul;Kuşburnu;2;185,00;370,00;373,70;havale;i̇yi;Bronz;;
101461;1;22.02.2025;Gümüşhane Çarşı;-;;K;;;;Kuşburnu Marmelatı;3;190,00;570,00;575,70;Nakit;;;9,1;
101464;1;21.09.2025;Gümüşhane Çarşı;M-00314;KADİR AYDIN;E;29;1996;Merkez;Dut Pekmezi;3;395,00;1185,00;1196,85;kk;NA;Bronz;22,3;
101464;2;2025-09-21;Gümüşhane Çarşı;314;Kadir Aydın;E;29;1996;Merkez;Cevizli Pestil;4;435,00;1740,00;1757,40;NAKİT;İyi;Bronz;17,2;
101467;1;2025-01-18;Gümüşhane Çarşı;;-;;;;?;Köme;2;385,00;770,00;777,70;kk;4;;7,8;
101468;1;15 Şubat 2024;Gümüşhane Çarşı;M-00028;Zeki  Bulut ;E;51;1982;Kelkıt;Ev Eriştesi;2;95,00;190,00;191,90;Nakıt;Çok İyi;;8,7;
101470;1;2025-06-17;Gümüşhane Çarşı;M-00882;Emre  Kılıç ;e;39;1986;Kelkit;cevizli pestil;5;395,00;1975,00;1994,75;K.Kartı;Iyi;Bronz;23,5;
101470;2;17.06.2025;Gümüşhane Çarşı;M-00882;Emre Kılıç;E;39;1986;Kelkit;Kome;2;450,00;900,00;909,00;NAKİT;kötü;Bronz;22,0;
101470;3;17.06.2025;Gümüşhane Çarşı;M-00882;Emre Kılıç;Erkek;39;1986;Kelkıt;kuru dut;2;265,00;530,00;535,30;Kredi Kartı;yok;Bronz;21,1;
101472;1;2024-05-17;Gümüşhane Çarşı;M-00167;Büşra Kaya;Bayan;44;1968;Merkez;Dut Pestili;2;200,00;400,00;404,00;Kart;yok;Bronz;18,8;
101473;1;19/02/24;Gümüşhane Çarşı;0;;Erkek;;;?;erişte;1;90,00;90,00;90,90;KREDİ KARTI;Çok İyi;;11,5;
101473;2;2024-02-19;Gümüşhane Çarşı;-;Misafir;;;;;Yayla Balı;5;665,00;3.325,00;3.358,25;NAKİT;;;8,1;
101476;1;03.03.2025;Gümüşhane Çarşı;M-00229;Hatice Keskin;;63;1962;Şiran;Ceviz İçi;1;680,00;680,00;686,80;Kart;4;Bronz;12,2;
101476;2;03.03.2025;Gümüşhane Çarşı;M-00229;Hatice Keskin;K;63;1962;Şiran;Ev Eriştesi;1;130,00;130,00;131,30;Nakıt;İYİ;bronz;12,2;
101479;1;20.05.2024;Gümüşhane Çarşı;M-00630;Kemal Arslan;;42;1982;Merkez;ceviz;1;500,00;500,00;505,00;Nakit;4;Bronz;19,0;veresiye
101479;2;;Gümüşhane Çarşı;M-00630;Kemal Arslan;E;42;1982;Merkez;Yayla Balı;-3;725,00;1450,00;1464,50;KREDİ KARTI;-;bronz;19,1;
101482;1;25.12.2024;Gümüşhane Çarşı;;Misafir;Erkek;;;;Pestil-Köme Karma;2;990,00;1980,00;1999,80;Kart;yok;;11,4;
101482;2;25.12.2024;Gümüşhane Çarşı;0;misafir müşteri;;;;;Köme;6;yok;2370,00;2393,70;POS;Çok İyi;;9,3;paketi sağlam yapın
101485;1;23.06.2024;Gümüşhane Çarşı;MİSAFİR;;K;;;?;Pestil 500gr;2;215,00;430,00;434,30;Kart;yok;;21,7;
101485;2;23/06/24;Gümüşhane Çarşı;;;;;;;Kuşburnu Marmelatı;1;155,00;155,00;156,55;POS;Cok Iyi;;23,1;
101486;1;2025-03-24;Gümüşhane Çarşı;;-;Kadın;;;;Pestil (cevizli);6;360,00;2.160,00;2181,60;Nakit;ÇOK İYİ;;11,7;
101489;1;10.07.2025;Gümüşhane Çarşı;M-00236;Hüseyin Şahin;E;46;1979;Gurbet - Bursa;Kuru Dut;5;260,00;1.300,00;1313,00;kk;4;Bronz;24,4;
101489;2;10.07.2025;Gümüşhane Çarşı;M-00236;Hüseyin Şahin;E;46;1979;Bursa (gurbetçi);Pestil (cevizli);1;400,00;400,00;404,00;Kredi Kartı;Orta;Bronz;25,2;
101492;1;16.01.2024;Gümüşhane Çarşı;M-00247;Hülya Aslan;Kadın;42;1970;Kelkit;Köme;1;290,00;290,00;292,90;Kart;Çok İyi;Bronz;10,1;
101494;1;27.07.2024;Gümüşhane Çarşı;M-00167;Büşra Kaya;K;44;1980;Gumushane;Cevizli Sucuk;1;340,00;340,00;343,40;KREDİ KARTI;çok i̇yi;;21,8;
101496;1;13.09.2024;Gümüşhane Çarşı;-;-;Kadın;;;merkez;Dut Pekmezi;3;275,00;825,00;833,25;Kredi Kartı;Çok İyi;;;
101496;2;13.09.2024;Gümüşhane Çarşı;;;;;;?;Dut Pestili;2;230,00;460,00;464,60;kk;İyi;;22,0;
101498;1;2025-02-28;Gümüşhane Çarşı;890;Zeki Polat;E;40;2000;Kelkit;Cevizli Pestil;1;355,00;355,00;358,55;Havale;;Gümüş;11,2;
101501;1;30.08.2024;Gümüşhane Çarşı;157;Hüseyin Bulut;Erkek;29;1995;Merkez;Dut Pekmezi;2;270,00;540,00;545,40;Havale/EFT;İyi;Bronz;19,2;
101504;1;2024-03-02;Gümüşhane Çarşı;M-00425;Murat Gümüş;Erkek;35;1989;torul;Köme;2;305,00;610,00;616,10;Nakıt;;Gümüş;11,9;
101505;1;25.09.2025;Gümüşhane Çarşı;;Misafir;Erkek;;;Merkez;Ev Eriştesi;1;165,00;165,00;166,65;K.Kartı;5;;21,2;
101505;2;25.09.2025;Gümüşhane Çarşı;-;-;;;;merkez;Pestil (cevizli);1;420,00;420,00;424,20;Kredi Kartı;çok i̇yi;;16,0;
101508;1;2024-09-19;Gümüşhane Çarşı;M-00379;Sultan Özdemir;Kadın;57;1967;Merkez ;kusburnu marmelat;1;160,00;160,00;161,60;Nakıt;NA;Bronz;18,7;
101508;2;19.09.2024;Gümüşhane Çarşı;M-00379;Sultan Özdemir;Kadın;57;1967;GÜMÜŞHANE;Dut Pekmezi;4;285,00;1140,00;1151,40;Kart;çok i̇yi;Bronz;19,9;
101509;1;2025-07-26;Gümüşhane Çarşı;M-00514;İbrahim Kurt;E;29;1996;Kelkit;Köme;5;475,00;2.375,00;2398,75;Kart;Orta;Bronz;24,0;
101509;2;26.07.2025;Gümüşhane Çarşı;M-00514;İbrahim Kurt;e;29;1996;Kelkıt;Ceviz ici;1;735,00;735,00;742,35;kk;yok;Bronz;21,8;
101512;1;31.05.2024;Gümüşhane Çarşı;MİSAFİR;-;;;;;Ceviz İçi;3;510,00;1530,00;1.545,30;Kart;Çok İyi;;21,1;
101513;1;08.03.2024;Gümüşhane Çarşı;M-00848;Büşra Kaya;K;76;1948;kelkit;bal;1;680,00;680,00;686,80;Nakit;Cok Iyi;Gümüş;11,6;
101513;2;;Gümüşhane Çarşı;M-00848;Busra Kaya;K;76;1948;Kelkıt;Ev Eriştesi;1;95,00;142,50;95,95;K.Kartı;ÇOK İYİ;Gümüş;10,3;
101516;1;02.07.2025;Gümüşhane Çarşı;M-00606;Esra Topal;K;999;1954;Kelkit;Ev Eriştesi;1;145,00;145,00;146,45;POS;i̇yi;Bronz;20,6;
101518;1;02.04.2024;Gümüşhane Çarşı;-;misafir müşteri;E;;;?;Dut Pestili;2;195,00;390,00;393,90;KREDİ KARTI;Iyi;;13,5;Almanya'ya gidecek
101520;1;18.06.2025;Gümüşhane Çarşı;-;;Erkek;;;;ceviz;2;725,00;1.450,00;1464,50;nakit;;;23,8;
101520;2;2025-06-18;Gümüşhane Çarşı;;;;;;;Kuru Dut;2;265,00;530,00;535,30;POS;bilinmiyor;;21,7;
101520;3;18.06.2025;Gümüşhane Çarşı;0;;;;;?;Yayla Balı;1;1030,00;1030,00;1040,30;NAKİT;İYİ;;20,2;
101522;1;29/12/24;Gümüşhane Çarşı;M-00190;Zeynep Yılmaz;K;24;2000;Köse;cevizli pestil;5;340,00;1700,00;1.717,00;NAKİT;-;Gumus;10,0;hediye paketi
101522;2;29.12.2024;Gümüşhane Çarşı;M-00190;Zeynep Yılmaz;Kadın;;2000;KÖSE;Fındıklı Köme;2;350,00;700,00;707,00;Nakıt;?;gümüş;11,1;
101523;1;3 Ağustos 2024;Gümüşhane Çarşı;M-00519;Kemal Kaya;Erkek;48;1976;Kürtun;Pestil-Köme Karma;1;835,00;835,00;843,35;KREDİ KARTI;;Gümüş;25,1;
101523;2;2024-08-03;Gümüşhane Çarşı;M-00519;Kemal Kaya;E;48;1976;Kurtun;Ev Eriştesi;1;110,00;55,00;111,10;Kredi Kartı;Kötü;Gumus;25,4;
101525;1;18.11.2024;Gümüşhane Çarşı;M-00048;Kübra Gümüş;K;62;1962;Köse;Fındıklı sucuk;2;330,00;660,00;666,60;Nakit;?;Gümüş;13,5;
101528;1;16 Ağustos 2024;Gümüşhane Çarşı;M-00087;Esra Keskin;Bayan;42;1982;Merkez;Yayla Balı;12;795,00;9540,00;9.635,40;nakit;3;bronz;22,7;Toptan (otel)
101528;2;16.08.2024;Gümüşhane Çarşı;M-00087;Esra Keskin;K;42;1982;Merkez;Ev Eriştesi;27;110,00;2970,00;2999,70;Nakit;bilinmiyor;Bronz;21,1;Toptan (otel)
101529;1;2025-07-31;Gümüşhane Çarşı;M-00175;Erol Tekin;E;80;1945;Merkez;Cevizli Pestil;3;395,00;1.185,00;1196,85;kk;yok;gümüş;23,0;
101529;2;2025-07-31;Gümüşhane Çarşı;M-00175;Erol Tekin;E;80;1945;Merkez;Ceviz İçi;1;760,00;760,00;767,60;EFT;İyi;Gümüş;19,4;
101531;1;08/06/24;Gümüşhane Çarşı;-;misafir müşteri;;;;Merkez;Karma Paket;1;830,00;830,00;838,30;Nakıt;İyi;;22,1;
101531;2;8 Haziran 2024;Gümüşhane Çarşı;-;;Kadın;;;Merkez;Kuşburnu Marmelatı;1;150,00;150,00;151,50;Nakıt;İyi;;21,3;
101532;1;04.04.2025;Gümüşhane Çarşı;M-00606;ESRA TOPAL;K;71;1954;Kelkit;Dut Pekmezi;1;345,00;345,00;348,45;Nakıt;Çok İyi;Bronz;12,8;
101532;2;04.04.2025;Gümüşhane Çarşı;M-00606;Esra Topal;Kadın;71;1954;Kelkit;Cevizli Sucuk;1;435,00;435,00;439,35;Nakıt;;BRONZ;14,5;
101535;1;2024-06-05;Gümüşhane Çarşı;400;Kadir Öztürk;;27;1997;Kelkit ;Köme;1;320,00;320,00;323,20;kk;İyi;Bronz;20,6;
101535;2;05.06.2024;Gümüşhane Çarşı;M-00400;Kadir Öztürk;E;27;1997;Kelkit;Ev Eriştesi;1;105,00;105,00;106,05;Nakit;-;Bronz;20,3;
101538;1;15 Ağustos 2025;Gümüşhane Çarşı;M-00056;Merve Erdoğan;K;21;2004;Köse;bal;3;1120,00;3360,00;3393,60;Kart;yok;BRONZ;21,3;
101538;2;2025-08-15;Gümüşhane Çarşı;M-00056;Merve Erdoğan;;21;2004;Kose;Dut Pekmezi;1;375,00;375,00;378,75;K.Kartı;;Bronz;23,1;
101539;1;9 Temmuz 2025;Gümüşhane Çarşı;M-00033;EMİNE KARAKAYA;K;69;1956;Kelkit ;Pestil 500gr;1;290,00;290,00;292,90;EFT;3;bronz;24,4;
101542;1;13.01.2025;Gümüşhane Çarşı;M-00043;KADİR KILIÇ;E;72;1953;Merkez;Dut Pestili;1;245,00;245,00;247,45;NAKİT;?;Bronz;NA;
101544;1;21.06.2024;Gümüşhane Çarşı;M-00259;RECEP POLAT;E;69;1948;Merkez;Dut Pestili;1;210,00;210,00;212,10;Nakit;;Bronz;23,0;
101544;2;2024-06-21;Gümüşhane Çarşı;M-00259;Recep Polat;E;69;1955;Merkez;Karma Paket;1;820,00;820,00;828,20;NAKİT;ÇOK İYİ;Bronz;23,0;
101546;1;27.09.2025;Gümüşhane Çarşı;-;;K;;;;Fındıklı Köme;1;450,00;450,00;454,50;nakit;?;;16,9;
101549;1;;Gümüşhane Çarşı;M-00015;ÖMER KESKİN;E;36;1988;Kürtün;Köme;1;345,00;345,00;348,45;KREDİ KARTI;5;Bronz;23,9;
101550;1;5 Eylül 2025;Gümüşhane Çarşı;M-00672;Ramazan Polat;E;43;1982;Merkez;Kuşburnu Marmelatı;2;225,00;450,00;454,50;NAKİT;-;Gümüş;;veresiye
101551;1;24/03/25;Gümüşhane Çarşı;M-00192;Hanife Ekinci;K;32;1993;Kelkit;Fındıklı sucuk;2;365,00;730,00;737,30;Kart;i̇yi;Bronz;14,8;
101554;1;26.08.2024;Gümüşhane Çarşı;MİSAFİR;-;;;;merkez;Kuru Dut;2;195,00;390,00;393,90;KREDİ KARTI;;;22,7;
101554;2;26.08.2024;Gümüşhane Çarşı;0;;Erkek;;;Merkez;Cevizli Pestil;1;295,00;295,00;297,95;nakit;Kötü;;NA;
101554;3;26.08.2024;Gümüşhane Çarşı;-;misafir müşteri;;;;;Köme;1;345,00;345,00;348,45;Nakit;3;;21,8;
101556;1;25/01/24;Gümüşhane Çarşı;M-00579;MUSTAFA KESKİN;Erkek;46;1978;Merkez;Dut Pestili;1;180,00;180,00;181,80;NA;İyi;Bronz;6,3;
101556;2;2024-01-25;Gümüşhane Çarşı;M-00579;Mustafa Keskin;e;46;1971;Kelkit;Eriste;1;90,00;90,00;90,90;EFT;İyi;;9,1;
101556;3;25.01.2024 12:03;Gümüşhane Çarşı;M-00579;Mustafa  Keskin ;;46;1978;Kelkit;Kuşburnu Marmelatı;3;130,00;390,00;393,90;Nakit;İyi;Bronz;8,2;
101558;1;15.07.2024;Gümüşhane Çarşı;M-00877;Serife Altun;Bayan;49;1975;Kelkit;Dut Pestili;1;215,00;215,00;217,15;Nakit;;Bronz;26,0;
101561;1;2024-08-23;Gümüşhane Çarşı;M-00055;Ayşe Akgün;K;64;1960;Almanya (gurbetçi);Karma Paket;2;890,00;1780,00;1797,80;K.Kartı;-;gümüş;;
101563;1;2024-04-03;Gümüşhane Çarşı;M-00813;Şükrü Doğan;E;56;1968;Şiran;Kuru Dut;1;180,00;180,00;181,80;Kart;?;Bronz;16,7;
101566;1;7 Temmuz 2025;Gümüşhane Çarşı;M-00491;MERYEM EKİNCİ;;22;2003;Kürtün;Dut pekmezi 1 kg;1;355,00;355,00;358,55;NAKİT;NA;Bronz;22,3;
101568;1;15.05.2024;Gümüşhane Çarşı;M-00122;Ramazan  Keskin ;E;46;1978;Kelkit;cevizli pestil;2;275,00;550,00;555,50;kk;;Bronz;19,5;
101568;2;15.05.2024;Gümüşhane Çarşı;M-00122;RAMAZAN KESKİN;E;46;1978;Kelkit;Kuşburnu Marmelatı;1;145,00;145,00;146,45;Nakit;Çok İyi;BRONZ;16,6;
101569;1;2024-10-19;Gümüşhane Çarşı;M-00811;Zeynep Çelik;K;69;1955;Torul;Kome;1;370,00;370,00;373,70;KREDİ KARTI;3;Gümüş;15,3;
101571;1;18 Eylül 2025;Gümüşhane Çarşı;M-00286;Emine Tekin;K;51;1974;Merkez;Ceviz İçi;1;780,00;780,00;787,80;Nakit;İyi;Bronz;19,8;
101574;1;28.06.2025;Gümüşhane Çarşı;M-00474;Ali Kurt;E;50;1975;Torul;Köme;1;450,00;450,00;454,50;nakit;1;Bronz;22,7;
101577;1;08.10.2024;Gümüşhane Çarşı;M-00239;Büşra Demir;K;79;1945;Köse;Yayla Balı;1;815,00;815,00;823,15;kk;İyi;gümüş;13,5;
999999;;01.01.2024;Gümüşhane Çarşı;;test kullanıcı;;;;;Dut Pestili;1;1,00;1,00;;;;;;
101577;2;08.10.2024 17:06;Gümüşhane Çarşı;M-00239;Büşra Demir;;79;1945;Köse;cevizli pestil;3;310,00;930,00;939,30;K.Kartı;orta;Gümüş;18,0;
101580;1;12.04.2025;Gümüşhane Çarşı;M-00003;Meryem Keskin;K;37;1988;Merkez ;köme 500gr;1;435,00;435,00;439,35;kk;Çok İyi;Gümüş;16,1;
101581;1;04.09.2024;Gümüşhane Çarşı;M-00850;Nermin Kaya;K;66;1958;Gurbet - Bursa;Ceviz İçi;1;560,00;560,00;565,60;NAKİT;İyi;Bronz;21,1;
101583;1;29.06.2024;Gümüşhane Çarşı;0;;E;;;merkez;Karma Paket;1;820,00;820,00;828,20;kk;NA;;22,4;
101583;2;2024-06-29;Gümüşhane Çarşı;-;-;K;;;Merkez;Dut (kuru);2;190,00;380,00;383,80;NAKİT;Iyi;;;
101583;3;2024-06-29;Gümüşhane Çarşı;0;;;;;;PESTİL;1;210,00;210,00;212,10;kk;Çok İyi;;20,5;
101586;1;24.05.2025;Gümüşhane Çarşı;M-00772;Mehmet Tekin;Erkek;51;1974;Kelkit;Karma Paket;2;1.105,00;2210,00;2232,10;NAKİT;;Bronz;17,8;
101586;2;2025-05-24;Gümüşhane Çarşı;M-00772;Mehmet Tekin;;51;1974;Kelkit;Kome;2;445,00;890,00;898,90;KREDİ KARTI;?;Bronz;20,1;
101588;1;19.11.2024;Gümüşhane Çarşı;M-00460;Emre Yıldız;e;52;1972;ŞİRAN;Dut Pestili;3;240,00;720,00;727,20;K.Kartı;-;Bronz;11,4;
101590;1;3 Haziran 2025;Gümüşhane Çarşı;M-00006;Ercan Kılıç;;36;1989;Gurbet - İstanbul;dut pestil;1;295,00;295,00;297,95;Nakit;;BRONZ;19,0;
101593;1;06.07.2025;Gümüşhane Çarşı;M-00119;Gülsüm Çelik;Kadın;75;1950;İSTANBUL;Ev Eriştesi;2;150,00;300,00;303,00;POS;;Gümüş;21,9;
101593;2;2025-07-06;Gümüşhane Çarşı;M-00119;Gülsüm Çelik;Kadın;75;1950;İstanbul;Karma Paket;1;1.145,00;1145,00;1.156,45;havale;1;Gümüş;20,8;
101593;3;06.07.2025;Gümüşhane Çarşı;M-00119;Gülsüm Çelik;Kadın;75;1950;Gurbet - İstanbul;Cevizli sucuk (köme);1;450,00;450,00;454,50;nakit;-;gümüş;22,6;
101595;1;21.06.2025;Gümüşhane Çarşı;M-00127;Burak Ekinci;E;52;1966;Kürtün;Dut Pestili;1;295,00;295,00;297,95;Kart;5;bronz;21,2;
101598;1;2024-07-03;Gümüşhane Çarşı;M-00208;Zeki Özdemir;E;44;1980;Torul;Kuru Dut;1;190,00;190,00;191,90;;;Altın;22,6;
101599;1;23.03.2024;Gümüşhane Çarşı;M-00375;Ercan Kılıç;E;29;1995;Merkez;Köme;1;300,00;300,00;303,00;K.Kartı;yok;Bronz;11,4;
101599;2;23.03.2024;Gümüşhane Çarşı;M-00375;Ercan Kılıç;E;29;1995;Gümüşhane Merkez;Ceviz İçi;4;485,00;1940,00;1959,40;K.Kartı;bilinmiyor;bronz;14,6;
101599;3;23.03.2024;Gümüşhane Çarşı;M-00375;Ercan Kılıç;E;29;1995;Merkez;Fındıklı Köme;3;265,00;795,00;802,95;KREDİ KARTI;-;bronz;14,6;Almanya'ya gidecek
101601;1;2024-07-23;Gümüşhane Çarşı;0;Misafir;;;;Merkez;Bal 850gr;1;800,00;800,00;808,00;NAKİT;ÇOK İYİ;;23,2;
101601;2;23.07.2024;Gümüşhane Çarşı;MİSAFİR;-;K;;;;Ceviz İçi;1;550,00;550,00;555,50;kk;;;24,1;
101604;1;23.02.2024;Gümüşhane Çarşı;0;Misafir;Erkek;;;?;Köme;2;300,00;600,00;606,00;Nakıt;;;11,9;
101607;1;22.07.2024;Gümüşhane Çarşı;M-00807;Hasan Polat;Erkek;55;1969;Merkez;Kuşburnu Marmelatı;1;155,00;155,00;156,55;Nakıt;Orta;Gümüş;24,7;
101607;2;22.07.2024;Gümüşhane Çarşı;M-00807;Hasan Polat;E;55;1969;Merkez;Fındıklı Köme;1;300,00;300,00;303,00;NAKİT;4;Gumus;;tadım yaptı
101608;1;2025-04-04;Gümüşhane Çarşı;;misafir müşteri;Erkek;;;merkez;PESTİL;4;280,00;1120,00;1131,20;Havale;NA;;12,3;
101611;1;27.01.2025;Gümüşhane Çarşı;442;SÜLEYMAN KARAKAYA;E;22;2003;Merkez;Kuşburnu;2;?;360,00;363,60;nakit;İYİ;Bronz;10,5;
101614;1;;Gümüşhane Çarşı;M-00728;Burak Aslan;E;73;1951;Kelkit;Kuşburnu Marmelatı;2;145,00;290,00;292,90;Kredi Kartı;Çok İyi;bronz;16,3;
101616;1;7 Temmuz 2025;Gümüşhane Çarşı;M-00447;Ibrahim Yildiz;Erkek;80;1945;Kelkit;Köme;2;470,00;940,00;949,40;K.Kartı;?;BRONZ;22,2;
101616;2;2025-07-07;Gümüşhane Çarşı;M-00447;İbrahim Yıldız;Erkek;80;1945;Kelkit;Pestil (cevizli);2;400,00;800,00;808,00;POS;5;Bronz;23,7;
101617;1;14/06/25;Gümüşhane Çarşı;M-00599;Yaşar Polat;Bay;51;1974;Merkez;Ceviz İçi;2;730,00;1460,00;1474,60;KREDİ KARTI;NA;BRONZ;23,0;
101617;2;14 Haziran 2025;Gümüşhane Çarşı;M-00599;Yaşar Polat;E;51;1974;Merkez;Kuşburnu Marmelatı;4;215,00;860,00;868,60;POS;Çok İyi;Bronz;22,1;
101617;3;14.06.2025;Gümüşhane Çarşı;M-00599;Yaşar Polat;e;51;1967;Merkez;Eriste;1;150,00;150,00;151,50;Havale/EFT;Iyi;NA;15,2;
101619;1;2025-03-08;Gümüşhane Çarşı;M-00438;ŞERİFE KURT;;43;1982;merkez;Kuru Dut;2;230,00;460,00;464,60;Kart;Orta;Bronz;bilinmiyor;
101621;1;2024-09-17;Gümüşhane Çarşı;M-00297;Havva Çetin;K;66;1958;Kürtün;Cevizli Pestil;1;310,00;310,00;313,10;nakit;bilinmiyor;Altın;20,4;
101621;2;2024-09-17;Gümüşhane Çarşı;M-00297;HAVVA ÇETİN;K;66;1958;Köse;karma pkt;2;905,00;1810,00;1828,10;K.Kartı;bilinmiyor;Altın;20,3;
101623;1;30 Kasım 2024;Gümüşhane Çarşı;M-00792;Gulsum Karatas;K;64;1960;Merkez;Kuru Dut;5;215,00;1.075,00;1085,75;Kredi Kartı;3;Altın;10,8;
101623;2;2024-11-30;Gümüşhane Çarşı;M-00792;Gülsüm Karataş;K;64;1960;Merkez;Ceviz İçi;1;600,00;600,00;606,00;Kart;İyi;Altın;10,9;
101624;1;27.01.2024;Gümüşhane Çarşı;MİSAFİR;;E;;;?;erişte;2;90,00;180,00;181,80;KREDİ KARTI;Çok İyi;;11,3;
101624;2;27/01/24;Gümüşhane Çarşı;MİSAFİR;misafir müşteri;Kadın;;;;Yayla Balı;2;;1.310,00;1323,10;POS;;;10,3;
101624;3;2024-01-27;Gümüşhane Çarşı;;misafir müşteri;;;;?;Cevizli Pestil;4;240,00;960,00;969,60;Nakıt;orta;;8,7;
101627;1;29.07.2025;Gümüşhane Çarşı;MİSAFİR;;K;;;;Dut Pekmezi;1;375,00;375,00;378,75;NAKİT;Çok İyi;;22,9;
101630;1;25.01.2025;Gümüşhane Çarşı;M-00152;Aysel Kılıç;k;60;1965;Şiran;Fındıklı Köme;2;355,00;710,00;717,10;Nakıt;Çok İyi;Bronz;11,2;
101631;1;15.04.2025;Gümüşhane Çarşı;M-00572;Halil Koc;e;28;1997;Köse;Cevizli Pestil;2;370,00;740,00;747,40;KREDİ KARTI;İyi;Bronz;11,2;
101633;1;2025-09-05;Gümüşhane Çarşı;;Misafir;Kadın;;;Merkez;Dut Pekmezi;3;390,00;1.170,00;1181,70;NAKİT;Çok İyi;;-;bayram siparişi
101635;1;26.02.2025;Gümüşhane Çarşı;M-00151;Hülya Çelik;k;37;1988;Merkez;Ev Eriştesi;4;135,00;540,00;545,40;KREDİ KARTI;-;Bronz;7,8;
101635;2;2025-02-26;Gümüşhane Çarşı;M-00151;HÜLYA ÇELİK;K;37;1988;Merkez ;dut pestil;4;270,00;1.080,00;1.090,80;Kart;5;Bronz;10,6;
101637;1;09.04.2024;Gümüşhane Çarşı;M-00826;Ömer Akgün;E;74;1950;Gumushane;Cevizli Pestil;1;260,00;260,00;262,60;POS;İyi;Bronz;14,5;
101640;1;2024-10-18;Gümüşhane Çarşı;741;Esra Çelik;K;29;1995;Merkez;Ev Eriştesi;1;115,00;115,00;116,15;POS;İyi;Bronz;15,9;yurt dışı - valizde
101640;1;2024-10-18;Gümüşhane Çarşı;741;Esra Çelik ;K;29;1995;Merkez;ev eriştesi;1;115,00;115,00;116,15;POS;İyi;Bronz;15,9;yurt dışı - valizde
101642;1;08.06.2024;Gümüşhane Çarşı;M-00582;Şükrü Yıldız;E;29;1995;Torul;cevizli pestil;1;285,00;285,00;287,85;NAKİT;Orta;Gümüş;22,2;
101645;1;15.03.2025;Gümüşhane Çarşı;M-00634;Enes Coşkun;Bay;;1962;Merkez;Fındıklı Köme;1;375,00;375,00;378,75;Kredi Kartı;2;Bronz;7,6;
101645;2;15.03.2025;Gümüşhane Çarşı;M-00634;Enes Coşkun;E;63;1950;Köse;Bal 850gr;1;995,00;995,00;1004,95;KREDİ KARTI;3;Bronz;11,2;
101645;3;15.03.2025;Gümüşhane Çarşı;M-00634;Enes Coskun;E;63;1962;Merkez;Ceviz İçi;1;655,00;655,00;661,55;Nakıt;bilinmiyor;Bronz;13,8;
101647;1;15.03.2024;Gümüşhane Çarşı;M-00231;KADİR KARATAŞ;E;26;1998;Kose;Kuşburnu;1;140,00;140,00;141,40;EFT;orta;Gümüş;11,9;
101647;2;15/03/24;Gümüşhane Çarşı;M-00231;Kadir Karataş;E;26;1998;Köse;Köme;1;290,00;290,00;292,90;KREDİ KARTI;çok i̇yi;Gumus;12,5;
101647;3;15.03.2024;Gümüşhane Çarşı;M-00231;Kadir Karataş;E;26;1998;Köse;Ev Eriştesi;1;95,00;95,00;95,95;Nakıt;?;GÜMÜŞ;-;
101648;1;15.07.2024;Gümüşhane Çarşı;-;-;Erkek;;;;Köme;1;330,00;330,00;333,30;Nakıt;Orta;;22,6;
101650;1;19/07/24;Gümüşhane Çarşı;0;-;;;;merkez;Kuru Dut;5;185,00;925,00;934,25;NAKİT;4;;24,2;
101650;2;2024-07-19;Gümüşhane Çarşı;MİSAFİR;-;Kadın;;;;Ceviz İçi;1;525,00;525,00;530,25;kk;orta;;23,9;
101651;1;28.03.2025;Gümüşhane Çarşı;M-00210;Sevgi Koç;K;37;1988;GÜMÜŞHANE;Kuşburnu;2;195,00;390,00;393,90;yok;Orta;Bronz;16,7;
101651;2;28.03.2025;Gümüşhane Çarşı;M-00210;Sevgi Koç;K;37;1993;Merkez;Bal 850gr;2;995,00;1990,00;2009,90;KREDİ KARTI;kötü;;18,7;
101652;1;05.09.2025;Gümüşhane Çarşı;-;misafir müşteri;Kadın;;;Merkez;KÖME;1;490,00;490,00;494,90;NAKİT;Çok İyi;;21,7;
101653;1;2024-04-29;Gümüşhane Çarşı;-;-;Kadın;;;;PESTİL;2;200,00;400,00;404,00;Nakıt;Orta;;15,9;
101653;1;2024-04-29;Gümüşhane Çarşı;-;-;Kadın;;;;PESTİL;2;200,00;400,00;404,00;Nakıt;Orta;;15,9;
101654;1;02.06.2025;Gümüşhane Çarşı;M-00420;Esra Kara;K;79;1946;Kelkıt;Ev Eriştesi;1;145,00;145,00;146,45;Kart;Kotu;yok;23,1;
101654;2;02.06.2025;Gümüşhane Çarşı;M-00420;Esra Kara;Kadın;79;1946;Kelkit;Yayla Balı;1;1030,00;1030,00;1040,30;kk;Çok İyi;BRONZ;23,0;
101654;3;2025-06-02;Gümüşhane Çarşı;M-00420;Esra Kara;K;79;1946;KELKİT;Karma Paket;1;1100,00;1100,00;1.111,00;kk;Kötü;Bronz;18,3;Almanya'ya gidecek
101657;1;18.08.2024;Gümüşhane Çarşı;0;misafir müşteri;;;;Merkez;Kuşburnu Marmelatı;1;165,00;165,00;166,65;nakit;i̇yi;;21,2;
101658;1;3 Nisan 2025;Gümüşhane Çarşı;M-00244;Cemal Karakaya;E;72;1953;Şiran;Bal 850gr;1;985,00;985,00;994,85;K.Kartı;Çok İyi;Bronz;14,0;
101661;1;06.01.2024;Gümüşhane Çarşı;M-00303;Kemal Gümüş;e;31;1993;GÜMÜŞHANE;Dut Pekmezi;2;220,00;440,00;444,40;POS;çok i̇yi;GÜMÜŞ;9,2;
101663;1;16.12.2024;Gümüşhane Çarşı;M-00831;HANİFE KILIÇ;K;79;1945;Merkez;bal;2;870,00;1.740,00;1.757,40;NAKİT;Çok İyi;Bronz;10,7;
101666;1;25.07.2024;Gümüşhane Çarşı;-;-;;;;?;Dut pekmezi 1 kg;1;270,00;270,00;272,70;NAKİT;NA;;22,0;
101666;2;25.07.2024;Gümüşhane Çarşı;0;Misafir;Kadın;;;merkez;Bal 850gr;2;775,00;1550,00;1.565,50;havale;;;21,6;
101668;1;08.06.2024;Gümüşhane Çarşı;M-00766;Recep Kaya;E;62;1962;Merkez;pekmez;1;255,00;255,00;257,55;nakit;Çok İyi;Bronz;19,4;
101668;2;2024-06-08;Gümüşhane Çarşı;M-00766;Recep Kaya;E;62;1962;MERKEZ;Dut (kuru);4;185,00;740,00;747,40;Nakıt;Çok İyi;BRONZ;19,9;
101668;3;08.06.2024;Gümüşhane Çarşı;M-00766;Recep Kaya;E;62;1962;Merkez;Karma Paket;1;815,00;815,00;823,15;Kredi Kartı;Iyi;Bronz;23,2;
101669;1;07.03.2024;Gümüşhane Çarşı;0;misafir müşteri;Erkek;;;;Ev Eriştesi;1;95,00;95,00;95,95;Nakit;çok i̇yi;;11,4;askere gidecek
101669;2;7 Mart 2024;Gümüşhane Çarşı;;misafir müşteri;Kadın;;;merkez;Yayla Balı;2;710,00;1420,00;1434,20;Nakıt;çok i̇yi;;10,6;bayram siparişi
101669;3;07.03.2024;Gümüşhane Çarşı;;Misafir;Kadın;;;;cevizli pestil;2;250,00;500,00;505,00;havale;İyi;;10,3;
101670;1;20/04/24;Gümüşhane Çarşı;M-00411;YUSUF KAYA;Erkek;28;1996;Köse;Dut Pestili;1;200,00;410,00;202,00;KREDİ KARTI;Kötü;Bronz;16,7;tadım yaptı
101670;2;20.04.2024;Gümüşhane Çarşı;M-00411;YUSUF KAYA;E;28;1996;Köse;cevizli pestil;4;260,00;1040,00;1.050,40;Nakit;çok i̇yi;Bronz;13,6;
101673;1;2025-07-25;Gümüşhane Çarşı;M-00302;Ramazan Gümüş;E;27;1998;İSTANBUL;KÖME;6;470,00;2820,00;2.848,20;Kredi Kartı;Çok İyi;Gumus;23,4;
101676;1;10 Aralık 2024;Gümüşhane Çarşı;M-00633;Hülya Kaya;Kadın;74;1950;Merkez;pekmez;2;295,00;590,00;595,90;Kredi Kartı;4;Bronz;9,0;
101678;1;08/02/24;Gümüşhane Çarşı;0;;Erkek;;;merkez;Cevizli Pestil;1;250,00;135,00;252,50;K.Kartı;3;;8,6;
101678;2;08.02.2024;Gümüşhane Çarşı;MİSAFİR;misafir müşteri;K;;;Merkez;Eriste;1;90,00;90,00;90,90;Kredi Kartı;3;;12,6;
101678;3;08.02.2024;Gümüşhane Çarşı;0;misafir müşteri;;;;?;Yayla Balı;4;695,00;2780,00;2807,80;Nakit;Cok Iyi;;11,9;bayram siparişi
101679;1;14.08.2024;Gümüşhane Çarşı;M-00461;Nurcan Koç;;59;1965;Ankara;Kome;1;350,00;350,00;353,50;POS;;Bronz;22,5;İstanbul'a götürülecek
101680;1;06/01/24;Gümüşhane Çarşı;-;misafir müşteri;K;;;Merkez;Ev Eriştesi;1;90,00;90,00;90,90;Kredi Kartı;i̇yi;;11,2;
101680;2;2024-01-06;Gümüşhane Çarşı;;Misafir;E;;;merkez;Dut Pekmezi;1;225,00;225,00;227,25;Kredi Kartı;5;;7,9;
101680;3;2024-01-06;Gümüşhane Çarşı;0;misafir müşteri;K;;;?;ceviz;999;445,00;890,00;898,90;Kredi Kartı;;;8,1;
101681;1;18/05/24;Gümüşhane Çarşı;M-00544;Zeki  Yıldız ;E;73;1951;Köse;Yayla Balı;1;755,00;755,00;762,55;Kredi Kartı;?;Bronz;19,9;
101682;1;16.11.2024;Gümüşhane Çarşı;M-00613;Kadir Bulut;;72;1952;MERKEZ;Cevizli Pestil;2;320,00;640,00;646,40;Kart;5;Altın;?;
101682;2;16/11/24;Gümüşhane Çarşı;M-00613;Kadir Bulut;E;72;1952;Merkez;Yayla Balı;2;865,00;1730,00;1747,30;KREDİ KARTI;orta;Altın;12,5;
101685;1;08/06/25;Gümüşhane Çarşı;-;misafir müşteri;Erkek;;;;Ceviz ici;2;720,00;1.440,00;1454,40;KREDİ KARTI;Çok İyi;;21,2;
101685;2;08.06.2025 14:22;Gümüşhane Çarşı;MİSAFİR;;E;;;;Karma Paket;1;1.160,00;1160,00;1171,60;POS;3;;22,7;
101685;3;8 Haziran 2025;Gümüşhane Çarşı;MİSAFİR;;;;;?;Köme;1;450,00;450,00;454,50;Havale;İYİ;;22,3;
101686;1;17.07.2024;Gümüşhane Çarşı;MİSAFİR;;;;;;Pestil (cevizli);1;295,00;295,00;297,95;Nakıt;bilinmiyor;;22,8;
101686;2;17.07.2024 17:22;Gümüşhane Çarşı;-;-;E;;;Merkez;Fındıklı Köme;1;305,00;305,00;308,05;NAKİT;ÇOK İYİ;;-;
101688;1;08.07.2025;Gümüşhane Çarşı;M-00825;HALİL AKGÜN;E;72;1953;Köse;Köme;1;475,00;475,00;479,75;NAKİT;İyi;Bronz;21,4;
101688;2;08/07/25;Gümüşhane Çarşı;M-00825;Halil Akgün;E;72;1953;Köse;Ceviz İçi;2;735,00;1.470,00;1484,70;KREDİ KARTI;İyi;Bronz;26,2;
101689;1;04.02.2025;Gümüşhane Çarşı;M-00815;Halil Kara;E;28;1997;Merkez;Yayla Balı;1;950,00;950,00;959,50;KREDİ KARTI;2;Bronz;7,3;
101689;2;2025-02-04;Gümüşhane Çarşı;M-00815;Halil Kara;Erkek;28;1997;Köse;Köme;1;405,00;405,00;409,05;POS;Kötü;Bronz;10,7;
101692;1;2024-04-26;Gümüşhane Çarşı;-;-;Erkek;;;merkez;Köme;5;305,00;1.525,00;1.540,25;KREDİ KARTI;Çok İyi;;15,2;
101695;1;30.07.2025;Gümüşhane Çarşı;M-00846;Busra Guler;K;57;1968;İstanbul (gurbetçi);Dut pekmezi 1 kg;3;370,00;1.110,00;1121,10;Nakıt;ORTA;Bronz;21,7;
101695;2;30.07.2025;Gümüşhane Çarşı;M-00846;Busra Guler;K;57;1968;İstanbul (gurbetçi);Ceviz İçi;1;770,00;770,00;777,70;kk;;Bronz;23,6;
101696;1;22 Aralık 2024;Gümüşhane Çarşı;M-00845;Cemal Keskin;E;68;1956;Kelkit;Karma Paket;2;985,00;1970,00;1989,70;KREDİ KARTI;?;Gümüş;8,6;
101696;2;22.12.2024;Gümüşhane Çarşı;M-00845;Cemal Keskin;E;68;1956;Kelkit;Cevizli Pestil;2;335,00;670,00;676,70;havale;;Gümüş;12,2;
101698;1;07.11.2024;Gümüşhane Çarşı;MİSAFİR;-;;;;;Yayla Balı;4;875,00;3500,00;3535,00;Nakıt;Çok İyi;;13,7;
101698;2;07.11.2024;Gümüşhane Çarşı;-;-;Erkek;;;?;Karma Paket;2;950,00;1900,00;1.919,00;Nakıt;ÇOK İYİ;;10,5;
101698;3;07.11.2024;Gümüşhane Çarşı;;misafir müşteri;;;;;Köme;2;380,00;760,00;767,60;EFT;5;;12,1;
101701;1;25.12.2024;Gümüşhane Çarşı;0;Misafir;Erkek;;;?;Karma Paket;1;975,00;975,00;984,75;Nakit;i̇yi;;9,9;
101701;2;25.12.2024;Gümüşhane Çarşı;;;K;;;Merkez;Dut (kuru);1;220,00;220,00;222,20;havale;Orta;;9,7;
101701;3;25.12.2024;Gümüşhane Çarşı;-;Misafir;K;;;Merkez;Dut Pestili;1;255,00;255,00;257,55;Nakit;yok;;9,8;
101703;1;26.12.2024;Gümüşhane Çarşı;M-00382;Kadir Şahin;e;60;1964;torul;findikli kome;2;340,00;680,00;686,80;Nakit;bilinmiyor;Altın;9,0;
101703;2;26/12/24;Gümüşhane Çarşı;M-00382;Kadir Şahin;E;60;1964;TORUL;Dut pekmezi 1 kg;6;300,00;1800,00;1.818,00;KREDİ KARTI;Kötü;Altın;10,7;
101705;1;2024-05-22;Gümüşhane Çarşı;;;Kadın;;;merkez;Kuşburnu Marmelatı;1;150,00;150,00;151,50;KREDİ KARTI;Çok Kötü;;19,5;
101708;1;2024-07-13;Gümüşhane Çarşı;M-00653;Havva Karataş;K;50;1974;Merkez;dut pestil;2;220,00;440,00;444,40;POS;Iyi;altın;-;
101710;1;16/02/24;Gümüşhane Çarşı;;;;;;;Köme;6;300,00;1800,00;1.818,00;Kredi Kartı;İyi;;8,8;
101711;1;13.08.2024;Gümüşhane Çarşı;M-00304;Kübra Yılmaz;K;73;1951;İstanbul;Ev Eriştesi;1;110,00;110,00;111,10;KREDİ KARTI;Çok İyi;Gümüş;23,1;yarısı sonra ödenecek
101714;1;05.07.2025;Gümüşhane Çarşı;M-00265;Osman Şahin;E;75;1950;Kelkit ;Ceviz İçi;1;755,00;755,00;762,55;kk;NA;;25,4;
101714;2;05/07/25;Gümüşhane Çarşı;M-00265;Osman Şahin;e;75;1950;KELKİT;Karma Paket;2;1.160,00;2320,00;2343,20;kk;ÇOK İYİ;Bronz;20,8;
101714;3;05.07.2025;Gümüşhane Çarşı;M-00265;Osman  Şahin ;Erkek;75;1950;kelkit;Kuşburnu Marmelatı;5;210,00;1.050,00;1060,50;Kart;İyi;BRONZ;25,2;
101716;1;9 Nisan 2024;Gümüşhane Çarşı;M-00662;Şerife  Kara ;K;32;1992;Şiran;pestil;1;200,00;200,00;202,00;EFT;orta;Bronz;14,8;
101716;2;2024-04-09;Gümüşhane Çarşı;662;Şerife Kara;K;32;1992;Şiran;Fındıklı Köme;2;275,00;550,00;555,50;NAKİT;çok i̇yi;Bronz;12,1;
101716;3;2024-04-09;Gümüşhane Çarşı;M-00662;Şerife Kara;K;32;1992;Şiran;Köme;1;300,00;300,00;303,00;Kart;ÇOK İYİ;BRONZ;-;
101717;1;;Gümüşhane Çarşı;M-00760;FURKAN KOÇ;E;29;1995;Merkez;pestil;1;180,00;180,00;181,80;POS;çok i̇yi;;8,9;
101718;1;26.04.2025;Gümüşhane Çarşı;;misafir müşteri;E;;;merkez;Kome;1;435,00;435,00;439,35;KREDİ KARTI;kötü;;15,8;
101718;2;26 Nisan 2025;Gümüşhane Çarşı;MİSAFİR;;Kadın;;;;Kuşburnu Marmelatı;5;200,00;1000,00;1010,00;Nakit;bilinmiyor;;15,2;
101721;1;30/08/24;Gümüşhane Çarşı;MİSAFİR;-;Erkek;;;;pestil;2;230,00;460,00;464,60;K.Kartı;Cok Iyi;;22,1;
101721;2;30.08.2024;Gümüşhane Çarşı;;;;;;;Ceviz ici;2;560,00;1120,00;1131,20;Kredi Kartı;yok;;19,9;
101723;1;05.07.2025;Gümüşhane Çarşı;M-00320;Recep Tekin;Erkek;53;1972;GÜMÜŞHANE;Ceviz İçi;2;725,00;1450,00;1464,50;kk;Çok İyi;GÜMÜŞ;22,6;
101724;1;2024-11-26;Gümüşhane Çarşı;M-00102;Ayşe Aydın;K;69;1955;Gümüşhane Merkez;Ceviz İçi;1;615,00;615,00;621,15;POS;bilinmiyor;Altın;9,4;
101724;2;26.11.2024;Gümüşhane Çarşı;M-00102;Ayse Aydin;K;69;1943;GÜMÜŞHANE;findikli kome;1;335,00;335,00;338,35;Kart;4;Altın;-;
101726;1;10.05.2024;Gümüşhane Çarşı;M-00380;Ömer Yılmaz;Erkek;66;1958;Şiran;Ceviz İçi;1;495,00;495,00;499,95;POS;İyi;yok;16,4;
101729;1;;Gümüşhane Çarşı;586;Nurcan  Şimşek ;K;59;1966;ŞİRAN;Köme;1;450,00;450,00;454,50;Kredi Kartı;Orta;GÜMÜŞ;22,7;
101732;1;28.08.2024;Gümüşhane Çarşı;M-00593;Kübra Kurt;K;67;1957;Kelkit;Dut Pekmezi;2;270,00;540,00;545,40;K.Kartı;?;Gümüş;20,5;
101735;1;01.08.2025 15:35;Gümüşhane Çarşı;758;SEVGİ KAYA;Bayan;50;1975;Trabzon (gurbetçi);Kuru Dut;1;270,00;270,00;272,70;KREDİ KARTI;İyi;Gümüş;23,1;
101735;2;01.08.2025;Gümüşhane Çarşı;M-00758;Sevgi Kaya;K;50;1975;TRABZON;Fındıklı Köme;2;415,00;830,00;838,30;Nakit;Kötü;Gümüş;23,7;
101737;1;06.07.2025;Gümüşhane Çarşı;0;misafir müşteri;Erkek;;;?;Karma Paket;2;1130,00;2260,00;2282,60;Nakıt;İyi;;23,1;bayram siparişi
101737;2;06.07.2025 15:12;Gümüşhane Çarşı;-;-;;;;;Köme;1;475,00;475,00;479,75;POS;çok i̇yi;;22,5;
101738;1;25.10.2024;Gümüşhane Çarşı;M-00202;MERYEM AYDIN;Kadın;67;1957;Merkez;pekmez;4;295,00;1180,00;1191,80;Nakit;;Gümüş;14,8;
101740;1;07.10.2024;Gümüşhane Çarşı;M-00227;RECEP ÇELİK;Bay;58;1966;Merkez;Kuru Dut;1;200,00;200,00;202,00;POS;;Gümüş;17,3;
101740;2;07.10.2024;Gümüşhane Çarşı;M-00227;Recep Çelik;E;58;1966;Merkez;Ceviz İçi;3;585,00;1755,00;1.772,55;NAKİT;İyi;Gümüş;19,6;Almanya'ya gidecek
101741;1;11.07.2025;Gümüşhane Çarşı;-;-;Kadın;;;merkez;Pestil-Köme Karma;1;1145,00;1145,00;1156,45;Nakıt;İyi;;23,6;
101741;2;11.07.2025;Gümüşhane Çarşı;0;misafir müşteri;E;;;?;Kuru Dut;1;275,00;275,00;277,75;;-;;22,8;
101741;3;11.07.2025;Gümüşhane Çarşı;;Misafir;;;;merkez;Dut Pekmezi;2;375,00;750,00;757,50;KREDİ KARTI;3;;-;
101742;1;25.03.2025;Gümüşhane Çarşı;M-00448;Murat Şimşek;;43;1982;Merkez;Köme;6;420,00;2520,00;2545,20;POS;yok;;11,4;
101745;1;29.07.2025;Gümüşhane Çarşı;M-00817;ÖMER ARSLAN;E;41;1984;Şiran;Cevizli Pestil;5;410,00;2.050,00;2070,50;kk;bilinmiyor;Bronz;yok;
101745;2;29/07/25;Gümüşhane Çarşı;M-00817;Ömer Arslan;Erkek;41;1984;Şıran;Fındıklı Köme;3;420,00;1260,00;1.272,60;Kart;Kötü;Bronz;23,2;hediye paketi
101745;3;29.07.2025 17:34;Gümüşhane Çarşı;M-00817;Ömer Arslan;E;41;1984;Siran;Ceviz İçi;1;755,00;755,00;762,55;Nakit;;Bronz;21,7;
101748;1;8 Ocak 2024;Gümüşhane Çarşı;MİSAFİR;Misafir;Kadın;;;Merkez;Yayla Balı;3;655,00;1.965,00;1.984,65;kk;İyi;;9,2;
101748;2;8 Ocak 2024;Gümüşhane Çarşı;-;-;Erkek;;;;Dut Pestili;2;180,00;360,00;363,60;EFT;Çok İyi;;10,3;
101748;3;08.01.2024;Gümüşhane Çarşı;;-;;;;;Dut Pekmezi;2;;440,00;444,40;K.Kartı;Çok İyi;;8,8;Almanya'ya gidecek
101749;1;11.02.2025;Gümüşhane Çarşı;M-00747;Havva Kara;K;59;1966;Şiran;Ceviz ici;1;670,00;670,00;676,70;K.Kartı;İyi;Bronz;10,9;
101749;2;11.02.2025;Gümüşhane Çarşı;M-00747;Havva  Kara ;Kadın;59;1966;ŞİRAN;Kuşburnu Marmelatı;5;-;925,00;934,25;kk;;Bronz;7,3;
101750;1;28.03.2024;Gümüşhane Çarşı;0;misafir müşteri;;;;?;Ev Eriştesi;1;100,00;100,00;101,00;POS;5;;11,3;
101750;2;28.03.2024;Gümüşhane Çarşı;-;-;K;;;;Ceviz İçi;2;480,00;960,00;969,60;Nakıt;Çok İyi;;14,4;
101751;1;04/08/25;Gümüşhane Çarşı;0;misafir müşteri;K;;;;Kuşburnu Marmelatı;3;215,00;645,00;651,45;Kredi Kartı;;;24,0;
101751;2;04.08.2025;Gümüşhane Çarşı;;Misafir;Erkek;;;Merkez;Ev Eriştesi;1;150,00;150,00;151,50;Kart;İyi;;27,2;
101751;3;04.08.2025;Gümüşhane Çarşı;;;E;;;Merkez;Dut Pestili;6;300,00;1800,00;1818,00;K.Kartı;;;20,8;
101752;1;04.04.2024;Gümüşhane Çarşı;M-00447;İbrahim Yıldız;E;79;1945;Kelkit;Pestil (cevizli);2;265,00;530,00;535,30;Nakıt;çok i̇yi;Bronz;13,2;
101752;2;04.04.2024;Gümüşhane Çarşı;M-00447;İbrahim Yıldız;Erkek;79;1945;Kelkit;Dut Pekmezi;2;235,00;470,00;474,70;POS;NA;BRONZ;12,7;
TEST;;01.01.2024;Gümüşhane Çarşı;;deneme deneme;;;;;Dut Pestili;1;1,00;1,00;;;;;;
101755;1;2024-12-18;Gümüşhane Çarşı;M-00622;Hüseyin Bayram;e;54;1970;Kelkit;Eriste;2;125,00;250,00;252,50;nakit;Orta;Bronz;9,2;
101755;2;18.12.2024;Gümüşhane Çarşı;M-00622;Hüseyin Bayram;Bay;54;2026;Kelkit;Yayla Balı;6;90.000,00;5.400,00;5454,00;Kredi Kartı;NA;Bronz;9,9;
101755;3;18 Aralık 2024;Gümüşhane Çarşı;M-00622;Hüseyin  Bayram ;E;54;1970;Kelkit;Pestil (cevizli);1;330,00;330,00;333,30;NAKİT;;Bronz;10,8;
101757;1;07/06/24;Gümüşhane Çarşı;M-00748;Osman Doğan;E;49;1975;Merkez;Karma Paket;1;830,00;830,00;838,30;Kredi Kartı;yok;Gümüş;22,6;
101757;2;07.06.2024;Gümüşhane Çarşı;M-00748;OSMAN DOĞAN;Bay;49;1975;Merkez;Yayla Balı;1;735,00;735,00;742,35;POS;;Gümüş;19,9;
101757;3;2024-06-07;Gümüşhane Çarşı;M-00748;Osman Doğan;E;49;1975;Merkez;Cevizli Pestil;1;27000,00;270,00;272,70;KREDİ KARTI;-;Gümüş;21,7;
101760;1;20 Mart 2024;Gümüşhane Çarşı;M-00078;Murat Arslan;E;20;2004;Merkez ;PESTİL;3;200,00;310,00;606,00;POS;1;Bronz;11,4;
101763;1;2024-07-10;Gümüşhane Çarşı;846;Büşra Güler;K;56;1968;İstanbul (gurbetçi);kuru dut;5;195,00;975,00;984,75;Kredi Kartı;çok kötü;Bronz;22,5;
101763;2;10.07.2024;Gümüşhane Çarşı;M-00846;BÜŞRA GÜLER;k;56;1968;İstanbul (gurbetçi);PESTİL;1;210,00;210,00;212,10;NAKİT;İyi;-;21,6;
101765;1;23.08.2025;Gümüşhane Çarşı;0;-;Kadın;;;Merkez;Dut Pekmezi;4;380,00;1520,00;1.535,20;-;?;;23,6;
101768;1;2025-03-11;Gümüşhane Çarşı;M-00133;ÖMER KILIÇ;Erkek;31;1994;Merkez;Kuşburnu Marmelatı;1;190,00;190,00;191,90;Nakıt;bilinmiyor;Bronz;9,4;
101770;1;13.01.2025;Gümüşhane Çarşı;M-00721;Nermin  Yıldız ;K;29;1996;ŞİRAN;Köme;1;385,00;385,00;388,85;EFT;Cok Kotu;bronz;9,7;
101771;1;12.07.2025;Gümüşhane Çarşı;M-00173;Derya Aydın;Bayan;43;1982;Merkez;Köme;1;460,00;460,00;464,60;nakit;Çok İyi;GÜMÜŞ;23,5;
101773;1;20.02.2024;Gümüşhane Çarşı;M-00016;Kemal  Polat ;Erkek;55;1969;Kelkit;Köme;1;295,00;295,00;297,95;Kart;Çok İyi;BRONZ;8,0;
101775;1;09.08.2024;Gümüşhane Çarşı;MİSAFİR;Misafir;;;;Merkez;dut pestil;2;;450,00;454,50;Kart;Kötü;;22,3;
101777;1;08.10.2024;Gümüşhane Çarşı;M-00550;Ali Uzun;E;73;1951;Köse;Pestil 500gr;1;240,00;240,00;242,40;K.Kartı;;Altın;18,2;
101780;1;29.10.2024;Gümüşhane Çarşı;M-00699;Ayşe Polat;k;32;1992;Şiran;Cevizli Pestil;1;310,00;310,00;313,10;NA;NA;Gümüş;13,6;tadım yaptı
101780;2;29.10.2024;Gümüşhane Çarşı;M-00699;Ayşe Polat;K;?;1992;Şiran;Kuru Dut;1;215,00;215,00;217,15;kk;3;Gumus;16,2;
101781;1;11/12/24;Gümüşhane Çarşı;M-00747;Havva Kara;K;58;2026;Şiran;findikli kome;2;335,00;670,00;676,70;Nakit;;bronz;12,6;
101783;1;26.11.2024;Gümüşhane Çarşı;344;Murat Şimşek;Erkek;75;1949;İSTANBUL;Kuru Dut;1;22000,00;220,00;222,20;nakit;bilinmiyor;Gümüş;14,4;
101783;2;26.11.2024;Gümüşhane Çarşı;M-00344;Murat Şimşek;Erkek;75;1949;Gurbet - İstanbul;Pestil-Köme Karma;1;950,00;950,00;959,50;NAKİT;İYİ;Gümüş;12,1;
101783;3;26.11.2024;Gümüşhane Çarşı;344;Murat Şimşek;E;75;1949;İSTANBUL;Dut Pestili;3;240,00;720,00;727,20;KREDİ KARTI;Çok İyi;Gümüş;12,8;paketi sağlam yapın
101784;1;2024-11-07;Gümüşhane Çarşı;M-00817;Ömer Arslan;Erkek;40;1984;Şiran;Ceviz İçi;3;600,00;1800,00;1818,00;nakit;5;bronz;14,2;
101784;2;07.11.2024;Gümüşhane Çarşı;M-00817;Ömer Arslan;E;40;1984;Şiran;bal;4;885,00;3540,00;3.575,40;POS;5;NA;14,7;
101785;1;29.07.2024;Gümüşhane Çarşı;MİSAFİR;Misafir;;;;merkez;karma pkt;1;830,00;830,00;838,30;Kart;;;21,7;
101785;2;29 Temmuz 2024;Gümüşhane Çarşı;-;;;;;;bal;1;770,00;770,00;777,70;Kredi Kartı;-;;25,7;
101787;1;28/06/24;Gümüşhane Çarşı;M-00202;Meryem  Aydın ;k;;1957;Merkez;Fındıklı sucuk;2;295,00;590,00;595,90;Nakit;;Gümüş;23,3;
101787;2;2024-06-28;Gümüşhane Çarşı;M-00202;Meryem Aydın;K;67;1957;MERKEZ;Karma Paket;1;805,00;805,00;813,05;POS;;Gümüş;22,3;
101790;1;22.07.2024;Gümüşhane Çarşı;M-00047;Serife Bayram;;62;1962;Merkez;findikli kome;1;300,00;300,00;303,00;kk;Çok İyi;Gümüş;23,6;
101793;1;1 Ağustos 2024;Gümüşhane Çarşı;M-00877;Serife Altun;;49;1975;Kelkit;Köme;3;345,00;1035,00;1045,35;NAKİT;Çok İyi;Bronz;25,4;
101795;1;10.05.2025;Gümüşhane Çarşı;M-00627;Ömer Aslan;;67;1958;Merkez;dut pestil;3;290,00;870,00;878,70;Kart;;Gümüş;19,7;
101795;2;10.05.2025;Gümüşhane Çarşı;M-00627;Ömer Aslan;e;67;1958;Merkez;bal;2;1045,00;2090,00;2.110,90;kk;-;Gümüş;18,8;
101798;1;2024-04-25;Gümüşhane Çarşı;0;misafir müşteri;;;;?;Köme;3;305,00;915,00;924,15;POS;-;;17,8;
101800;1;07.05.2024;Gümüşhane Çarşı;M-00424;Yaşar Polat;E;35;1989;Merkez;findikli kome;1;280,00;280,00;282,80;Kredi Kartı;bilinmiyor;Bronz;21,1;
101801;1;14/08/24;Gümüşhane Çarşı;M-00078;Murat Arslan;;20;2004;Merkez;Kuşburnu Marmelatı;2;155,00;289,00;313,10;POS;Iyi;;20,7;
101802;1;28.03.2024;Gümüşhane Çarşı;M-00393;Emine Coşkun;K;33;1991;Merkez ;Köme;3;310,00;930,00;939,30;nakit;yok;BRONZ;14,3;
101802;2;2024-03-28;Gümüşhane Çarşı;M-00393;Emine Coskun;K;33;1991;MERKEZ;Ev Eriştesi;1;95,00;95,00;95,95;POS;Orta;Bronz;14,4;askere gidecek
101805;1;2025-01-30;Gümüşhane Çarşı;M-00585;Furkan Dogan;e;51;1974;Kürtün;Ev Eriştesi;2;?;260,00;262,60;nakit;-;bronz;10,0;
101805;2;30.01.2025;Gümüşhane Çarşı;M-00585;Furkan Doğan;E;51;1974;Kürtün;Fındıklı Köme;2;360,00;720,00;727,20;Kredi Kartı;İyi;Bronz;9,4;
101808;1;08/03/24;Gümüşhane Çarşı;M-00474;Ali Kurt;E;49;1975;Torul;Kuru Dut;1;165,00;165,00;166,65;Nakıt;İyi;Bronz;10,6;
101808;2;08.03.2024;Gümüşhane Çarşı;M-00474;Ali Kurt;E;49;1975;TORUL;Yayla Balı;4;710,00;2.840,00;2868,40;K.Kartı;Cok Iyi;Bronz;13,3;
101809;1;13.07.2024;Gümüşhane Çarşı;M-00243;Mehmet Kılıç;E;46;1978;Merkez;Cevizli Pestil;1;295,00;295,00;297,95;Kart;çok i̇yi;Altin;20,6;
101810;1;15.07.2025;Gümüşhane Çarşı;M-00509;İbrahim Keskin;E;76;1949;Merkez;Ev Eriştesi;3;150,00;450,00;454,50;Nakıt;5;Bronz;22,9;paketi sağlam yapın
101812;1;2025-07-05;Gümüşhane Çarşı;-;;E;;;?;Bal 850gr;2;1060,00;2.120,00;2141,20;Havale/EFT;4;;21,2;
101812;2;05.07.2025;Gümüşhane Çarşı;;Misafir;Kadın;;;;Dut pekmezi 1 kg;5;360,00;1.800,00;1.818,00;KREDİ KARTI;;;;
101812;3;05.07.2025;Gümüşhane Çarşı;;Misafir;;;;?;Pestil (cevizli);1;395,00;395,00;398,95;kk;Çok İyi;;19,6;
101815;1;13.04.2025;Gümüşhane Çarşı;M-00777;Erol Öztürk;e;47;1978;Kürtün;Kuru Dut;6;250,00;1500,00;1515,00;K.Kartı;Çok İyi;Bronz;17,4;
101815;2;13.04.2025;Gümüşhane Çarşı;M-00777;Erol Öztürk;Erkek;47;1978;Kürtün;Ev Eriştesi;1;135,00;67,50;136,35;KREDİ KARTI;Çok İyi;Bronz;15,0;
101815;3;2025-04-13;Gümüşhane Çarşı;M-00777;Erol Öztürk;Erkek;47;1978;Kurtun;Cevizli Pestil;1;365,00;365,00;368,65;Kart;yok;Bronz;14,7;
101815;3;2025-04-13;Gümüşhane Çarşı;M-00777;Erol Öztürk ;Erkek;47;1978;Kurtun;cevizli pestil;1;365,00;365,00;368,65;Kart;yok;Bronz;14,7;
101817;1;17.10.2024;Gümüşhane Çarşı;;misafir müşteri;E;;;?;KÖME;1;355,00;355,00;358,55;kk;;;17,7;
101817;2;17/10/24;Gümüşhane Çarşı;0;misafir müşteri;K;;;;Cevizli Pestil;1;310,00;310,00;313,10;NAKİT;i̇yi;;14,2;
101819;1;03.04.2024;Gümüşhane Çarşı;0;Misafir;Erkek;;;merkez;Fındıklı Köme;-2;275,00;137,50;277,75;NAKİT;?;;12,4;
101819;2;03.04.2024;Gümüşhane Çarşı;0;Misafir;Erkek;;;Merkez;Dut Pekmezi;1;240,00;240,00;242,40;Nakıt;;;12,0;
101819;3;2024-04-03;Gümüşhane Çarşı;0;misafir müşteri;Kadın;;;?;Yayla Balı;1;705,00;705,00;712,05;Nakit;NA;;15,6;
101821;1;17.07.2025;Gümüşhane Çarşı;M-00010;Ercan Karataş;;24;2001;Kürtün;Yayla Balı;6;1050,00;6.300,00;6363,00;Kredi Kartı;yok;Bronz;24,1;
101823;1;1 Şubat 2024;Gümüşhane Çarşı;-;misafir müşteri;;;;?;Cevizli Pestil;1;240,00;240,00;242,40;Kart;;;8,6;
101823;2;1 Şubat 2024;Gümüşhane Çarşı;;Misafir;;;;Merkez;Dut Pestili;2;185,00;370,00;373,70;Nakit;İyi;;9,1;
101826;1;25/01/25;Gümüşhane Çarşı;M-00774;Sultan Şimşek;K;77;1948;Gumushane;Fındıklı Köme;1;355,00;355,00;358,55;Kart;2;Bronz;6,6;
101826;2;25/01/25;Gümüşhane Çarşı;774;Sultan Şimşek;;77;1948;Merkez;Karma Paket;1;1.015,00;1.015,00;1.025,15;Kart;i̇yi;Bronz;7,5;
101827;1;2025-02-08;Gümüşhane Çarşı;M-00852;Şerife Doğan;K;23;2002;Merkez;Dut Pekmezi;4;31000,00;1.240,00;1252,40;Nakıt;Orta;Bronz;8,8;
101829;1;02.08.2025;Gümüşhane Çarşı;M-00603;HASAN ÖZTÜRK;Erkek;74;1951;Siran;Dut Pestili;4;310,00;1240,00;1252,40;NAKİT;;GÜMÜŞ;23,7;
101829;2;02.08.2025;Gümüşhane Çarşı;M-00603;Hasan Öztürk;E;74;1951;Şiran;Kuru Dut;1;270,00;270,00;272,70;Kredi Kartı;Iyi;GÜMÜŞ;22,5;tadım yaptı
101829;3;02.08.2025;Gümüşhane Çarşı;603;Hasan Öztürk;E;74;1951;Şiran;Fındıklı Köme;1;410,00;410,00;414,10;K.Kartı;Iyi;Gumus;24,1;
101832;1;;Gümüşhane Çarşı;M-00509;İbrahim Keskin;E;76;1942;Şiran;Kuşburnu Marmelatı;1;185,00;185,00;186,85;Kart;Çok İyi;Bronz;10,0;
101829;2;02.08.2025;Gümüşhane Çarşı;M-00603;Hasan Öztürk;E;74;1951;Şiran;Kuru Dut;1;270,00;270,00;272,70;Kredi Kartı;Iyi;GÜMÜŞ;22,5;tadım yaptı
101832;2;16 Ocak 2025;Gümüşhane Çarşı;M-00509;İbrahim Keskin;Erkek;76;1949;Merkez;Pestil (cevizli);5;340,00;1.700,00;1717,00;EFT;İyi;Bronz;10,4;
101834;1;24.01.2024 10:49;Gümüşhane Çarşı;M-00078;Murat Arslan;e;20;2004;Merkez;kusburnu marmelat;5;135,00;675,00;681,75;Kredi Kartı;çok i̇yi;Bronz;NA;
101835;1;8 Temmuz 2025;Gümüşhane Çarşı;M-00026;Esra Arslan;Bayan;41;1984;Kelkit;Kuru Dut;4;260,00;1040,00;1.050,40;NAKİT;Orta;Gümüş;23,1;
101838;1;2025-07-13;Gümüşhane Çarşı;457;Merve Uzun;K;32;1993;İstanbul;Cevizli Pestil;4;405,00;1.620,00;1.636,20;KREDİ KARTI;2;Bronz;23,0;
101838;2;2025-07-13;Gümüşhane Çarşı;M-00457;Merve Uzun;K;bilinmiyor;1993;İSTANBUL;Kuşburnu Marmelatı;1;220,00;220,00;222,20;K.Kartı;İyi;bronz;23,3;
101838;3;13.07.2025;Gümüşhane Çarşı;M-00457;Merve Uzun;K;32;1993;Gurbet - İstanbul;dut pestil;5;300,00;1500,00;1.515,00;K.Kartı;Cok Iyi;Bronz;23,2;
101840;1;2025-06-18;Gümüşhane Çarşı;MİSAFİR;;Kadın;;;merkez;pekmez;1;355,00;355,00;358,55;KREDİ KARTI;-;;21,6;
101842;1;2024-09-16;Gümüşhane Çarşı;M-00838;Ayşe Koç;K;69;1955;Kürtün;Kuşburnu;3;165,00;495,00;499,95;K.Kartı;İyi;Gumus;21,1;
101842;2;16.09.2024;Gümüşhane Çarşı;M-00838;Ayşe  Koç ;Kadın;69;1955;Kürtün;kuru dut;2;200,00;400,00;404,00;;i̇yi;Gümüş;19,9;
101843;1;08.08.2025;Gümüşhane Çarşı;M-00804;Hülya Karataş;K;33;1992;Merkez;Köme;3;465,00;1.395,00;1.408,95;KREDİ KARTI;orta;Bronz;23,5;
101843;2;2025-08-08;Gümüşhane Çarşı;804;Hülya Karataş;K;33;1992;Merkez;Dut Pestili;2;310,00;620,00;626,20;K.Kartı;;BRONZ;20,1;
101843;3;08.08.2025;Gümüşhane Çarşı;M-00804;Hulya Karatas;K;33;1992;Merkez;cevizli pestil;1;415,00;415,00;419,15;havale;yok;bronz;21,3;
101844;1;06.09.2025;Gümüşhane Çarşı;MİSAFİR;Misafir;E;;;;Dut Pestili;3;305,00;915,00;924,15;kk;i̇yi;;23,4;
101844;2;06.09.2025;Gümüşhane Çarşı;MİSAFİR;;Kadın;;;;Karma Paket;2;1220,00;2440,00;2464,40;POS;4;;19,2;
101846;1;30.08.2024;Gümüşhane Çarşı;;Misafir;E;;;?;Dut Pestili;2;225,00;450,00;454,50;Kredi Kartı;Çok İyi;;20,9;
101848;1;20.07.2024;Gümüşhane Çarşı;M-00593;Kübra Kurt;Kadın;67;1957;Kelkit;Kuşburnu;1;155,00;155,00;156,55;kk;;-;26,1;
101850;1;09/12/24;Gümüşhane Çarşı;-;;K;;;;Karma Paket;2;965,00;1930,00;1949,30;EFT;Çok İyi;;999,9;tadım yaptı
101850;2;09.12.2024;Gümüşhane Çarşı;-;Misafir;K;;;;Kuşburnu Marmelatı;1;175,00;175,00;176,75;Kredi Kartı;İYİ;;11,1;
101853;1;19.11.2024;Gümüşhane Çarşı;M-00588;Hasan Akgün;E;64;1960;Gurbet - Erzurum;Dut Pekmezi;2;295,00;590,00;595,90;POS;KÖTÜ;Bronz;11,8;
101853;2;2024-11-19;Gümüşhane Çarşı;M-00588;Hasan  Akgün ;E;64;1960;ERZURUM;Kome;1;365,00;365,00;368,65;NAKİT;NA;Bronz;12,3;
101856;1;26.02.2024;Gümüşhane Çarşı;M-00368;Emine Kaya;Kadın;38;1986;Kelkit;Bal 850gr;4;675,00;2700,00;2.727,00;Kart;bilinmiyor;Bronz;10,7;
101856;2;26/02/24;Gümüşhane Çarşı;M-00368;EMİNE KAYA;k;38;1986;Torul;Cevizli Pestil;5;245,00;1225,00;1237,25;K.Kartı;-;BRONZ;8,5;
101859;1;22/07/24;Gümüşhane Çarşı;M-00555;Murat Cetin;E;54;1970;İstanbul (gurbetçi);Kuşburnu Marmelatı;3;160,00;480,00;484,80;NAKİT;Iyi;?;22,5;
101859;2;2024-07-22;Gümüşhane Çarşı;M-00555;MURAT ÇETİN;e;54;1970;Gurbet - İstanbul;Yayla Balı;2;775,00;1550,00;1565,50;K.Kartı;i̇yi;altın;20,7;
101861;1;30.11.2024;Gümüşhane Çarşı;M-00478;ZEKİ ÖZDEMİR;E;65;1959;Merkez;Dut Pekmezi;1;305,00;305,00;308,05;;Cok Iyi;Bronz;10,7;
101861;2;30/11/24;Gümüşhane Çarşı;M-00478;Zeki Özdemir;;65;1959;Merkez;Ceviz İçi;4;620,00;2.480,00;2504,80;POS;-;Bronz;11,0;
101861;3;30.11.2024 18:33;Gümüşhane Çarşı;M-00478;Zeki Ozdemir;E;65;1959;Merkez;Ev Eriştesi;3;125,00;375,00;378,75;Havale;5;bronz;12,6;
101864;1;14.07.2025;Gümüşhane Çarşı;-;;K;;;;Bal 850gr;1;1.070,00;1070,00;1.080,70;KREDİ KARTI;yok;;20,1;
101864;2;14.07.2025 10:25;Gümüşhane Çarşı;-;Misafir;;;;?;Köme;3;460,00;1380,00;1393,80;K.Kartı;çok i̇yi;;yok;
101864;3;14.07.2025 16:19;Gümüşhane Çarşı;0;Misafir;E;;;;Dut pekmezi 1 kg;3;375,00;1.125,00;1136,25;nakit;İYİ;;22,6;
101861;3;30.11.2024 18:33;Gümüşhane Çarşı;M-00478;Zeki Ozdemir;E;65;1959;Merkez;Ev Eriştesi;3;125,00;375,00;378,75;Havale;5;bronz;12,6;
101865;1;27.09.2025;Gümüşhane Çarşı;-;-;Erkek;;;;Cevizli Pestil;2;43000,00;860,00;868,60;KREDİ KARTI;Iyi;;20,1;
101866;1;13/06/24;Gümüşhane Çarşı;M-00778;Ayşe Bulut;Kadın;54;1970;Merkez;Ceviz İçi;2;515,00;1030,00;1.040,30;K.Kartı;Iyi;NA;21,6;
101866;2;13.06.2024;Gümüşhane Çarşı;778;AYŞE BULUT;Kadın;54;1970;Merkez;Dut Pekmezi;1;255,00;255,00;257,55;EFT;Orta;Bronz;20,2;
101868;1;23.01.2024;Gümüşhane Çarşı;M-00335;Fatma Kılıç;K;35;1989;Merkez ;Cevizli sucuk (köme);3;280,00;840,00;848,40;KREDİ KARTI;;NA;9,1;
101870;1;05.11.2024;Gümüşhane Çarşı;-;;;;;;Pestil 500gr;1;235,00;235,00;237,35;Nakit;4;;14,0;
101870;2;05.11.2024 11:26;Gümüşhane Çarşı;0;Misafir;Kadın;;;?;Pestil (cevizli);1;315,00;315,00;318,15;Kart;İyi;;14,3;
101872;1;08.04.2025;Gümüşhane Çarşı;M-00699;Ayşe Polat;K;33;1992;Şiran;Köme;1;415,00;415,00;419,15;kk;orta;Gümüş;17,2;
101875;1;;Gümüşhane Çarşı;110;CEMAL UZUN;E;48;1976;MERKEZ;Kuru Dut;5;160,00;800,00;808,00;Kart;yok;Altın;7,3;
101875;2;17/01/24;Gümüşhane Çarşı;M-00110;Cemal Uzun;E;48;1976;MERKEZ;pestil;1;185,00;185,00;186,85;EFT;;Altın;8,6;
101878;1;10/12/24;Gümüşhane Çarşı;M-00024;Ibrahim Uzun;E;30;1994;Merkez;Kuşburnu Marmelatı;1;175,00;175,00;176,75;POS;İyi;Gümüş;7,5;
101879;1;21.03.2025;Gümüşhane Çarşı;M-00246;Ramazan Özdemir;;46;1979;Merkez;Ev Eriştesi;3;130,00;790,00;393,90;Kredi Kartı;İyi;BRONZ;12,7;
101879;2;21.03.2025;Gümüşhane Çarşı;M-00246;Ramazan Özdemir;Erkek;46;1979;Gümüşhane Merkez;Yayla Balı;1;945,00;945,00;954,45;NAKİT;yok;Bronz;11,7;
101881;1;13.07.2024;Gümüşhane Çarşı;M-00486;Songül Kurt;K;67;1957;Antalya;kuru dut;4;190,00;760,00;767,60;Nakıt;Çok İyi;Bronz;23,6;
101882;1;05.06.2024;Gümüşhane Çarşı;M-00733;Mehmet Yılmaz;e;56;1968;Merkez;Pestil (cevizli);2;270,00;540,00;545,40;nakit;;gümüş;20,1;
101883;1;27.05.2025;Gümüşhane Çarşı;M-00253;Şükrü Karakaya;E;63;1962;Merkez;Ceviz İçi;3;735,00;2205,00;2227,05;NAKİT;Iyi;Altin;23,1;
101885;1;05.08.2024;Gümüşhane Çarşı;334;Ömer Aydın;E;79;1945;Gümüşhane Merkez;Dut Pekmezi;1;275,00;275,00;277,75;kk;yok;Bronz;22,7;
101888;1;23/08/24;Gümüşhane Çarşı;-;misafir müşteri;K;;;Merkez;Bal 850gr;1;815,00;815,00;823,15;kk;bilinmiyor;;;
101889;1;2024-11-23;Gümüşhane Çarşı;M-00047;Şerife Bayram;k;62;1962;Merkez;pestil;3;250,00;750,00;757,50;KREDİ KARTI;4;gümüş;9,6;
101888;1;23/08/24;Gümüşhane Çarşı;-;misafir müşteri;K;;;Merkez;Bal 850gr;1;815,00;815,00;823,15;kk;bilinmiyor;;;
101889;2;2024-11-23;Gümüşhane Çarşı;M-00047;Şerife Bayram;K;62;1962;Merkez;Karma Paket;1;960,00;960,00;969,60;NA;1;Gümüş;9,5;
101892;1;2025-08-16;Gümüşhane Çarşı;M-00615;Hulya Bulut;K;32;1993;Kürtün;Fındıklı Köme;1;420,00;420,00;424,20;KREDİ KARTI;Orta;BRONZ;20,3;
101895;1;22.11.2024;Gümüşhane Çarşı;M-00410;Emre Kurt;Bay;45;1979;Kurtun;Karma Paket;1;965,00;965,00;974,65;Nakit;;BRONZ;12,2;hediye paketi
101895;2;22.11.2024;Gümüşhane Çarşı;410;Emre Kurt;E;45;1979;Kürtün;Ev Eriştesi;2;120,00;240,00;242,40;NAKİT;NA;-;11,4;
101898;1;21.02.2024;Gümüşhane Çarşı;M-00713;Büşra Öztürk;K;57;1967;Merkez;Yayla Balı;1;670,00;670,00;676,70;NAKİT;i̇yi;?;9,8;
101898;2;2024-02-21;Gümüşhane Çarşı;M-00713;BÜŞRA ÖZTÜRK;K;57;1967;Merkez;Ev Eriştesi;2;95,00;190,00;191,90;Nakit;5;Bronz;10,9;
101901;1;08.08.2025;Gümüşhane Çarşı;M-00213;Zeki Coşkun;Erkek;24;2001;Merkez;Kuşburnu Marmelatı;1;215,00;215,00;217,15;nakit;-;gümüş;21,8;
101904;1;29.04.2025;Gümüşhane Çarşı;MİSAFİR;Misafir;;;;merkez;Ceviz ici;4;695,00;2780,00;2807,80;kk;;;17,5;
101904;2;29/04/25;Gümüşhane Çarşı;0;misafir müşteri;Kadın;;;;Karma Paket;1;1105,00;1.105,00;1116,05;;2;;16,3;
101907;1;2025-07-31;Gümüşhane Çarşı;M-00751;Enes Kara;E;32;1993;kelkit;Köme;2;485,00;970,00;979,70;nakit;Çok İyi;bronz;25,5;
101908;1;27 Ağustos 2024;Gümüşhane Çarşı;M-00075;Sevgi Karakaya;K;54;1970;Merkez;Köme;1;355,00;355,00;358,55;KREDİ KARTI;;Bronz;21,1;
101911;1;29.12.2024;Gümüşhane Çarşı;M-00472;Yasar Aydin;E;71;1953;Merkez;Kuşburnu;1;185,00;185,00;186,85;Kredi Kartı;;Altın;10,2;
101914;1;05.03.2024;Gümüşhane Çarşı;0;misafir müşteri;;;;?;Kuru Dut;2;175,00;350,00;353,50;Kart;?;;10,8;
101915;1;13 Kasım 2024;Gümüşhane Çarşı;0;misafir müşteri;K;;;;Kuşburnu Marmelatı;1;170,00;170,00;171,70;Nakit;Cok Iyi;;13,2;
101916;1;24 Haziran 2024;Gümüşhane Çarşı;M-00602;Burak Arslan;e;25;1999;Köse;Cevizli Pestil;1;290,00;290,00;292,90;kk;Iyi;Altin;23,9;
101916;2;24.06.2024 10:32;Gümüşhane Çarşı;M-00602;Burak Arslan;E;207;1999;Kose;Karma Paket;1;840,00;840,00;848,40;Kredi Kartı;NA;Altın;21,2;
101917;1;04.10.2024;Gümüşhane Çarşı;M-00670;SÜLEYMAN ÇETİN;;39;1985;Torul;Köme;1;370,00;370,00;373,70;K.Kartı;3;Bronz;20,7;
101918;1;2025-08-26;Gümüşhane Çarşı;M-00382;Kadir Şahin;Erkek;61;1964;Torul;Ceviz ici;1;780,00;780,00;787,80;Nakit;;Altın;20,9;
101918;2;2025-08-26;Gümüşhane Çarşı;M-00382;Kadir Şahin;E;61;1964;Torul;Dut Pekmezi;1;375,00;375,00;378,75;NAKİT;çok i̇yi;altın;20,7;
101920;1;01.03.2025;Gümüşhane Çarşı;M-00699;Ayşe Polat;K;33;1992;Şiran;Cevizli Pestil;1;350,00;350,00;353,50;KREDİ KARTI;yok;Gümüş;8,1;
101923;1;30/11/24;Gümüşhane Çarşı;M-00438;Şerife Kurt;K;42;1982;Merkez;Cevizli Pestil;1;325,00;325,00;328,25;Kredi Kartı;i̇yi;Bronz;11,4;
101923;2;30.11.2024;Gümüşhane Çarşı;M-00438;ŞERİFE KURT;;42;1982;Merkez;Dut (kuru);1;220,00;220,00;222,20;Nakıt;ÇOK İYİ;bronz;11,2;
101925;1;11 Ağustos 2025;Gümüşhane Çarşı;;-;Erkek;;;merkez;Kuru Dut;5;275,00;1375,00;1.388,75;Kart;Orta;;23,3;
101928;1;04/08/25;Gümüşhane Çarşı;-;misafir müşteri;K;;;merkez;ceviz;2;760,00;1520,00;1535,20;Nakıt;İYİ;;20,7;tadım yaptı
101928;2;04.08.2025;Gümüşhane Çarşı;;misafir müşteri;Erkek;;;Merkez;erişte;3;155,00;465,00;469,65;K.Kartı;NA;;22,7;yarısı sonra ödenecek
101929;1;29.03.2025 19:42;Gümüşhane Çarşı;MİSAFİR;misafir müşteri;Kadın;;;?;Dut Pestili;1;265,00;265,00;267,65;nakit;İyi;;13,2;
101930;1;01.02.2025;Gümüşhane Çarşı;M-00403;Ercan Ekinci;e;46;1979;Kelkit;Karma Paket;1;1.025,00;1025,00;1035,25;Havale/EFT;bilinmiyor;Bronz;10,8;
101930;2;01.02.2025;Gümüşhane Çarşı;M-00403;Ercan Ekinci;Erkek;46;1979;Kelkit;Ev Eriştesi;5;130,00;650,00;656,50;nakit;İyi;?;7,7;
101933;1;18.10.2024;Gümüşhane Çarşı;M-00145;Songül Çetin;Kadın;62;1962;Şiran;Dut (kuru);1;210,00;210,00;212,10;Nakit;bilinmiyor;Bronz;15,6;
101935;1;2025-01-06;Gümüşhane Çarşı;MİSAFİR;Misafir;K;;;;Cevizli Pestil;1;340,00;340,00;343,40;kk;Orta;;8,2;
101936;1;27.08.2025;Gümüşhane Çarşı;;Misafir;K;;;;Yayla Balı;1;111.500,00;1115,00;1126,15;K.Kartı;Orta;;20,4;
101936;2;27.08.2025;Gümüşhane Çarşı;0;-;Kadın;;;;Cevizli Pestil;2;425,00;850,00;858,50;nakit;5;;22,1;
101939;1;01/10/24;Gümüşhane Çarşı;M-00881;Ibrahim Altun;E;28;1996;Kürtün;Cevizli Pestil;1;315,00;315,00;318,15;K.Kartı;?;bilinmiyor;20,6;
101939;2;2024-10-01;Gümüşhane Çarşı;M-00881;İBRAHİM ALTUN;E;28;1996;Kürtün;Dut Pestili;1;235,00;235,00;237,35;Kredi Kartı;bilinmiyor;Bronz;16,9;
101940;1;26.07.2024;Gümüşhane Çarşı;M-00040;Cemal Altun;E;47;1977;Merkez;kusburnu marmelat;1;;160,00;161,60;Kredi Kartı;bilinmiyor;Bronz;24,0;
101940;2;26.07.2024;Gümüşhane Çarşı;M-00040;Cemal Altun;e;47;1977;Gumushane;Dut Pekmezi;-2;270,00;810,00;818,10;K.Kartı;3;Bronz;23,8;
101943;1;26/09/24;Gümüşhane Çarşı;M-00258;Yaşar Arslan;Bay;57;1967;Merkez;Dut Pestili;1;225,00;225,00;227,25;NAKİT;5;bronz;18,3;
101940;1;26.07.2024;Gümüşhane Çarşı;M-00040;Cemal Altun;E;47;1977;Merkez;kusburnu marmelat;1;;160,00;161,60;Kredi Kartı;bilinmiyor;Bronz;24,0;
101943;2;2024-09-26;Gümüşhane Çarşı;M-00258;YAŞAR ARSLAN;Erkek;57;1967;Gumushane;Kuşburnu Marmelatı;2;170,00;340,00;343,40;Kart;yok;Bronz;18,0;
101944;1;10.08.2025;Gümüşhane Çarşı;-;;E;;;?;Ceviz İçi;1;790,00;790,00;797,90;Nakıt;Orta;;24,9;
101944;2;10.08.2025;Gümüşhane Çarşı;0;;;;;;Pestil (cevizli);5;405,00;2.025,00;2045,25;kk;İyi;;23,7;
0;;01.01.2024;Gümüşhane Çarşı;;TEST;;;;;Dut Pestili;1;1,00;1,00;;;;;;
101946;1;17 Eylül 2025;Gümüşhane Çarşı;;misafir müşteri;;;;Merkez;Dut Pestili;1;325,00;325,00;328,25;;İyi;;20,2;
101946;2;17.09.2025;Gümüşhane Çarşı;0;;K;;;merkez;Kuru Dut;1;275,00;275,00;277,75;K.Kartı;Orta;;17,8;
101946;3;17.09.2025;Gümüşhane Çarşı;MİSAFİR;Misafir;Kadın;;;;Cevizli Pestil;1;425,00;425,00;429,25;NAKİT;bilinmiyor;;21,5;
101948;1;14/09/24;Gümüşhane Çarşı;M-00271;SULTAN ASLAN;K;40;1984;Kürtün;Köme;1;-;345,00;348,45;K.Kartı;;Bronz;18,2;hediye paketi
101949;1;06.04.2024;Gümüşhane Çarşı;M-00116;Süleyman Karakaya;Bay;32;1985;Merkez ;Kuşburnu Marmelatı;5;145,00;725,00;732,25;KREDİ KARTI;Orta;bilinmiyor;15,4;
101949;2;2024-04-06;Gümüşhane Çarşı;M-00116;Süleyman  Karakaya ;E;32;1992;Şiran;Köme;3;300,00;900,00;909,00;KREDİ KARTI;4;Gümüş;13,0;
101952;1;30.09.2025;Gümüşhane Çarşı;0;;K;;;;Dut Pestili;1;320,00;320,00;323,20;nakit;?;;16,8;
101952;2;30/09/25;Gümüşhane Çarşı;-;Misafir;;;;merkez;Yayla Balı;3;1125,00;3375,00;3408,75;K.Kartı;Çok İyi;;21,1;
101953;1;20.02.2024;Gümüşhane Çarşı;-;-;;;;;karma pkt;1;750,00;750,00;757,50;nakit;bilinmiyor;;9,4;
101953;2;2024-02-20;Gümüşhane Çarşı;-;misafir müşteri;K;;;;Ceviz İçi;1;460,00;460,00;464,60;Nakıt;Çok İyi;;11,2;
101953;3;20.02.2024;Gümüşhane Çarşı;MİSAFİR;-;;;;Merkez;Kuru Dut;1;165,00;165,00;166,65;Nakıt;Iyi;;11,9;
101955;1;18.11.2024;Gümüşhane Çarşı;0;Misafir;Erkek;;;;Kuru Dut;1;210,00;210,00;212,10;nakit;çok i̇yi;;13,0;
101958;1;03.12.2024;Gümüşhane Çarşı;MİSAFİR;Misafir;E;;;Merkez;Ceviz İçi;1;600,00;600,00;606,00;Nakıt;5;;11,2;
101958;2;03.12.2024;Gümüşhane Çarşı;-;-;K;;;;Yayla Balı;1;895,00;895,00;903,95;Kredi Kartı;5;;11,0;
101960;1;2024-01-19;Gümüşhane Çarşı;-;Misafir;Kadın;;;;Pestil-Köme Karma;1;710,00;710,00;717,10;POS;NA;;9,8;paketi sağlam yapın
101960;2;19/01/24;Gümüşhane Çarşı;MİSAFİR;;K;;;;Kuşburnu Marmelatı;5;130,00;650,00;656,50;Nakıt;bilinmiyor;;10,0;Almanya'ya gidecek
101963;1;20.11.2024;Gümüşhane Çarşı;M-00777;Erol Öztürk;Erkek;46;1978;Kürtün;Kuşburnu Marmelatı;1;170,00;170,00;171,70;Nakıt;Kötü;Bronz;14,0;
101963;2;20/11/24;Gümüşhane Çarşı;M-00777;Erol Öztürk;Bay;46;1978;Şiran;Fındıklı Köme;1;335,00;335,00;338,35;NAKİT;Çok İyi;Bronz;10,2;
101963;3;20.11.2024;Gümüşhane Çarşı;M-00777;EROL ÖZTÜRK;E;46;1978;Kürtun;Yayla Balı;1;895,00;895,00;903,95;Nakıt;İYİ;-;13,0;
101964;1;24.04.2024;Gümüşhane Çarşı;MİSAFİR;;;;;;Kuru Dut;1;180,00;180,00;181,80;Nakit;;;16,2;
101964;2;2024-04-24;Gümüşhane Çarşı;;Misafir;;;;;Fındıklı sucuk;2;270,00;540,00;545,40;Nakit;Çok İyi;;16,3;
101967;1;30.07.2025;Gümüşhane Çarşı;MİSAFİR;;K;;;merkez;Kuşburnu Marmelatı;2;220,00;440,00;444,40;kk;Iyi;;22,4;
101967;2;2025-07-30;Gümüşhane Çarşı;MİSAFİR;Misafir;;;;Merkez;Kome;1;470,00;470,00;474,70;KREDİ KARTI;Çok İyi;;23,2;
101970;1;29.08.2024;Gümüşhane Çarşı;M-00806;Furkan Bulut;E;26;1998;Gurbet - İstanbul;Kuşburnu;1;160,00;160,00;161,60;POS;;Bronz;;
101972;1;21.10.2024 17:42;Gümüşhane Çarşı;M-00408;Hüseyin Bayram;Erkek;37;1987;Merkez;Ev Eriştesi;2;115,00;230,00;232,30;Nakıt;4;Bronz;15,8;
101972;2;;Gümüşhane Çarşı;M-00408;Hüseyin Bayram;E;37;1987;Merkez;PESTİL;3;235,00;705,00;712,05;Nakıt;Çok İyi;Bronz;16,2;
101975;1;23.01.2024;Gümüşhane Çarşı;M-00760;Furkan Koç;;29;1995;Merkez;Pestil 500gr;1;185,00;185,00;186,85;Nakit;yok;Bronz;9,6;
101975;2;23/01/24;Gümüşhane Çarşı;M-00760;Furkan Koç;E;29;1995;Merkez;Ev Eriştesi;1;90,00;90,00;90,90;Kart;İyi;BRONZ;7,4;
101977;1;2024-08-29;Gümüşhane Çarşı;M-00508;ERCAN AKGÜN;E;76;1948;Kocaeli (gurbetçi);Dut Pekmezi;17;280,00;4760,00;4.807,60;Nakit;;Bronz;23,8;Toptan (otel)
101977;2;2024-08-29;Gümüşhane Çarşı;M-00508;Ercan Akgün;Erkek;76;1948;Kocaeli;kusburnu marmelat;26;160,00;4.160,00;4.201,60;Nakıt;İyi;Bronz;21,9;toptan - market siparişi
101977;3;2024-08-29;Gümüşhane Çarşı;M-00508;Ercan Akgün;Erkek;76;1948;Gurbet - Kocaeli;Karma Paket;26;850,00;22100,00;22.321,00;POS;Orta;Bronz;19,8;Toptan (otel)
101980;1;14 Aralık 2024;Gümüşhane Çarşı;572;Halil Koç;E;27;1997;Köse;Fındıklı Köme;1;345,00;345,00;348,45;KREDİ KARTI;İYİ;Bronz;9,4;
101980;2;2024-12-14;Gümüşhane Çarşı;M-00572;HALİL KOÇ;e;27;1997;KÖSE;Karma Paket;1;960,00;1.925,00;969,60;KREDİ KARTI;yok;Bronz;9,0;
101980;3;2024-12-14;Gümüşhane Çarşı;M-00572;Halil Koç;Erkek;27;1997;Köse;KÖME;3;385,00;1155,00;1.166,55;nakit;İyi;Bronz;10,2;
101983;1;06.07.2024;Gümüşhane Çarşı;MİSAFİR;-;K;;;?;Yayla Balı;1;780,00;780,00;787,80;Nakit;;;23,5;hediye paketi
101983;2;06.07.2024;Gümüşhane Çarşı;;misafir müşteri;Kadın;;;;Kuşburnu Marmelatı;2;155,00;310,00;313,10;nakit;İyi;;24,8;
101984;1;14 Ekim 2024;Gümüşhane Çarşı;M-00612;EROL ASLAN;E;62;1962;Kelkit;findikli kome;2;325,00;985,00;656,50;K.Kartı;İYİ;gümüş;17,0;
101984;2;14 Ekim 2024;Gümüşhane Çarşı;M-00612;Erol Aslan;E;62;1962;Kelkit;Ceviz İçi;1;595,00;595,00;600,95;K.Kartı;yok;Gümüş;15,9;
101986;1;18/02/24;Gümüşhane Çarşı;M-00617;KÜBRA BAYRAM;Kadın;41;1983;Şiran;Dut Pestili;4;185,00;740,00;747,40;EFT;İyi;Gümüş;11,3;
101987;1;;Gümüşhane Çarşı;-;;;;;;Fındıklı Köme;1;370,00;370,00;373,70;K.Kartı;Çok İyi;;11,6;
101989;1;12.04.2025;Gümüşhane Çarşı;M-00290;Burak Coşkun;Erkek;58;1967;köse;Fındıklı Köme;2;375,00;750,00;757,50;Kredi Kartı;İyi;Bronz;18,7;
101989;2;12.04.2025;Gümüşhane Çarşı;M-00290;Burak Coşkun;E;58;1967;Köse;Ceviz İçi;1;675,00;675,00;681,75;Havale;Orta;;14,2;
101990;1;2024-11-22;Gümüşhane Çarşı;M-00419;Derya Topal;K;43;1981;Merkez;Cevizli Pestil;1;325,00;297,50;328,25;NAKİT;?;Bronz;10,4;
101992;1;25.03.2025;Gümüşhane Çarşı;M-00091;Hüseyin Karataş;E;51;1974;Kelkit;Kuru Dut;1;240,00;240,00;242,40;NAKİT;Orta;Gümüş;?;
101992;2;25.03.2025;Gümüşhane Çarşı;M-00091;Hüseyin Karataş;E;51;1974;Kelkit;Ev Eriştesi;1;130,00;130,00;131,30;kk;Çok İyi;Gümüş;13,7;
101993;1;25.08.2025;Gümüşhane Çarşı;;;;;;?;Köme;1;480,00;480,00;484,80;Nakit;çok i̇yi;;19,5;
101995;1;21.12.2024;Gümüşhane Çarşı;;misafir müşteri;;;;;köme 500gr;2;385,00;770,00;777,70;yok;i̇yi;;bilinmiyor;
101997;1;26 Şubat 2024;Gümüşhane Çarşı;M-00861;Ercan Kara;E;75;1949;merkez;Fındıklı sucuk;3;260,00;780,00;787,80;POS;5;Bronz;12,2;
102000;1;21.11.2024;Gümüşhane Çarşı;M-00804;Hülya Karataş;K;32;1992;Gumushane;Cevizli Pestil;3;325,00;975,00;984,75;POS;orta;Bronz;13,3;
102000;2;21 Kasım 2024;Gümüşhane Çarşı;M-00804;Hülya Karataş;Bayan;32;1992;Merkez;Fındıklı Köme;1;330,00;330,00;333,30;kk;bilinmiyor;-;10,7;
102001;1;2024-02-26;Gümüşhane Çarşı;M-00220;Şükrü Gümüş;E;207;1983;ANKARA;Cevizli Sucuk;1;290,00;290,00;292,90;kk;Çok İyi;;14,4;
102004;1;10.06.2024;Gümüşhane Çarşı;MİSAFİR;-;K;;;Merkez;Köme;2;315,00;630,00;636,30;Nakıt;2;;21,9;paketi sağlam yapın
102006;1;28.08.2025;Gümüşhane Çarşı;M-00883;Elif Çelik;Kadın;34;1991;Kürtun;Ev Eriştesi;1;bilinmiyor;160,00;161,60;Havale;çok i̇yi;Bronz;21,0;
102001;1;2024-02-26;Gümüşhane Çarşı;M-00220;Şükrü Gümüş;E;207;1983;ANKARA;Cevizli Sucuk;1;290,00;290,00;292,90;kk;Çok İyi;;14,4;
102006;2;28.08.2025;Gümüşhane Çarşı;M-00883;Elif Çelik;K;34;1991;Kürtün;Dut Pekmezi;1;385,00;385,00;388,85;Kart;İyi;Bronz;20,4;bayram siparişi
102009;1;07/09/24;Gümüşhane Çarşı;M-00013;Şerife Özdemir;K;58;1966;Kürtün;Dut Pestili;29;225,00;6525,00;6.590,25;kk;;-;22,3;toptan, lokanta
102012;1;02.12.2024;Gümüşhane Çarşı;MİSAFİR;-;E;;;Merkez;Ceviz ici;2;595,00;1190,00;1201,90;kk;Iyi;;12,2;
102012;2;2024-12-02;Gümüşhane Çarşı;MİSAFİR;Misafir;K;;;merkez;Eriste;1;125,00;125,00;126,25;Kart;;;10,9;
102015;1;18.07.2024;Gümüşhane Çarşı;M-00086;Ahmet Özdemir;Erkek;67;1957;Merkez;Dut Pekmezi;16;265,00;4240,00;4282,40;Havale;NA;BRONZ;yok;Toptan (otel)
102017;1;28.05.2025;Gümüşhane Çarşı;M-00019;Elif Şimşek;Kadın;36;1989;şiran;Kuşburnu Marmelatı;5;205,00;1.025,00;1035,25;nakit;kötü;Bronz;23,0;
102017;2;28/05/25;Gümüşhane Çarşı;M-00019;Elif Şimşek;K;36;1989;Şiran;Ev Eriştesi;2;145,00;290,00;292,90;kk;;bronz;21,0;
102019;1;10.06.2025;Gümüşhane Çarşı;M-00878;Zeynep Kurt;K;69;1956;Siran;PESTİL;1;285,00;285,00;287,85;K.Kartı;i̇yi;Bronz;22,4;
102020;1;30.08.2025;Gümüşhane Çarşı;M-00812;Mehmet Aslan;E;25;2000;Kose;Cevizli Pestil;1;410,00;410,00;414,10;Kredi Kartı;?;Bronz;23,5;veresiye
102021;1;;Gümüşhane Çarşı;MİSAFİR;-;Kadın;;;?;Dut Pestili;4;275,00;1100,00;1111,00;kk;5;;12,4;bayram siparişi
102024;1;2024-07-27;Gümüşhane Çarşı;-;;Kadın;;;Merkez;Dut Pekmezi;4;260,00;1040,00;1050,40;K.Kartı;çok i̇yi;;21,3;
102024;2;27 Temmuz 2024;Gümüşhane Çarşı;0;Misafir;;;;?;Fındıklı Köme;4;295,00;1180,00;1191,80;K.Kartı;Orta;;19,7;
102024;3;27/07/24;Gümüşhane Çarşı;MİSAFİR;-;Kadın;;;Merkez;Kuru Dut;1;200,00;200,00;202,00;POS;Orta;;22,4;veresiye
102027;1;;Gümüşhane Çarşı;M-00636;Yaşar Özdemir;;79;1945;Merkez;cevizli pestil;1;305,00;305,00;308,05;nakit;Çok İyi;Gümüş;20,2;
102028;1;03.02.2024;Gümüşhane Çarşı;0;Misafir;Erkek;;;merkez;Ev Eriştesi;1;95,00;95,00;95,95;KREDİ KARTI;?;;11,7;
102030;1;8 Ekim 2024;Gümüşhane Çarşı;M-00576;Ahmet Kılıç;Erkek;NA;1999;Köse;Kuru Dut;1;210,00;210,00;212,10;Kart;-;Bronz;13,9;yarısı sonra ödenecek
102030;2;2024-10-08;Gümüşhane Çarşı;M-00576;AHMET KILIÇ;E;25;1999;Kose;Dut pekmezi 1 kg;4;285,00;1140,00;1151,40;Kart;Çok İyi;Bronz;18,2;
102033;1;2024-03-22;Gümüşhane Çarşı;435;Gulsum Coskun;K;64;1960;Torul;Dut Pestili;25;NA;4.750,00;4.797,50;kk;i̇yi;BRONZ;12,5;toptan, lokanta
102033;2;22.03.2024;Gümüşhane Çarşı;M-00435;Gülsüm Coşkun;K;64;1960;Torul;Kuşburnu Marmelatı;11;135,00;1.485,00;1499,85;havale;;BRONZ;13,8;toptan - market siparişi
102036;1;13.01.2025;Gümüşhane Çarşı;;Misafir;;;;Merkez;Ceviz İçi;2;635,00;1270,00;1282,70;Nakit;Çok Kötü;;9,3;
102036;2;2025-01-13;Gümüşhane Çarşı;-;Misafir;;;;;Kome;1;390,00;390,00;393,90;Nakıt;;;11,0;
102037;1;03.10.2024;Gümüşhane Çarşı;MİSAFİR;;Erkek;;;Merkez;Cevizli Pestil;1;315,00;315,00;318,15;Nakit;?;;18,6;
102040;1;05.12.2024 10:05;Gümüşhane Çarşı;M-00858;Kadir Kaya;Erkek;60;1964;Kelkit;Kuşburnu Marmelatı;1;180,00;180,00;181,80;Kredi Kartı;i̇yi;Gümüş;10,6;
102040;2;2024-12-05;Gümüşhane Çarşı;M-00858;Kadir Kaya;E;60;1964;Kelkit;Bal 850gr;2;900,00;1800,00;1.818,00;K.Kartı;i̇yi;Gümüş;8,4;
102041;1;15.01.2025;Gümüşhane Çarşı;M-00586;Nurcan Şimşek;Bayan;59;1966;Şiran;Dut Pestili;1;255,00;255,00;257,55;kk;İYİ;?;6,9;
102041;2;15.01.2025;Gümüşhane Çarşı;M-00586;Nurcan Şimşek;K;59;1966;ŞİRAN;Fındıklı sucuk;1;360,00;360,00;363,60;KREDİ KARTI;Çok İyi;GÜMÜŞ;8,6;
102043;1;03.04.2024;Gümüşhane Çarşı;0;Misafir;E;;;;findikli kome;4;280,00;1120,00;1131,20;NAKİT;NA;;14,8;
102044;1;15/05/24;Gümüşhane Çarşı;M-00206;Erol Kaya;E;28;1996;merkez;Köme;1;320,00;320,00;323,20;Nakit;Orta;BRONZ;17,2;
102045;1;09.08.2024;Gümüşhane Çarşı;0;Misafir;;;;?;Ceviz İçi;5;540,00;2700,00;2727,00;NA;ÇOK İYİ;;24,8;
102045;2;09.08.2024;Gümüşhane Çarşı;0;;Erkek;;;Merkez;Köme;6;345,00;2070,00;2090,70;nakit;İyi;;20,1;
102045;3;9 Ağustos 2024;Gümüşhane Çarşı;MİSAFİR;;Kadın;;;?;Kuru Dut;3;200,00;600,00;606,00;NA;;;23,8;
102046;1;2024-10-19;Gümüşhane Çarşı;M-00019;Elif Şimşek;;35;1989;Şiran;Dut Pestili;3;235,00;705,00;712,05;Nakit;;Bronz;17,4;tadım yaptı
102049;1;09/04/25;Gümüşhane Çarşı;-;misafir müşteri;K;;;?;Dut Pekmezi;1;340,00;340,00;343,40;POS;ÇOK İYİ;;14,5;
102050;1;31.05.2024;Gümüşhane Çarşı;-;-;K;;;merkez;Cevizli sucuk (köme);2;320,00;640,00;646,40;KREDİ KARTI;Iyi;;16,9;
102052;1;20.08.2025;Gümüşhane Çarşı;M-00047;ŞERİFE BAYRAM;Kadın;63;1962;Merkez;Cevizli Pestil;2;405,00;810,00;818,10;K.Kartı;Orta;Gumus;23,1;
102053;1;2025-06-30;Gümüşhane Çarşı;;;E;;;;Dut Pestili;6;295,00;1.770,00;1.787,70;nakit;Çok İyi;;20,7;
102056;1;29/10/24;Gümüşhane Çarşı;0;Misafir;K;;;;Fındıklı Köme;2;330,00;660,00;666,60;KREDİ KARTI;İyi;;14,2;
102056;1;29/10/24;Gümüşhane Çarşı;0;Misafir ;K;;;;fındıklı köme;2;330,00;660,00;666,60;KREDİ KARTI;İyi;;14,2;
102056;2;29.10.2024;Gümüşhane Çarşı;;;Kadın;;;?;Cevizli Sucuk;2;365,00;730,00;737,30;kk;orta;;15,2;
102058;1;2024-11-23;Gümüşhane Çarşı;M-00731;Aysel Kara;K;50;1974;Merkez;Ceviz İçi;2;600,00;1200,00;1.212,00;K.Kartı;;Bronz;13,7;
102060;1;14.02.2025 12:30;Gümüşhane Çarşı;0;misafir müşteri;Erkek;;;?;Yayla Balı;1;940,00;940,00;949,40;Nakıt;İyi;;9,8;
102061;1;17.04.2024;Gümüşhane Çarşı;M-00871;Recep  Altun ;Erkek;68;1956;Siran;Dut Pestili;1;195,00;195,00;196,95;havale;İyi;Bronz;18,9;
102064;1;17.08.2024;Gümüşhane Çarşı;M-00664;Mustafa Coşkun;e;52;1972;İstanbul (gurbetçi);Yayla Balı;2;795,00;1590,00;1605,90;K.Kartı;orta;Gümüş;22,9;
102064;2;17 Ağustos 2024;Gümüşhane Çarşı;M-00664;MUSTAFA COŞKUN;E;52;1972;Gurbet - İstanbul;Dut Pekmezi;1;270,00;270,00;272,70;nakit;Çok İyi;Gümüş;23,4;
102067;1;2025-09-08;Gümüşhane Çarşı;M-00775;EROL BULUT;;77;1948;Merkez;Karma Paket;1;1.195,00;1.195,00;1206,95;NAKİT;Orta;Bronz;19,4;
102068;1;07.09.2024;Gümüşhane Çarşı;M-00725;Emre Kara;e;78;1946;Torul;Dut pekmezi 1 kg;1;275,00;275,00;277,75;Havale;;Bronz;20,4;
102068;2;2024-09-07;Gümüşhane Çarşı;M-00725;Emre Kara;Bay;78;1946;Torul;Kuru Dut;3;200,00;600,00;606,00;Kredi Kartı;i̇yi;Bronz;21,3;
102071;1;21.03.2025;Gümüşhane Çarşı;M-00815;Halil Kara;E;28;1997;Merkez;Kuşburnu Marmelatı;1;190,00;190,00;191,90;KREDİ KARTI;İYİ;Bronz;11,7;
102071;2;21.03.2025;Gümüşhane Çarşı;M-00815;Halil Kara;E;28;1997;Merkez;Dut Pestili;1;265,00;265,00;267,65;K.Kartı;i̇yi;Bronz;15,2;
102071;3;21.03.2025;Gümüşhane Çarşı;M-00815;Halil Kara;E;28;1997;Merkez;findikli kome;2;370,00;740,00;747,40;-;Çok İyi;Bronz;11,2;
102074;1;14 Haziran 2024;Gümüşhane Çarşı;M-00500;Furkan Erdoğan;Erkek;40;1984;Kelkit;Fındıklı Köme;1;285,00;285,00;287,85;yok;ÇOK İYİ;Bronz;22,1;
102074;2;14/06/24;Gümüşhane Çarşı;M-00500;Furkan Erdoğan;E;40;1984;Kelkit;Kuru Dut;2;180,00;360,00;363,60;Kart;;Bronz;22,6;
102075;1;28.07.2025;Gümüşhane Çarşı;0;Misafir;K;;;merkez;Cevizli Pestil;2;410,00;820,00;828,20;nakit;;;20,9;veresiye
102076;1;2024-10-28;Gümüşhane Çarşı;;;;;;;bal;4;855,00;5130,00;3454,20;nakit;Orta;;14,1;
102076;2;28.10.2024;Gümüşhane Çarşı;0;Misafir;;;;;Fındıklı Köme;1;335,00;335,00;338,35;K.Kartı;İyi;;16,1;
102076;3;28 Ekim 2024;Gümüşhane Çarşı;0;misafir müşteri;;;;;Ceviz İçi;1;605,00;605,00;611,05;KREDİ KARTI;4;;12,4;
102078;1;2024-10-19;Gümüşhane Çarşı;M-00860;FATMA AYDIN;K;48;1976;Kelkit;Pestil 500gr;3;240,00;720,00;727,20;Kart;NA;Gümüş;15,6;
102080;1;2024-09-06;Gümüşhane Çarşı;0;-;K;;;Merkez;Fındıklı sucuk;5;320,00;1600,00;1616,00;K.Kartı;İyi;;NA;
102080;2;06.09.2024;Gümüşhane Çarşı;0;misafir müşteri;Erkek;;;?;bal;3;800,00;2.400,00;2.424,00;K.Kartı;Orta;;20,9;
102082;1;23.07.2025;Gümüşhane Çarşı;MİSAFİR;Misafir;K;;;?;Kuru Dut;3;270,00;810,00;818,10;kk;5;;21,0;
102083;1;14.08.2024;Gümüşhane Çarşı;M-00355;Hülya Şimşek;K;58;1966;Merkez;Cevizli Pestil;1;305,00;305,00;308,05;kk;;?;21,0;
102085;1;31.08.2025;Gümüşhane Çarşı;M-00898;HANİFE POLAT;K;?;1991;Kelkıt;Cevizli Pestil;1;430,00;430,00;434,30;EFT;Iyi;Bronz;22,9;
102086;1;15.09.2025;Gümüşhane Çarşı;M-00368;EMİNE KAYA;Bayan;39;1986;Torul;Kuru Dut;1;275,00;275,00;277,75;Kart;?;Bronz;20,2;
102086;2;2025-09-15;Gümüşhane Çarşı;368;Emine Kaya;K;39;1986;TORUL;Dut Pekmezi;6;390,00;2340,00;2363,40;Nakıt;5;Bronz;20,5;
102088;1;15.05.2024 18:42;Gümüşhane Çarşı;M-00728;Burak Aslan;Erkek;73;1951;Kelkit;dut pestil;3;200,00;600,00;606,00;Nakit;yok;Bronz;16,9;
102088;2;15.05.2024;Gümüşhane Çarşı;M-00728;Burak Aslan;E;73;1951;KELKİT;Ceviz İçi;2;510,00;1.020,00;1030,20;POS;Iyi;bronz;16,8;
102091;1;14.02.2025 09:08;Gümüşhane Çarşı;-;Misafir;Erkek;;;merkez;Cevizli sucuk (köme);2;410,00;820,00;828,20;Nakıt;Iyi;;9,3;
102091;2;14.02.2025;Gümüşhane Çarşı;MİSAFİR;Misafir;K;;;;pekmez;1;310,00;310,00;313,10;kk;NA;;8,9;
102091;3;14.02.2025 09:47;Gümüşhane Çarşı;;-;;;;;Kuru Dut;5;230,00;1150,00;1161,50;NAKİT;;;;veresiye
102094;1;2025-02-11;Gümüşhane Çarşı;0;Misafir;Erkek;;;;Ceviz ici;2;645,00;1290,00;1302,90;Kart;orta;;11,1;
102096;1;06.06.2025;Gümüşhane Çarşı;0;;;;;;Fındıklı Köme;2;410,00;820,00;828,20;K.Kartı;;;21,1;
102099;1;29 Ocak 2025;Gümüşhane Çarşı;M-00328;YUSUF EKİNCİ;Erkek;67;1958;Kürtün;Kuşburnu;1;185,00;185,00;186,85;nakit;orta;Gümüş;8,0;
102096;1;06.06.2025;Gümüşhane Çarşı;0;;;;;;Fındıklı Köme;2;410,00;820,00;828,20;K.Kartı;;;21,1;
102099;2;29.01.2025;Gümüşhane Çarşı;M-00328;Yusuf Ekinci;E;67;1958;Kürtün;Ceviz İçi;1;630,00;630,00;636,30;Kart;çok kötü;Gumus;6,6;
102099;3;29.01.2025;Gümüşhane Çarşı;M-00328;Yusuf  Ekinci ;;67;1958;Kürtün;köme 500gr;1;390,00;390,00;393,90;EFT;Çok İyi;Gümüş;8,6;
102101;1;07.08.2025;Gümüşhane Çarşı;M-00633;Hülya Kaya;K;75;1965;Merkez;Dut Pestili;5;305,00;1525,00;1.540,25;POS;Çok Kötü;BRONZ;22,0;
102101;2;2025-08-07;Gümüşhane Çarşı;M-00633;Hülya Kaya;K;75;1950;Merkez;Kuşburnu Marmelatı;1;230,00;230,00;232,30;Nakit;Çok İyi;-;23,2;
102104;1;08.04.2025;Gümüşhane Çarşı;0;misafir müşteri;E;;;;Pestil (cevizli);1;375,00;375,00;378,75;KREDİ KARTI;5;;14,1;
102104;2;08.04.2025;Gümüşhane Çarşı;;misafir müşteri;Kadın;;;;pestil;4;;1080,00;1090,80;K.Kartı;çok i̇yi;;15,2;
102104;3;08.04.2025;Gümüşhane Çarşı;MİSAFİR;-;Kadın;;;merkez;Kuru Dut;1;245,00;245,00;247,45;Nakit;4;;15,5;
102105;1;2024-01-16;Gümüşhane Çarşı;M-00291;Hatice Kilic;K;70;1954;Merkez;Fındıklı Köme;1;255,00;255,00;257,55;POS;Çok İyi;Gümüş;;
102105;2;2024-01-16;Gümüşhane Çarşı;291;HATİCE KILIÇ;K;70;1954;MERKEZ;Kuşburnu Marmelatı;2;135,00;270,00;272,70;Kredi Kartı;3;Gümüş;9,8;
102105;3;16.01.2024;Gümüşhane Çarşı;M-00291;Hatice Kilic;K;70;1954;merkez;Karma Paket;1;710,00;710,00;717,10;POS;;Gümüş;8,0;
102107;1;11/09/25;Gümüşhane Çarşı;M-00656;İbrahim Arslan;E;25;2000;Kürtün;Köme;1;485,00;485,00;489,85;KREDİ KARTI;i̇yi;Bronz;20,3;
102110;1;01.07.2025;Gümüşhane Çarşı;M-00870;Nurcan Bayram;K;43;1982;Merkez;Kuru Dut;1;270,00;270,00;272,70;POS;4;Gümüş;21,3;
102110;2;1 Temmuz 2025;Gümüşhane Çarşı;M-00870;NURCAN BAYRAM;K;43;1982;Torul;Ceviz İçi;5;740,00;3700,00;3.737,00;Kredi Kartı;5;Gümüş;21,6;
102110;3;01.07.2025;Gümüşhane Çarşı;M-00870;Nurcan Bayram;K;43;1982;Merkez;Kuşburnu Marmelatı;1;215,00;215,00;217,15;Nakit;Çok Kötü;Gümüş;22,6;
102113;1;16.05.2025;Gümüşhane Çarşı;-;Misafir;Kadın;;;Merkez;Ev Eriştesi;4;145,00;580,00;585,80;POS;Iyi;;?;
102113;2;16.05.2025;Gümüşhane Çarşı;0;Misafir;Kadın;;;merkez;Karma Paket;1;1.120,00;1120,00;1131,20;POS;3;;21,3;
102113;3;2025-05-16;Gümüşhane Çarşı;0;misafir müşteri;K;;;?;Ceviz ici;1;715,00;715,00;722,15;K.Kartı;İYİ;;19,8;
102116;1;18.07.2025;Gümüşhane Çarşı;M-00735;Recep Karakaya;;32;1993;Gurbet - Ankara;Kuşburnu Marmelatı;5;215,00;1075,00;1.085,75;Kredi Kartı;5;Bronz;23,6;
102116;2;18.07.2025;Gümüşhane Çarşı;M-00735;RECEP KARAKAYA;;32;1993;Ankara (gurbetçi);Bal 850gr;1;1.065,00;1065,00;1075,65;nakit;İyi;Bronz;25,1;
102118;1;20.09.2024;Gümüşhane Çarşı;MİSAFİR;misafir müşteri;K;;;;Dut Pestili;6;230,00;1.380,00;1393,80;kk;;;19,5;
102119;1;23.02.2025;Gümüşhane Çarşı;M-00449;Hasan Coşkun;e;36;1989;Torul;Köme;1;420,00;420,00;424,20;Nakit;?;Bronz;11,2;
102121;1;06.09.2024;Gümüşhane Çarşı;M-00353;Songül Topal;K;55;1969;İstanbul (gurbetçi);Kuşburnu Marmelatı;3;160,00;480,00;484,80;kk;Çok İyi;Bronz;23,1;
102123;1;19.07.2025;Gümüşhane Çarşı;M-00151;Hülya Çelik;K;yok;1988;Merkez;Ceviz İçi;1;735,00;735,00;742,35;Nakıt;ÇOK İYİ;Bronz;23,1;
102123;2;19.07.2025;Gümüşhane Çarşı;M-00151;Hülya Çelik;K;37;1988;Merkez;Köme;6;475,00;2.850,00;2878,50;NAKİT;Çok İyi;Bronz;24,0;
102123;3;19.07.2025;Gümüşhane Çarşı;M-00151;HÜLYA ÇELİK;;37;1988;Gümüşhane Merkez;Kuşburnu;3;220,00;660,00;666,60;NAKİT;İyi;Bronz;19,0;
102123;2;19.07.2025;Gümüşhane Çarşı;M-00151;Hülya Çelik;K;37;1988;Merkez;Köme;6;475,00;2.850,00;2878,50;NAKİT;Çok İyi;Bronz;24,0;
102126;1;26.04.2025;Gümüşhane Çarşı;;;E;;;;pestil;14;285,00;3990,00;4.029,90;Nakıt;İyi;;15,5;Toptan (otel)
102129;1;15.03.2025;Gümüşhane Çarşı;0;-;Kadın;;;?;Ceviz ici;3;660,00;1980,00;1999,80;NAKİT;;;9,8;
102129;2;15/03/25;Gümüşhane Çarşı;MİSAFİR;misafir müşteri;;;;Merkez;Fındıklı Köme;6;380,00;2.280,00;2302,80;yok;;;13,7;
102131;1;04.12.2024;Gümüşhane Çarşı;0;Misafir;Kadın;;;;Cevizli Pestil;1;320,00;320,00;323,20;Kredi Kartı;yok;;11,0;
102131;2;2024-12-04;Gümüşhane Çarşı;MİSAFİR;-;;;;;Yayla Balı;2;870,00;1740,00;1757,40;NAKİT;bilinmiyor;;8,8;
102133;1;2024-06-15;Gümüşhane Çarşı;M-00516;Mehmet Sahin;E;24;2000;Kürtün;Kuşburnu;1;150,00;150,00;151,50;kk;Çok İyi;gümüş;21,3;
102133;2;15.06.2024;Gümüşhane Çarşı;M-00516;Mehmet Sahin;E;24;2000;Kürtün;Karma Paket;2;810,00;1620,00;1636,20;Kredi Kartı;4;Gümüş;23,4;
102133;2;15.06.2024;Gümüşhane Çarşı;M-00516;Mehmet Sahin;E;24;2000;Kürtün;Karma Paket;2;810,00;1620,00;1636,20;Kredi Kartı;4;Gümüş;23,4;
102135;1;2024-11-15;Gümüşhane Çarşı;733;Mehmet Yılmaz;e;56;1968;Merkez;Kuşburnu Marmelatı;2;170,00;340,00;343,40;Nakit;orta;Gümüş;13,8;
102138;1;18.01.2025;Gümüşhane Çarşı;M-00433;Enes Erdoğan;E;25;2000;Köse;Yayla Balı;5;930,00;4650,00;4.696,50;kk;;Gümüş;8,2;
102138;2;18.01.2025;Gümüşhane Çarşı;M-00433;Enes Erdoğan;E;;2000;Köse;Karma Paket;1;985,00;985,00;994,85;nakit;İyi;Gümüş;5,6;
102139;1;19.12.2024;Gümüşhane Çarşı;M-00324;Emre Çetin;;22;2002;Torul;Ceviz İçi;1;615,00;615,00;621,15;nakit;İyi;Gümüş;11,2;
102140;1;20.06.2025;Gümüşhane Çarşı;MİSAFİR;misafir müşteri;E;;;merkez;Pestil 500gr;1;295,00;295,00;297,95;Havale/EFT;İyi;;-;
102142;1;13.02.2024;Gümüşhane Çarşı;M-00811;Zeynep Celik;k;69;1955;Torul;Köme;1;295,00;295,00;297,95;K.Kartı;2;Gumus;9,2;
102143;1;2025-07-14;Gümüşhane Çarşı;M-00412;Şerife Kurt;Kadın;78;1947;Kürtün;Kuru Dut;6;260,00;1560,00;1575,60;kk;;Gümüş;24,1;
102143;2;2025-07-14;Gümüşhane Çarşı;M-00412;Şerife Kurt;;78;1947;Kürtün;Yayla Balı;3;1070,00;3.210,00;3242,10;Kredi Kartı;yok;Gümüş;24,6;
102143;3;14.07.2025;Gümüşhane Çarşı;M-00412;ŞERİFE KURT;K;78;1947;Kurtun;kusburnu marmelat;1;215,00;215,00;217,15;Nakıt;;Gümüş;23,1;
102146;1;02.08.2024;Gümüşhane Çarşı;M-00219;NERMİN DOĞAN;;74;1950;Köse;Ev Eriştesi;1;110,00;110,00;111,10;Nakıt;İyi;Gümüş;24,8;
102146;2;2024-08-02;Gümüşhane Çarşı;M-00219;Nermin Dogan;k;74;1950;Köse;Fındıklı sucuk;1;300,00;300,00;303,00;kk;;Gumus;22,0;
102146;3;02.08.2024;Gümüşhane Çarşı;M-00219;Nermin Doğan;K;74;1950;Köse;Cevizli Pestil;1;295,00;295,00;297,95;Nakıt;Çok İyi;Gümüş;23,5;
102147;1;21.05.2025;Gümüşhane Çarşı;-;Misafir;K;;;;köme 500gr;2;430,00;860,00;868,60;Nakit;Çok İyi;;21,6;veresiye
102150;1;25/06/24;Gümüşhane Çarşı;M-00663;OSMAN BAYRAM;E;77;1947;Kelkit;Ev Eriştesi;1;110,00;110,00;111,10;POS;Çok İyi;Bronz;18,8;
102150;2;2024-06-25;Gümüşhane Çarşı;M-00663;Osman Bayram;E;77;1947;Merkez;bal;2;755,00;1510,00;1525,10;Kredi Kartı;;Bronz;22,9;
102150;3;25.06.2024;Gümüşhane Çarşı;M-00663;Osman Bayram;;77;1962;Merkez;Ceviz İçi;1;525,00;525,00;530,25;NAKİT;i̇yi;Bronz;yok;
102151;1;14.06.2025;Gümüşhane Çarşı;0;-;E;;;;karma pkt;2;1115,00;2230,00;2252,30;Kart;Orta;;21,5;
102154;1;25.10.2024;Gümüşhane Çarşı;M-00121;Hasan Kılıç;E;45;1979;Merkez;Kome;1;380,00;380,00;383,80;Kredi Kartı;i̇yi;Bronz;14,6;
102155;1;03.06.2025;Gümüşhane Çarşı;-;;Kadın;;;;Fındıklı Köme;4;410,00;1640,00;1656,40;NAKİT;;;25,2;
102158;1;11.06.2024;Gümüşhane Çarşı;M-00245;HALİL KURT;e;34;1990;HOLLANDA;Dut pekmezi 1 kg;2;255,00;510,00;515,10;Kart;Çok İyi;bronz;23,1;
102158;2;11.06.2024;Gümüşhane Çarşı;M-00245;Halil Kurt;E;34;1990;Hollanda;Cevizli Pestil;2;285,00;570,00;575,70;NAKİT;i̇yi;Bronz;19,5;
102158;3;11.06.2024;Gümüşhane Çarşı;M-00245;Halil Kurt;Erkek;34;1990;Gurbet - Hollanda;köme 500gr;-3;320,00;640,00;646,40;EFT;?;BRONZ;23,5;
102160;1;16.04.2024;Gümüşhane Çarşı;M-00784;Yusuf Aslan;E;71;1953;Kelkit;Dut Pekmezi;1;240,00;240,00;242,40;havale;Çok İyi;Bronz;15,2;
102160;2;16.04.2024;Gümüşhane Çarşı;M-00784;YUSUF ASLAN;E;71;1953;Kelkit;Karma Paket;2;775,00;1550,00;1565,50;Nakıt;?;Bronz;16,3;
102162;1;21.08.2025 11:41;Gümüşhane Çarşı;M-00110;Cemal Uzun;E;49;1976;Merkez ;Cevizli Sucuk;2;480,00;960,00;969,60;Havale/EFT;çok i̇yi;Altin;21,4;
102165;1;19 Nisan 2025;Gümüşhane Çarşı;M-00151;Hülya Çelik;Bayan;37;1988;Merkez;Ev Eriştesi;1;135,00;135,00;136,35;Kart;Orta;Bronz;20,0;
102165;2;2025-04-19;Gümüşhane Çarşı;M-00151;Hülya Çelik;Kadın;37;1988;Merkez;dut pestil;2;275,00;550,00;555,50;nakit;İyi;bronz;15,1;
102165;3;2025-04-19;Gümüşhane Çarşı;M-00151;Hülya Çelik;K;37;1988;merkez;Ceviz İçi;1;695,00;695,00;701,95;nakit;-;Bronz;-;
102167;1;10.07.2025;Gümüşhane Çarşı;M-00765;Şükrü Erdoğan;E;70;1955;İstanbul;PESTİL;2;305,00;610,00;616,10;Nakıt;Çok İyi;Gümüş;21,3;
102169;1;2024-01-24;Gümüşhane Çarşı;15;Ömer Keskin;Bay;36;1988;Kürtün;Dut Pestili;2;185,00;370,00;373,70;Havale/EFT;bilinmiyor;;8,5;
102172;1;18.01.2024;Gümüşhane Çarşı;M-00504;Kubra Karatas;K;20;2004;Merkez;Ev Eriştesi;3;95,00;285,00;287,85;Havale;Çok İyi;BRONZ;10,6;
102172;2;18/01/24;Gümüşhane Çarşı;M-00504;KÜBRA KARATAŞ;K;20;2004;Merkez;Kuşburnu Marmelatı;2;130,00;260,00;262,60;KREDİ KARTI;Çok İyi;Bronz;6,5;
102172;3;18.01.2024;Gümüşhane Çarşı;M-00504;Kübra Karataş;K;20;2004;Gümüşhane Merkez;Köme;1;285,00;285,00;287,85;Kart;i̇yi;Bronz;8,3;
102175;1;10 Haziran 2025;Gümüşhane Çarşı;M-00390;Furkan Topal;E;60;1965;Kürtün;cevizli pestil;5;385,00;1925,00;1.944,25;POS;;Bronz;20,0;
102175;2;10.06.2025;Gümüşhane Çarşı;M-00390;Furkan Topal;E;60;1965;Kürtün;Kuru Dut;2;255,00;510,00;515,10;POS;İyi;Bronz;23,1;bayram siparişi
102178;1;26.06.2024;Gümüşhane Çarşı;M-00867;Kübra Doğan;K;55;1969;Torul;dut pestil;1;215,00;215,00;217,15;KREDİ KARTI;Orta;Bronz;19,1;paketi sağlam yapın
102180;1;21.03.2025;Gümüşhane Çarşı;475;OSMAN KESKİN;Erkek;40;1985;Merkez;Fındıklı sucuk;1;365,00;365,00;368,65;kk;-;Gümüş;;
102182;1;2024-08-18;Gümüşhane Çarşı;0;-;K;;;;Dut (kuru);3;190,00;570,00;575,70;Kredi Kartı;çok i̇yi;;22,6;veresiye
102182;2;18.08.2024;Gümüşhane Çarşı;;;K;;;;Yayla Balı;2;795,00;1590,00;1605,90;kk;;;22,0;
102182;3;18.08.2024;Gümüşhane Çarşı;0;;K;;;merkez;Karma Paket;1;845,00;845,00;853,45;kk;-;;22,8;
102183;1;12 Aralık 2024;Gümüşhane Çarşı;M-00766;Recep Kaya;Erkek;62;1962;Merkez;Dut Pekmezi;5;305,00;1525,00;1540,25;Nakit;bilinmiyor;bronz;10,3;
102185;1;01.03.2025;Gümüşhane Çarşı;-;-;Erkek;;;;Kuşburnu;2;190,00;352,00;383,80;POS;i̇yi;;11,2;
102185;2;01.03.2025 15:22;Gümüşhane Çarşı;;;;;;;Fındıklı Köme;1;360,00;360,00;363,60;EFT;;;9,6;
102185;3;01/03/25;Gümüşhane Çarşı;;Misafir;E;;;Merkez;Dut Pestili;1;270,00;270,00;272,70;KREDİ KARTI;;;9,3;
102186;1;24.10.2024;Gümüşhane Çarşı;M-00686;Havva  Çelik ;K;22;2002;kelkit;Köme;1;360,00;360,00;363,60;Kredi Kartı;Cok Iyi;Bronz;18,2;
102187;1;2024-08-26;Gümüşhane Çarşı;M-00811;Zeynep Çelik;;bilinmiyor;1955;Torul;Yayla Balı;2;815,00;1.630,00;1646,30;Nakit;bilinmiyor;gümüş;20,4;
102187;2;26.08.2024;Gümüşhane Çarşı;M-00811;Zeynep Çelik;K;69;1955;Torul;Dut (kuru);1;195,00;195,00;196,95;nakit;orta;Gümüş;21,7;
102188;1;04.07.2025;Gümüşhane Çarşı;M-00633;HÜLYA KAYA;Kadın;75;1950;merkez;cevizli pestil;5;405,00;2.025,00;2.045,25;NAKİT;;BRONZ;20,2;
102189;1;04.08.2024;Gümüşhane Çarşı;M-00224;Zeynep Yildiz;Kadın;51;1973;Kelkit;Dut Pekmezi;3;275,00;825,00;833,25;Nakıt;?;Gümüş;21,1;
102189;2;04.08.2024;Gümüşhane Çarşı;M-00224;Zeynep Yildiz;Kadın;51;1973;Kelkit;Cevizli Sucuk;6;340,00;2.040,00;2.060,40;NAKİT;;Gümüş;23,8;
102191;1;20.11.2024;Gümüşhane Çarşı;M-00199;Kübra Aydın;Bayan;45;1979;Merkez;Fındıklı Köme;1;335,00;335,00;338,35;Nakıt;;Bronz;12,1;
102193;1;01.10.2024;Gümüşhane Çarşı;0;-;Kadın;;;merkez;dut pestil;5;225,00;1125,00;1.136,25;POS;yok;;18,8;
102196;1;21.08.2025;Gümüşhane Çarşı;M-00571;Ömer Arslan;E;30;1995;Torul;kusburnu marmelat;1;220,00;220,00;222,20;NAKİT;;Gumus;21,4;
102197;1;2025-06-13;Gümüşhane Çarşı;M-00459;Esra Keskin;Bayan;65;1960;Kelkıt;Dut Pestili;1;285,00;285,00;287,85;Kart;i̇yi;Bronz;21,3;yarısı sonra ödenecek
102198;1;25.07.2025;Gümüşhane Çarşı;M-00045;OSMAN KARAKAYA;E;65;1960;Kürtün;Köme;1;485,00;485,00;489,85;Nakıt;Çok İyi;Bronz;23,5;
102201;1;31.08.2024;Gümüşhane Çarşı;M-00128;HANİFE ASLAN;k;55;1969;Köse;Dut Pekmezi;3;270,00;810,00;818,10;kk;4;Bronz;19,5;
102201;2;31 Ağustos 2024;Gümüşhane Çarşı;M-00128;Hanife Aslan;K;55;1969;Köse;Ceviz ici;1;550,00;550,00;555,50;K.Kartı;-;Bronz;21,8;
102202;1;04.01.2025;Gümüşhane Çarşı;M-00584;Furkan Bayram;E;42;1983;Şiran;findikli kome;1;355,00;355,00;358,55;nakit;İyi;Bronz;9,4;
102202;2;04.01.2025;Gümüşhane Çarşı;M-00584;Furkan Bayram;E;42;1983;Şiran;Yayla Balı;1;890,00;890,00;898,90;K.Kartı;Çok Kötü;Bronz;11,1;
102205;1;05.10.2024;Gümüşhane Çarşı;M-00007;Yaşar Şimşek;E;61;1963;Gümüşhane Merkez;pekmez;5;280,00;1.400,00;1414,00;Kredi Kartı;;Altın;17,7;
102205;2;05.10.2024;Gümüşhane Çarşı;M-00007;Yaşar Şimşek;E;61;1963;Merkez;Dut Pestili;3;235,00;705,00;712,05;kk;4;Altın;?;yurt dışı - valizde
102206;1;2024-04-13;Gümüşhane Çarşı;M-00167;Büşra Kaya;;44;1980;Merkez;Fındıklı Köme;1;270,00;270,00;272,70;nakit;Çok İyi;Bronz;16,4;
102206;2;13.04.2024;Gümüşhane Çarşı;M-00167;Busra Kaya;K;44;1980;Gümüşhane Merkez;kuru dut;5;175,00;875,00;883,75;Nakıt;;BRONZ;14,8;
102209;1;13.06.2025;Gümüşhane Çarşı;M-00254;EROL YILMAZ;E;67;1958;Kurtun;findikli kome;2;395,00;790,00;797,90;Havale;Çok İyi;gümüş;21,4;
102212;1;16.07.2025 11:49;Gümüşhane Çarşı;MİSAFİR;-;Kadın;;;?;Cevizli Pestil;2;395,00;790,00;797,90;Kart;İyi;;23,4;
102213;1;2025-01-15;Gümüşhane Çarşı;MİSAFİR;misafir müşteri;E;;;?;Cevizli Pestil;3;330,00;990,00;999,90;Kart;NA;;-40,0;
102213;1;2025-01-15;Gümüşhane Çarşı;MİSAFİR;misafir müşteri ;E;;;?;cevizli pestil;3;330,00;990,00;999,90;Kart;NA;;-40,0;
102216;1;17.01.2024;Gümüşhane Çarşı;M-00777;Erol Öztürk;E;46;1978;Kürtun;Dut Pekmezi;3;215,00;645,00;651,45;Nakıt;;BRONZ;5,3;
102216;2;17.01.2024;Gümüşhane Çarşı;M-00777;Erol Öztürk;E;46;1978;Kürtün;Ceviz İçi;2;455,00;910,00;919,10;havale;Çok İyi;Bronz;8,7;
102216;3;17.01.2024;Gümüşhane Çarşı;M-00777;Erol Öztürk;E;46;1978;KÜRTÜN;Kuru Dut;1;165,00;165,00;166,65;POS;Orta;;8,1;
102218;1;2024-12-04;Gümüşhane Çarşı;-;Misafir;E;;;;Dut (kuru);1;225,00;225,00;227,25;KREDİ KARTI;Orta;;9,6;
102218;2;04.12.2024;Gümüşhane Çarşı;;Misafir;Kadın;;;;Köme;5;380,00;1.900,00;1.919,00;K.Kartı;;;10,8;
102221;1;15.11.2024;Gümüşhane Çarşı;M-00602;Burak Arslan;E;25;1999;Köse;Yayla Balı;2;845,00;1690,00;1706,90;Nakit;NA;Altin;13,4;
102221;2;15.11.2024;Gümüşhane Çarşı;602;BURAK ARSLAN;;25;1999;Köse;Eriste;1;120,00;120,00;121,20;Kredi Kartı;5;Altın;15,0;
102222;1;2024-03-14;Gümüşhane Çarşı;M-00491;Meryem Ekinci;K;21;2003;Kürtün;ceviz;1;475,00;247,50;479,75;kk;İyi;bronz;14,4;
102222;2;14.03.2024;Gümüşhane Çarşı;M-00491;Meryem Ekinci;k;21;2003;Kürtün;Dut Pekmezi;2;235,00;470,00;474,70;Kredi Kartı;Orta;bronz;11,3;
102221;1;15.11.2024;Gümüşhane Çarşı;M-00602;Burak Arslan;E;25;1999;Köse;Yayla Balı;2;845,00;1690,00;1706,90;Nakit;NA;Altin;13,4;
102222;3;14/03/24;Gümüşhane Çarşı;M-00491;Meryem Ekinci;K;21;2003;Kürtün;Köme;2;295,00;590,00;595,90;Kredi Kartı;Çok İyi;;9,9;
102224;1;10.06.2024 18:38;Gümüşhane Çarşı;M-00335;Fatma  Kılıç ;Bayan;35;1989;Merkez;Ceviz ici;1;525,00;525,00;530,25;POS;NA;?;22,5;
102224;2;10.06.2024;Gümüşhane Çarşı;M-00335;Fatma Kilic;K;35;1989;MERKEZ;Cevizli Pestil;2;275,00;550,00;555,50;KREDİ KARTI;bilinmiyor;Gümüş;19,3;
102227;1;02.08.2025 13:12;Gümüşhane Çarşı;M-00858;Kadir Kaya;E;61;1964;Kelkit;Kuşburnu Marmelatı;2;225,00;450,00;454,50;Kredi Kartı;çok kötü;GÜMÜŞ;22,6;
102227;2;02.08.2025;Gümüşhane Çarşı;M-00858;Kadir Kaya;E;61;1964;Köse;Dut (kuru);1;270,00;270,00;272,70;Nakıt;4;Gümüş;23,5;
102230;1;17.05.2025;Gümüşhane Çarşı;M-00163;Yusuf Kaya;;27;1998;Merkez;erişte;2;?;290,00;292,90;kk;;Bronz;19,0;
102230;2;2025-05-17;Gümüşhane Çarşı;M-00163;Yusuf Kaya;Erkek;27;1998;Merkez;Karma Paket;1;1.110,00;1.110,00;1121,10;K.Kartı;4;Bronz;17,0;
102233;1;28 Kasım 2024;Gümüşhane Çarşı;M-00355;HÜLYA ŞİMŞEK;;bilinmiyor;1966;Merkez;Köme;2;370,00;740,00;747,40;Kart;yok;Gumus;11,5;
102236;1;06/02/24;Gümüşhane Çarşı;M-00376;Nermin Yıldız;K;75;1949;Gümüşhane Merkez;Dut Pestili;1;190,00;190,00;191,90;Nakıt;;Altın;10,4;
102238;1;10.01.2024;Gümüşhane Çarşı;M-00190;Zeynep Yılmaz;K;24;2000;Köse;Kuşburnu Marmelatı;1;135,00;135,00;136,35;Nakit;;;11,4;
102239;1;16.06.2025;Gümüşhane Çarşı;;-;E;;;;Köme;1;445,00;445,00;449,45;Nakıt;bilinmiyor;;20,6;
102239;2;16.06.2025;Gümüşhane Çarşı;0;-;Kadın;;;;Yayla Balı;1;1050,00;1.050,00;1.060,50;kk;4;;19,0;
102239;3;2025-06-16;Gümüşhane Çarşı;;misafir müşteri;;;;merkez;Pestil-Köme Karma;2;1.155,00;2310,00;2333,10;Kart;İyi;;25,5;
102240;1;04.09.2025;Gümüşhane Çarşı;739;Elif Gümüş;Kadın;55;1970;Kürtün;Kuşburnu Marmelatı;1;230,00;230,00;232,30;Kredi Kartı;yok;Bronz;20,2;
102240;2;04.09.2025;Gümüşhane Çarşı;M-00739;ELİF GÜMÜŞ;Bayan;55;1970;Kürtün;Fındıklı Köme;1;445,00;445,00;449,45;kk;5;bronz;21,4;
102241;1;17.08.2025 19:05;Gümüşhane Çarşı;M-00501;Emine Erdoğan;k;32;1993;Gurbet - Samsun;Dut Pekmezi;4;370,00;1480,00;1494,80;Kart;Çok İyi;Gümüş;20,6;
102242;1;05.04.2024 18:55;Gümüşhane Çarşı;MİSAFİR;Misafir;E;;;;Kuşburnu Marmelatı;1;140,00;140,00;141,40;nakit;-;;14,0;
102242;2;05.04.2024 12:10;Gümüşhane Çarşı;0;-;E;;;?;cevizli pestil;1;260,00;260,00;262,60;POS;Çok İyi;;12,6;
102245;1;4 Eylül 2025;Gümüşhane Çarşı;M-00624;Yusuf Akgün;e;54;1971;Merkez ;Dut Pestili;2;305,00;610,00;616,10;nakit;;-;19,3;
102248;1;25.01.2025;Gümüşhane Çarşı;M-00811;Zeynep Çelik;K;70;1955;Torul ;Kome;1;390,00;390,00;393,90;kk;orta;Gümüş;9,6;
102249;1;16.07.2025;Gümüşhane Çarşı;M-00242;FATMA BULUT;K;62;1963;Kelkit;Dut Pestili;3;295,00;885,00;893,85;nakit;i̇yi;Bronz;24,0;
102249;2;16.07.2025;Gümüşhane Çarşı;M-00242;Fatma Bulut;Kadın;62;1963;Kelkit;Karma Paket;1;1160,00;1.160,00;1171,60;Nakıt;yok;Bronz;23,6;
102250;1;17.08.2024;Gümüşhane Çarşı;MİSAFİR;-;E;;;;Köme;2;355,00;710,00;717,10;kk;-;;22,5;
102252;1;04/09/24;Gümüşhane Çarşı;MİSAFİR;misafir müşteri;Erkek;;;merkez;Yayla Balı;13;800,00;10400,00;10.504,00;K.Kartı;4;;21,0;toptan, lokanta
102252;2;04/09/24;Gümüşhane Çarşı;0;misafir müşteri;Kadın;;;merkez;Cevizli Pestil;25;295,00;7.375,00;7448,75;kk;Kotu;;24,3;Toptan (otel)
102253;1;18.04.2024;Gümüşhane Çarşı;MİSAFİR;misafir müşteri;Erkek;;;;Köme;3;310,00;930,00;939,30;Kredi Kartı;-;;14,7;
102256;1;30/01/24;Gümüşhane Çarşı;M-00497;Murat Tekin;E;39;1985;Merkez;Pestil-Köme Karma;1;720,00;720,00;727,20;K.Kartı;bilinmiyor;Bronz;10,2;
102256;2;30/01/24;Gümüşhane Çarşı;M-00497;Murat Tekin;;39;1985;Merkez;KÖME;1;285,00;285,00;287,85;KREDİ KARTI;yok;Bronz;250,0;
102256;3;30.01.2024;Gümüşhane Çarşı;497;Murat Tekin;E;1;1985;Merkez;Ceviz İçi;2;450,00;900,00;909,00;Kart;4;Bronz;-;
102259;1;17.07.2025;Gümüşhane Çarşı;M-00513;ERCAN KILIÇ;Erkek;21;2004;Kürtün;Eriste;1;155,00;155,00;156,55;NAKİT;?;Bronz;21,5;
102259;2;17.07.2025;Gümüşhane Çarşı;M-00513;Ercan Kılıç;E;21;2004;Kürtün;Karma Paket;2;1.200,00;2400,00;2424,00;K.Kartı;bilinmiyor;Bronz;NA;
102259;3;17.07.2025;Gümüşhane Çarşı;M-00513;ERCAN KILIÇ;E;21;2004;KÜRTÜN;Yayla Balı;2;1065,00;2.130,00;2.151,30;kk;bilinmiyor;Bronz;23,5;
102261;1;19.09.2024;Gümüşhane Çarşı;M-00367;Ayşe Aydın;;46;1978;merkez;Kuşburnu Marmelatı;6;165,00;990,00;999,90;K.Kartı;bilinmiyor;BRONZ;18,4;
102261;2;19.09.2024;Gümüşhane Çarşı;M-00367;Ayşe Aydın;K;46;1978;Merkez;Fındıklı Köme;2;325,00;650,00;656,50;EFT;Kotu;Bronz;21,2;
102261;3;19/09/24;Gümüşhane Çarşı;M-00367;Ayşe  Aydın ;K;46;1978;Merkez;Dut Pekmezi;4;280,00;1.120,00;1131,20;Kart;;Bronz;17,6;
102264;1;2025-06-12;Gümüşhane Çarşı;M-00749;Süleyman Uzun;Erkek;35;1990;KÜRTÜN;Pestil-Köme Karma;1;1.130,00;1130,00;1141,30;Kart;Çok İyi;Bronz;22,6;
102264;2;12 Haziran 2025;Gümüşhane Çarşı;M-00749;Süleyman Uzun;;35;1990;KÜRTÜN;Fındıklı sucuk;1;415,00;415,00;419,15;Nakıt;İyi;Bronz;23,5;
102264;3;12.06.2025;Gümüşhane Çarşı;M-00749;SÜLEYMAN UZUN;E;35;1990;Kürtün;kuru dut;1;26.500,00;265,00;267,65;POS;;Bronz;23,4;
102266;1;2025-06-05;Gümüşhane Çarşı;M-00069;Kübra  Erdoğan ;K;45;1985;KELKİT;Dut Pestili;3;295,00;885,00;893,85;Kart;;Gümüş;20,5;
102268;1;13 Eylül 2025;Gümüşhane Çarşı;M-00890;Zeki  Polat ;E;40;1994;Kelkit;Köme;2;500,00;1.000,00;1.010,00;Kart;Iyi;;23,1;
102271;1;2024-10-09;Gümüşhane Çarşı;M-00314;Kadir Aydın;Erkek;28;1996;Merkez;dut pestil;13;225,00;2.925,00;2954,25;Nakıt;?;BRONZ;14,2;toptan, lokanta
102272;1;29.01.2025 15:23;Gümüşhane Çarşı;M-00190;ZEYNEP YILMAZ;Kadın;25;2026;Köse;Ceviz İçi;5;630,00;3150,00;3181,50;K.Kartı;;Gümüş;9,6;
102273;1;2025-05-31;Gümüşhane Çarşı;-;Misafir;;;;Merkez;Dut Pestili;2;285,00;570,00;575,70;Nakit;;;yok;
102274;1;26.11.2024;Gümüşhane Çarşı;0;-;Kadın;;;?;Fındıklı Köme;1;330,00;330,00;333,30;Kart;ORTA;;10,5;
102277;1;06.04.2025;Gümüşhane Çarşı;M-00515;Hüseyin Özdemir;Erkek;57;1968;Merkez;Kuşburnu Marmelatı;1;205,00;205,00;207,05;Nakıt;Çok İyi;;15,2;
102278;1;08.06.2024;Gümüşhane Çarşı;M-00449;Hasan Coşkun;e;35;1989;Torul;Yayla Balı;6;735,00;4410,00;4454,10;KREDİ KARTI;İYİ;-;20,0;hediye paketi
102278;2;08.06.2024;Gümüşhane Çarşı;M-00449;Hasan Coşkun;Erkek;35;1989;TORUL;kusburnu marmelat;2;150,00;300,00;303,00;POS;Çok İyi;Bronz;22,0;
102279;1;27.04.2025;Gümüşhane Çarşı;M-00603;HASAN ÖZTÜRK;Erkek;NA;1951;şiran;Karma Paket;1;1100,00;1.100,00;1111,00;kk;Iyi;NA;16,4;
102280;1;2024-12-14;Gümüşhane Çarşı;;-;E;;;;dut pestil;2;240,00;480,00;484,80;kk;bilinmiyor;;9,6;
102283;1;2024-03-22;Gümüşhane Çarşı;0;Misafir;;;;?;Ev Eriştesi;5;95,00;475,00;479,75;NAKİT;İyi;;14,9;
102283;2;22/03/24;Gümüşhane Çarşı;;;Kadın;;;?;Fındıklı Köme;1;275,00;275,00;277,75;Kredi Kartı;bilinmiyor;;12,6;
102283;2;22/03/24;Gümüşhane Çarşı;;;Kadın;;;?;Fındıklı Köme;1;275,00;275,00;277,75;Kredi Kartı;bilinmiyor;;12,6;
102284;1;2024-03-15;Gümüşhane Çarşı;M-00290;BURAK COŞKUN;;57;1976;Kose;Cevizli Sucuk;1;300,00;300,00;303,00;Kart;5;Bronz;13,2;
102285;1;22.06.2025;Gümüşhane Çarşı;M-00272;EMİNE ŞİMŞEK;;31;1994;Merkez;Cevizli Pestil;1;385,00;385,00;388,85;Kart;İyi;Gümüş;22,5;Almanya'ya gidecek
102285;1;22.06.2025;Gümüşhane Çarşı;M-00272;EMİNE ŞİMŞEK;;31;1994;Merkez;Cevizli Pestil;1;385,00;385,00;388,85;Kart;İyi;Gümüş;22,5;Almanya'ya gidecek
102288;1;11.11.2024;Gümüşhane Çarşı;0;Misafir;E;;;?;kuru dut;3;215,00;645,00;651,45;POS;;;13,0;İstanbul'a götürülecek
102288;2;11.11.2024 10:55;Gümüşhane Çarşı;MİSAFİR;;;;;?;Kuşburnu Marmelatı;3;170,00;510,00;515,10;KREDİ KARTI;;;14,5;
102288;2;11.11.2024 10:55;Gümüşhane Çarşı;MİSAFİR;;;;;?;Kuşburnu Marmelatı;3;170,00;510,00;515,10;KREDİ KARTI;;;14,5;
102290;1;14 Mayıs 2024;Gümüşhane Çarşı;M-00725;Emre Kara;E;78;1946;Torul;Eriste;1;105,00;105,00;106,05;KREDİ KARTI;?;Bronz;20,1;
102290;2;14.05.2024;Gümüşhane Çarşı;M-00725;Emre Kara;E;78;1946;Torul;Dut Pestili;1;210,00;210,00;212,10;NAKİT;3;Bronz;19,1;
102291;1;24/07/24;Gümüşhane Çarşı;M-00511;ELİF ALTUN;K;22;2002;Merkez;Kuru Dut;2;190,00;200,00;383,80;kk;Cok Iyi;Bronz;23,3;
102293;1;2025-09-13;Gümüşhane Çarşı;;misafir müşteri;E;;;Merkez;Dut pekmezi 1 kg;1;380,00;380,00;383,80;K.Kartı;çok i̇yi;;22,2;
102293;2;2025-09-13;Gümüşhane Çarşı;MİSAFİR;-;Erkek;;;;Karma Paket;1;1.245,00;1245,00;1257,45;kk;Çok İyi;;20,8;
102295;1;27.02.2024;Gümüşhane Çarşı;M-00369;ZEYNEP GÜLER;K;77;1935;Merkez;ceviz;4;475,00;1.900,00;1919,00;Kredi Kartı;Iyi;Gumus;9,4;
102295;2;27.02.2024;Gümüşhane Çarşı;M-00369;Zeynep Guler;k;77;1947;Merkez;Köme;2;295,00;590,00;595,90;K.Kartı;yok;Gümüş;9,7;hediye paketi
102298;1;2024-02-07;Gümüşhane Çarşı;M-00481;Hanife Erdoğan;K;79;1945;Merkez;Kuşburnu Marmelatı;3;135,00;405,00;409,05;NAKİT;NA;Gümüş;8,7;
102300;1;13.01.2025;Gümüşhane Çarşı;M-00658;Emine Kara;K;52;1973;Merkez;Kuşburnu Marmelatı;4;180,00;720,00;727,20;K.Kartı;bilinmiyor;Gümüş;9,2;
102300;2;2025-01-13;Gümüşhane Çarşı;M-00658;EMİNE KARA;K;52;1973;Gümüşhane Merkez;Pestil (cevizli);3;340,00;1020,00;1030,20;NAKİT;yok;;11,3;
102301;1;2025-08-12;Gümüşhane Çarşı;-;Misafir;Erkek;;;;cevizli pestil;6;415,00;2490,00;2514,90;Nakıt;?;;24,1;
102302;1;05.08.2024;Gümüşhane Çarşı;M-00750;Ercan Öztürk;;21;2003;Kürtun;Ceviz İçi;3;535,00;1605,00;1.621,05;Nakıt;5;Altın;bilinmiyor;
102302;2;05.08.2024;Gümüşhane Çarşı;M-00750;Ercan Öztürk;E;21;2003;Kurtun;Karma Paket;1;860,00;1725,00;868,60;kk;5;Altın;23,2;
102305;1;30 Ekim 2024;Gümüşhane Çarşı;0;Misafir;E;;;merkez;Eriste;4;120,00;480,00;484,80;Kredi Kartı;bilinmiyor;;14,8;
102305;2;2024-10-30;Gümüşhane Çarşı;-;Misafir;K;;;;ceviz;1;580,00;580,00;585,80;Nakit;4;;16,9;
102305;3;2024-10-30;Gümüşhane Çarşı;MİSAFİR;Misafir;K;;;Merkez;Kuşburnu Marmelatı;2;175,00;350,00;353,50;NAKİT;Orta;;13,6;
102307;1;8 Ekim 2024;Gümüşhane Çarşı;816;Nermin Şimşek;K;42;1982;Kürtün;Dut Pekmezi;1;280,00;280,00;282,80;Havale/EFT;yok;Bronz;17,1;
102310;1;21/07/24;Gümüşhane Çarşı;M-00486;Songül  Kurt ;Kadın;67;1957;ANTALYA;Kuru Dut;1;195,00;195,00;196,95;Kart;İYİ;Bronz;22,0;
102312;1;18.06.2025;Gümüşhane Çarşı;M-00318;Sevgi Coşkun;K;31;1994;Şiran;pestil;1;295,00;295,00;297,95;Kart;İyi;Gümüş;21,1;
102313;1;09.04.2024;Gümüşhane Çarşı;M-00679;Esra Yıldız;Kadın;NA;1949;Kelkit;Dut Pekmezi;2;240,00;480,00;484,80;POS;İyi;Gümüş;16,9;
102313;2;9 Nisan 2024;Gümüşhane Çarşı;M-00679;Esra Yıldız;K;75;1949;KELKİT;Kuru Dut;1;170,00;170,00;171,70;NAKİT;-;Gümüş;17,6;
102315;1;17.05.2025;Gümüşhane Çarşı;659;Enes Kurt;E;79;1946;ŞİRAN;pestil;3;275,00;825,00;833,25;Nakıt;İYİ;bronz;15,5;
102318;1;27.03.2025;Gümüşhane Çarşı;M-00247;Hülya Aslan;k;43;1982;Kelkit;KÖME;1;410,00;410,00;414,10;Nakit;-;Bronz;13,6;
102318;2;2025-03-27;Gümüşhane Çarşı;M-00247;Hülya Aslan;K;43;1997;Kelkit;Kuşburnu;2;200,00;400,00;404,00;NAKİT;Iyi;Bronz;14,4;
102321;1;06.12.2024;Gümüşhane Çarşı;;-;;;;Merkez;Ceviz İçi;1;605,00;605,00;611,05;KREDİ KARTI;;;12,7;
102324;1;2025-05-20;Gümüşhane Çarşı;M-00086;Ahmet  Özdemir ;E;68;1957;Merkez;Kuru Dut;1;255,00;255,00;257,55;K.Kartı;4;yok;17,6;
102324;2;20.05.2025;Gümüşhane Çarşı;M-00086;Ahmet Özdemir;E;68;1957;Merkez;Fındıklı sucuk;1;390,00;390,00;393,90;kk;bilinmiyor;Bronz;20,7;
102327;1;19.11.2024;Gümüşhane Çarşı;MİSAFİR;Misafir;K;;;;Dut Pekmezi;1;295,00;295,00;297,95;?;Çok İyi;;11,7;bayram siparişi
102327;2;19.11.2024;Gümüşhane Çarşı;;Misafir;Erkek;;;;Pestil 500gr;1;240,00;240,00;242,40;Nakit;İyi;;10,7;bayram siparişi
102329;1;09/07/25;Gümüşhane Çarşı;M-00544;Zeki Yıldız;E;74;1939;Köse;Köme;5;475,00;2375,00;2398,75;NAKİT;Çok İyi;Bronz;22,3;
102329;2;09.07.2025;Gümüşhane Çarşı;M-00544;ZEKİ YILDIZ;E;74;1951;Köse;Ev Eriştesi;1;150,00;150,00;151,50;Nakıt;5;Bronz;23,9;
102330;1;21.09.2025;Gümüşhane Çarşı;MİSAFİR;Misafir;Erkek;;;;Karma Paket;1;1265,00;1265,00;1277,65;KREDİ KARTI;-;;20,5;
102329;2;09.07.2025;Gümüşhane Çarşı;M-00544;ZEKİ YILDIZ;E;74;1951;Köse;Ev Eriştesi;1;150,00;150,00;151,50;Nakıt;5;Bronz;23,9;
102332;1;20/02/24;Gümüşhane Çarşı;M-00589;Murat Keskin;E;21;2003;Köse;pekmez;1;235,00;235,00;237,35;Nakıt;NA;Bronz;10,6;
102335;1;2024-08-14;Gümüşhane Çarşı;M-00854;Ömer Ekinci;E;60;1964;Merkez;Cevizli Pestil;2;290,00;580,00;585,80;Havale;3;Altın;22,0;
102335;2;14.08.2024;Gümüşhane Çarşı;M-00854;ÖMER EKİNCİ;E;60;1964;Kürtün;Kuşburnu Marmelatı;1;165,00;165,00;166,65;Havale/EFT;İyi;Altin;21,1;
102338;1;2024-08-29;Gümüşhane Çarşı;M-00464;Hanife Kaya;K;64;1960;İstanbul;Pestil (cevizli);2;305,00;610,00;616,10;KREDİ KARTI;ORTA;Bronz;23,7;
102340;1;2024-06-03;Gümüşhane Çarşı;M-00368;EMİNE KAYA;;38;1986;Torul;Yayla Balı;2;745,00;1490,00;1504,90;POS;5;-;17,7;tadım yaptı
102343;1;2024-02-13;Gümüşhane Çarşı;M-00105;Derya Özdemir;;36;1988;Şiran;Karma Paket;1;735,00;735,00;742,35;nakit;Çok İyi;Bronz;9,1;
102343;2;2024-02-13;Gümüşhane Çarşı;M-00105;DERYA ÖZDEMİR;K;36;1988;Şiran;Kuru Dut;2;160,00;320,00;323,20;Nakıt;Çok İyi;Bronz;10,6;
102343;3;13/02/24;Gümüşhane Çarşı;M-00105;Derya Özdemir;K;36;1988;Şiran;findikli kome;2;260,00;520,00;525,20;K.Kartı;ÇOK İYİ;Bronz;10,9;
102345;1;08.03.2025;Gümüşhane Çarşı;M-00876;Yusuf Polat;E;;1950;Merkez;Kuşburnu Marmelatı;6;bilinmiyor;1140,00;1.151,40;KREDİ KARTI;?;Gümüş;11,1;
102348;1;2024-12-13;Gümüşhane Çarşı;M-00576;AHMET KILIÇ;Erkek;25;1999;Kose;Karma Paket;2;960,00;1920,00;1.939,20;Havale;4;;10,8;
102348;2;13.12.2024;Gümüşhane Çarşı;M-00576;Ahmet Kılıç;;25;1999;Köse;Yayla Balı;1;915,00;915,00;924,15;nakit;4;Bronz;8,6;yurt dışı - valizde
102351;1;16.10.2024;Gümüşhane Çarşı;;Misafir;;;;;Fındıklı Köme;2;325,00;650,00;656,50;havale;Iyi;;17,8;
102351;2;16.10.2024;Gümüşhane Çarşı;;Misafir;K;;;;Ev Eriştesi;1;115,00;115,00;116,15;NAKİT;Çok İyi;;16,1;
102354;1;25 Ağustos 2025;Gümüşhane Çarşı;M-00012;Yusuf Aslan;E;26;1999;Merkez;Köme;4;485,00;1.940,00;1959,40;Nakıt;İYİ;Bronz;22,7;
102354;2;25.08.2025;Gümüşhane Çarşı;M-00012;Yusuf Aslan;e;26;1999;Merkez;Kuşburnu;1;225,00;225,00;227,25;Nakit;İyi;Bronz;22,5;
102354;3;2025-08-25;Gümüşhane Çarşı;M-00012;Yusuf Aslan;E;26;1999;Merkez;Cevizli Pestil;1;410,00;410,00;414,10;Havale;Çok İyi;bronz;21,5;
102356;1;29/08/25;Gümüşhane Çarşı;M-00518;Derya Erdoğan;K;46;1979;Kelkit;Cevizli Pestil;1;415,00;415,00;419,15;?;i̇yi;;22,4;
102356;2;29/08/25;Gümüşhane Çarşı;M-00518;Derya Erdoğan;;46;1979;Kelkit;pekmez;3;380,00;1140,00;1151,40;kk;İyi;Gümüş;21,9;
102359;1;2024-03-14;Gümüşhane Çarşı;M-00452;Elif Karataş;K;34;1990;Merkez;Cevizli Pestil;1;255,00;255,00;257,55;nakit;5;;13,3;
102361;1;26.07.2025;Gümüşhane Çarşı;M-00875;Hasan Akgün;E;45;1980;Merkez;Cevizli Pestil;4;400,00;1600,00;1616,00;K.Kartı;Cok Iyi;Bronz;25,9;
102362;1;12.07.2025;Gümüşhane Çarşı;M-00444;SÜLEYMAN DOĞAN;Bay;24;2001;Merkez;Kuşburnu;1;220,00;220,00;222,20;Kredi Kartı;bilinmiyor;bronz;22,6;
102363;1;8 Nisan 2024;Gümüşhane Çarşı;M-00472;Yaşar Aydın;E;71;1953;Merkez;Dut Pekmezi;4;235,00;940,00;949,40;KREDİ KARTI;;Altın;14,2;bayram siparişi
102364;1;2024-04-14;Gümüşhane Çarşı;0;Misafir;Kadın;;;;Cevizli Pestil;5;265,00;1325,00;1338,25;;;;15,3;
102362;1;12.07.2025;Gümüşhane Çarşı;M-00444;SÜLEYMAN DOĞAN;Bay;24;2001;Merkez;Kuşburnu;1;220,00;220,00;222,20;Kredi Kartı;bilinmiyor;bronz;22,6;
;;;Gümüşhane Çarşı;;;;;;;;;;;;;;;;
102366;1;27 Ocak 2025;Gümüşhane Çarşı;-;Misafir;;;;Merkez;Dut Pestili;2;260,00;520,00;525,20;K.Kartı;5;;8,6;
102369;1;09.11.2024;Gümüşhane Çarşı;M-00226;Esra Özdemir;;62;1962;Merkez;Dut Pestili;1;245,00;245,00;247,45;havale;;Gümüş;12,8;
102369;2;09/11/24;Gümüşhane Çarşı;M-00226;Esra Özdemir;K;62;1962;Merkez ;Karma Paket;2;915,00;1.830,00;1848,30;Nakıt;;gümüş;13,2;
102372;1;6 Ocak 2025;Gümüşhane Çarşı;M-00875;Hasan Akgün;e;45;1980;Merkez;Dut Pestili;2;245,00;490,00;494,90;KREDİ KARTI;İyi;Bronz;7,2;
102373;1;2025-02-25;Gümüşhane Çarşı;;misafir müşteri;K;;;?;findikli kome;1;360,00;360,00;363,60;kk;Orta;;8,0;
102374;1;11.07.2025;Gümüşhane Çarşı;M-00114;Ercan Topal;E;41;1984;Kürtün;Dut Pestili;2;290,00;580,00;585,80;K.Kartı;bilinmiyor;Bronz;23,9;
102377;1;07.06.2024;Gümüşhane Çarşı;MİSAFİR;Misafir;K;;;merkez;Kome;2;330,00;660,00;666,60;nakit;;;21,9;
102377;2;2024-06-07;Gümüşhane Çarşı;0;;K;;;?;Kuru Dut;1;185,00;185,00;186,85;NAKİT;yok;;19,5;
102380;1;2 Ocak 2025;Gümüşhane Çarşı;M-00266;Kemal Koç;;74;1951;Torul;Cevizli Pestil;5;330,00;1.650,00;1666,50;Kart;Orta;Bronz;9,9;
102380;2;02.01.2025;Gümüşhane Çarşı;M-00266;Kemal Koç;E;74;1951;Torul ;Kuru Dut;2;225,00;450,00;454,50;Nakit;Çok İyi;Bronz;12,6;
102381;1;24.07.2024 15:47;Gümüşhane Çarşı;M-00840;Süleyman Çetin;Erkek;30;1994;Merkez;köme 500gr;2;335,00;670,00;676,70;kk;bilinmiyor;Gumus;24,2;
102381;2;2024-07-24;Gümüşhane Çarşı;M-00840;Süleyman Çetin;Bay;30;1994;Merkez;Kuru Dut;2;190,00;380,00;383,80;kk;İyi;Gümüş;22,2;
102382;1;2024-10-10;Gümüşhane Çarşı;16;Kemal Polat;E;55;1969;Kelkit;Köme;6;355,00;2.130,00;2151,30;Nakit;İyi;Bronz;19,7;
102382;2;10.10.2024 15:58;Gümüşhane Çarşı;M-00016;KEMAL POLAT;Erkek;55;1962;Kelkıt;Kuru Dut;4;210,00;840,00;848,40;nakit;Çok İyi;Bronz;15,2;
102382;3;10.10.2024 15:33;Gümüşhane Çarşı;M-00016;Kemal Polat;Erkek;55;1969;Kelkıt;pestil;5;235,00;1175,00;1186,75;Kredi Kartı;İyi;?;18,0;
102383;1;2024-07-01;Gümüşhane Çarşı;M-00733;MEHMET YILMAZ;Erkek;56;1968;Merkez;Dut Pestili;2;210,00;420,00;424,20;nakit;5;Gümüş;21,4;
102383;2;01.07.2024;Gümüşhane Çarşı;M-00733;MEHMET YILMAZ;E;56;1968;Merkez;Bal 850gr;3;785,00;2355,00;2378,55;K.Kartı;İyi;Gumus;22,5;
102383;3;2024-07-01;Gümüşhane Çarşı;M-00733;Mehmet Yılmaz;E;56;1968;Merkez;Kuşburnu Marmelatı;1;150,00;135,00;151,50;nakit;İyi;Gümüş;21,6;
102385;1;14 Ağustos 2024;Gümüşhane Çarşı;M-00685;Ömer Çetin;Erkek;75;1949;İzmir;cevizli pestil;1;290,00;290,00;292,90;Kart;Çok İyi;Bronz;21,3;
102385;2;14 Ağustos 2024;Gümüşhane Çarşı;M-00685;Ömer Çetin;E;75;1949;Gurbet - İzmir;Fındıklı Köme;3;310,00;930,00;939,30;KREDİ KARTI;İyi;BRONZ;22,7;
102387;1;2024-12-03;Gümüşhane Çarşı;M-00191;Ali Akgün;Erkek;22;2002;köse;Kuşburnu Marmelatı;1;175,00;175,00;176,75;Nakıt;Cok Kotu;Bronz;15,2;
102387;2;03.12.2024;Gümüşhane Çarşı;M-00191;ALİ AKGÜN;E;22;2002;Köse;Kuru Dut;999;225,00;1.350,00;1363,50;KREDİ KARTI;Orta;BRONZ;11,5;
102389;1;31.08.2024;Gümüşhane Çarşı;0;misafir müşteri;;;;merkez;Dut Pestili;1;225,00;225,00;227,25;POS;çok i̇yi;;21,4;
102391;1;10.07.2025;Gümüşhane Çarşı;M-00493;Hatice Uzun;;55;1970;Gurbet - İzmir;ceviz;2;750,00;1500,00;1515,00;K.Kartı;-;Gümüş;;
102391;2;2025-07-10;Gümüşhane Çarşı;M-00493;Hatice  Uzun ;Kadın;55;1970;İzmir (gurbetçi);Cevizli Pestil;1;400,00;400,00;404,00;K.Kartı;İyi;Gümüş;20,5;
102387;2;03.12.2024;Gümüşhane Çarşı;M-00191;ALİ AKGÜN;E;22;2002;Köse;Kuru Dut;999;225,00;1.350,00;1363,50;KREDİ KARTI;Orta;BRONZ;11,5;
102392;1;2024-12-19;Gümüşhane Çarşı;-;Misafir;E;;;Merkez;Dut Pestili;2;250,00;500,00;505,00;Kredi Kartı;i̇yi;;12,0;
102392;2;19.12.2024;Gümüşhane Çarşı;;misafir müşteri;;;;Merkez;Fındıklı Köme;2;340,00;680,00;686,80;nakit;çok i̇yi;;12,3;
102395;1;01.04.2025;Gümüşhane Çarşı;M-00232;HATİCE AYDIN;Bayan;67;1958;Köse;cevizli pestil;3;365,00;1095,00;1105,95;Havale;NA;Gumus;12,1;
102392;2;19.12.2024;Gümüşhane Çarşı;;misafir müşteri;;;;Merkez;Fındıklı Köme;2;340,00;680,00;686,80;nakit;çok i̇yi;;12,3;
102395;2;2025-04-01;Gümüşhane Çarşı;M-00232;Hatice Aydın;K;67;1958;Köse;Dut Pestili;1;275,00;275,00;277,75;Kart;yok;Gumus;13,9;
102395;3;01.04.2025;Gümüşhane Çarşı;M-00232;Hatice Aydın;K;67;1958;Köse;Kuru Dut;5;240,00;1.200,00;1212,00;Kredi Kartı;ÇOK İYİ;Gümüş;15,5;yarısı sonra ödenecek
102398;1;2 Ağustos 2024;Gümüşhane Çarşı;286;Emine Tekin;Kadın;50;1974;Merkez;Dut (kuru);1;195,00;195,00;196,95;Nakit;çok i̇yi;Bronz;23,7;
102398;2;02.08.2024;Gümüşhane Çarşı;286;Emine Tekin;K;50;1974;GÜMÜŞHANE;Ceviz ici;2;545,00;1090,00;1.100,90;KREDİ KARTI;NA;BRONZ;25,8;
102398;3;02.08.2024;Gümüşhane Çarşı;286;Emine Tekin;;50;1974;Merkez;Kuşburnu Marmelatı;2;160,00;320,00;323,20;Kart;?;Bronz;24,6;
102401;1;4 Kasım 2024;Gümüşhane Çarşı;M-00380;Ömer Yılmaz;Bay;66;1958;Şiran;Kuşburnu Marmelatı;2;165,00;330,00;333,30;Kart;Orta;?;13,6;askere gidecek
102404;1;01/03/24;Gümüşhane Çarşı;M-00670;SÜLEYMAN ÇETİN;E;39;1985;Torul;Dut Pestili;1;195,00;195,00;196,95;Nakit;;bronz;7,1;İstanbul'a götürülecek
102404;2;01.03.2024;Gümüşhane Çarşı;M-00670;Süleyman Çetin;E;39;1985;Torul;Fındıklı Köme;2;;540,00;545,40;nakit;bilinmiyor;Bronz;11,7;
102404;3;01.03.2024;Gümüşhane Çarşı;M-00670;Süleyman Çetin;Erkek;39;1985;Torul;Kuru Dut;3;170,00;510,00;515,10;Havale;İyi;Bronz;7,7;
102405;1;2024-11-25;Gümüşhane Çarşı;-;misafir müşteri;K;;;merkez;Bal 850gr;3;890,00;2670,00;2696,70;K.Kartı;Çok İyi;;11,6;
102405;2;25.11.2024;Gümüşhane Çarşı;MİSAFİR;Misafir;E;;;?;kuru dut;2;210,00;420,00;424,20;KREDİ KARTI;?;;11,1;
102407;1;31.07.2024;Gümüşhane Çarşı;MİSAFİR;-;;;;;kuru dut;1;190,00;190,00;191,90;POS;ÇOK İYİ;;23,7;
102409;1;;Gümüşhane Çarşı;M-00816;Nermin Şimşek;K;42;1982;Kürtün;Dut (kuru);2;170,00;340,00;343,40;kk;yok;Bronz;9,1;
102410;1;2024-06-18;Gümüşhane Çarşı;M-00043;Kadir Kılıç;E;71;1953;Merkez ;Ev Eriştesi;1;105,00;105,00;106,05;Kart;-;Bronz;22,6;
102410;2;18.06.2024;Gümüşhane Çarşı;43;Kadir Kılıç;E;;1953;Merkez;Ceviz İçi;3;525,00;1575,00;1590,75;POS;-;Bronz;-;
102413;1;28.08.2025;Gümüşhane Çarşı;M-00388;Aysel  Özdemir ;;48;1977;Kelkit ;Kuşburnu Marmelatı;5;225,00;1125,00;1136,25;kk;çok i̇yi;-;20,7;
102415;1;06.07.2025;Gümüşhane Çarşı;MİSAFİR;-;;;;merkez;Cevizli Pestil;5;395,00;1975,00;1994,75;havale;Cok Iyi;;21,4;veresiye
102415;2;06.07.2025;Gümüşhane Çarşı;;-;Kadın;;;?;ceviz;1;725,00;725,00;732,25;kk;1;;23,5;
102415;3;2025-07-06;Gümüşhane Çarşı;-;;Erkek;;;?;Kuşburnu Marmelatı;3;220,00;660,00;666,60;kk;bilinmiyor;;21,8;
102418;1;25.01.2025;Gümüşhane Çarşı;M-00544;Zeki Yıldız;E;74;1951;Köse;Dut Pestili;1;265,00;265,00;267,65;KREDİ KARTI;4;Bronz;9,1;
102420;1;05.04.2025;Gümüşhane Çarşı;M-00687;Şerife Akgün;Kadın;65;1960;GÜMÜŞHANE;Yayla Balı;1;1005,00;1005,00;1.015,05;K.Kartı;çok i̇yi;Gümüş;13,3;
102421;1;;Gümüşhane Çarşı;M-00012;Yusuf Aslan;E;25;1999;Merkez;Dut Pestili;1;200,00;200,00;202,00;Nakit;;Bronz;13,9;
102421;2;2024-04-08;Gümüşhane Çarşı;M-00012;Yusuf Aslan;E;25;1999;GÜMÜŞHANE;Ceviz İçi;1;480,00;480,00;484,80;Nakıt;İyi;;14,8;askere gidecek
102424;1;11.01.2025;Gümüşhane Çarşı;M-00448;Murat Şimşek;E;43;1982;Merkez;Cevizli Pestil;1;345,00;345,00;348,45;nakit;bilinmiyor;Bronz;9,1;
102427;1;16.03.2024;Gümüşhane Çarşı;M-00227;Recep Çelik;E;58;1966;merkez;Dut Pestili;1;195,00;195,00;196,95;havale;NA;Gümüş;12,5;
102429;1;30.08.2024;Gümüşhane Çarşı;M-00129;Yusuf Kaya;E;58;1966;Kelkit;bal;4;825,00;3300,00;3333,00;Nakit;Çok İyi;Bronz;19,8;
102432;1;17.06.2025;Gümüşhane Çarşı;M-00505;Büşra Bulut;Kadın;24;2001;TORUL;Kuşburnu Marmelatı;4;215,00;860,00;868,60;Nakıt;-;Bronz;20,9;
102432;2;17.06.2025 10:54;Gümüşhane Çarşı;M-00505;Büşra Bulut;K;24;2001;Torul;Cevizli sucuk (köme);1;455,00;455,00;459,55;-;İyi;Bronz;21,9;
102432;3;17.06.2025;Gümüşhane Çarşı;M-00505;Büşra Bulut;;24;2001;Torul;Dut Pestili;1;290,00;290,00;292,90;POS;Çok İyi;Bronz;21,6;
102434;1;27.07.2024;Gümüşhane Çarşı;111;Ahmet Yıldız;E;51;1973;TORUL;Yayla Balı;4;810,00;3240,00;3272,40;NAKİT;i̇yi;Bronz;24,0;
102434;2;27 Temmuz 2024;Gümüşhane Çarşı;M-00111;AHMET YILDIZ;E;51;1973;Torul;Fındıklı Köme;1;305,00;305,00;308,05;EFT;yok;yok;19,8;
102434;3;27.07.2024;Gümüşhane Çarşı;M-00111;Ahmet Yıldız;E;51;1973;Torul;cevizli pestil;2;285,00;570,00;575,70;Nakıt;NA;BRONZ;22,7;
102435;1;03.11.2024;Gümüşhane Çarşı;358;Meryem Öztürk;Bayan;73;1951;Merkez;pekmez;1;295,00;295,00;297,95;KREDİ KARTI;Orta;Bronz;13,9;
102436;1;15.04.2024;Gümüşhane Çarşı;;Misafir;E;;;merkez;Dut Pekmezi;1;245,00;245,00;247,45;K.Kartı;3;;14,9;
102439;1;17/10/24;Gümüşhane Çarşı;M-00126;YUSUF ŞİMŞEK;E;71;1953;Kelkit;Ev Eriştesi;2;120,00;240,00;242,40;Kart;çok i̇yi;Gümüş;16,4;
102439;2;17 Ekim 2024;Gümüşhane Çarşı;M-00126;Yusuf Şimşek;E;71;1953;Kelkit;Dut Pekmezi;1;280,00;280,00;282,80;POS;?;GÜMÜŞ;16,5;
102441;1;2024-12-07;Gümüşhane Çarşı;;Misafir;;;;merkez;Dut Pestili;1;250,00;250,00;252,50;EFT;Orta;;11,4;
102443;1;2025-09-05;Gümüşhane Çarşı;M-00840;Süleyman Çetin;;31;1994;Merkez;pestil;1;310,00;310,00;313,10;Kart;yok;;20,9;tadım yaptı
102446;1;2024-01-11;Gümüşhane Çarşı;-;Misafir;;;;;Köme;1;285,00;285,00;287,85;kk;Kötü;;9,6;
102448;1;24.12.2024;Gümüşhane Çarşı;M-00346;Ramazan Topal;E;20;2004;TORUL;cevizli pestil;1;340,00;340,00;343,40;Kart;çok i̇yi;Bronz;8,1;paketi sağlam yapın
102448;2;24.12.2024;Gümüşhane Çarşı;M-00346;Ramazan Topal;E;20;2004;Torul ;bal;1;895,00;895,00;903,95;kk;yok;Bronz;9,4;
102448;3;2024-12-24;Gümüşhane Çarşı;M-00346;Ramazan Topal;e;20;2004;TORUL;Dut Pestili;1;255,00;255,00;257,55;Nakıt;çok i̇yi;Bronz;8,6;
102451;1;21.02.2025;Gümüşhane Çarşı;;Misafir;;;;Merkez;KÖME;2;410,00;820,00;828,20;KREDİ KARTI;ÇOK İYİ;;10,0;
102452;1;15/07/24;Gümüşhane Çarşı;M-00173;Derya Aydın;;42;1982;Merkez;Kuşburnu Marmelatı;3;160,00;480,00;484,80;Kredi Kartı;i̇yi;Gümüş;20,9;
102454;1;09.02.2024;Gümüşhane Çarşı;M-00722;Ahmet  Arslan ;Erkek;24;2000;Merkez;Kuşburnu Marmelatı;1;135,00;135,00;136,35;kk;Cok Kotu;GÜMÜŞ;11,6;bayram siparişi
102456;1;;Gümüşhane Çarşı;;Misafir;K;;;merkez;Dut Pestili;1;190,00;190,00;191,90;Kredi Kartı;NA;;12,6;
102457;1;20.12.2024;Gümüşhane Çarşı;0;misafir müşteri;Erkek;;;?;Kuru Dut;2;225,00;450,00;454,50;Havale;İyi;;8,2;
102457;2;2024-12-20;Gümüşhane Çarşı;0;Misafir;;;;?;Cevizli Pestil;5;335,00;1675,00;1691,75;nakit;;;11,5;
102457;2;2024-12-20;Gümüşhane Çarşı;0;Misafir;;;;?;Cevizli Pestil;5;335,00;1675,00;1691,75;nakit;;;11,5;
102457;3;20/12/24;Gümüşhane Çarşı;-;misafir müşteri;;;;Merkez;kusburnu marmelat;6;175,00;1.050,00;1060,50;NAKİT;Çok İyi;;7,1;
102458;1;28.08.2025;Gümüşhane Çarşı;-;misafir müşteri;Erkek;;;?;Fındıklı Köme;5;425,00;2125,00;2146,25;Kredi Kartı;NA;;19,4;
102461;1;09.08.2025;Gümüşhane Çarşı;;Misafir;K;;;?;Cevizli Pestil;5;400,00;2.000,00;2.020,00;havale;;;25,8;
102463;1;18.03.2025;Gümüşhane Çarşı;M-00658;Emine Kara;K;52;1973;Merkez;Pestil 500gr;3;265,00;795,00;802,95;POS;;Gümüş;12,2;
102464;1;04.05.2024;Gümüşhane Çarşı;653;Havva Karataş;k;50;1974;Merkez;Kuşburnu Marmelatı;2;145,00;290,00;292,90;Kredi Kartı;-;Altın;15,6;paketi sağlam yapın
102464;2;04.05.2024;Gümüşhane Çarşı;M-00653;Havva Karataş;Bayan;50;1974;Merkez ;Kuru Dut;1;180,00;180,00;181,80;Kart;;ALTIN;20,5;
102466;1;02.05.2025;Gümüşhane Çarşı;M-00308;Songül Topal;Kadın;60;1965;Merkez;Dut Pestili;1;270,00;270,00;272,70;Nakıt;orta;bilinmiyor;17,7;Almanya'ya gidecek
102466;2;02.05.2025;Gümüşhane Çarşı;M-00308;Songül Topal;K;60;1965;merkez;Ceviz İçi;1;715,00;715,00;722,15;Kart;-;;18,1;
102467;1;16.08.2024;Gümüşhane Çarşı;;Misafir;;;;;Köme;1;350,00;350,00;353,50;K.Kartı;5;;21,6;
102468;1;02.06.2024;Gümüşhane Çarşı;M-00528;Hanife  Polat ;K;68;1956;Gumushane;ceviz;3;510,00;1530,00;1545,30;kk;çok i̇yi;Gümüş;21,5;
102468;2;02.06.2024;Gümüşhane Çarşı;M-00528;Hanife Polat;;68;1956;GÜMÜŞHANE;Köme;5;330,00;1650,00;1666,50;Kart;Çok Kötü;Gümüş;20,7;
102468;3;2024-06-02;Gümüşhane Çarşı;M-00528;HANİFE POLAT;Kadın;68;1949;Merkez;Karma Paket;1;795,00;795,00;802,95;K.Kartı;İyi;Gümüş;20,1;
102470;1;26.03.2025;Gümüşhane Çarşı;637;Kadir Altun;E;47;1978;Merkez;karma pkt;2;1045,00;2090,00;2.110,90;POS;-;Bronz;15,6;
102472;1;06/02/24;Gümüşhane Çarşı;M-00797;KEMAL ÖZDEMİR;E;30;1994;Torul ;Karma Paket;1;710,00;710,00;717,10;K.Kartı;-;?;12,7;
102472;2;2024-02-06;Gümüşhane Çarşı;M-00797;Kemal Özdemir;E;30;1994;Torul;findikli kome;2;260,00;520,00;525,20;nakit;;Bronz;10,7;
102473;1;;Gümüşhane Çarşı;M-00164;Nermin Kurt;k;66;1958;Kelkit;Dut (kuru);1;195,00;195,00;196,95;KREDİ KARTI;?;Gümüş;24,6;
102475;1;26/01/24;Gümüşhane Çarşı;MİSAFİR;;;;;;Bal 850gr;1;675,00;675,00;681,75;Nakıt;bilinmiyor;;9,6;
102475;2;26 Ocak 2024;Gümüşhane Çarşı;;Misafir;Erkek;;;?;Karma Paket;1;715,00;715,00;722,15;kk;yok;;;
102476;1;2024-12-02;Gümüşhane Çarşı;514;İbrahim Kurt;E;28;1996;Kelkit;ceviz;2;620,00;1240,00;1252,40;KREDİ KARTI;Orta;Bronz;12,6;
102476;2;02.12.2024;Gümüşhane Çarşı;M-00514;İbrahim Kurt;E;28;1996;Kelkit;PESTİL;1;240,00;120,00;242,40;POS;yok;-;12,1;
102476;3;02.12.2024;Gümüşhane Çarşı;M-00514;İbrahim Kurt;E;28;1996;Kelkit;Kuru Dut;4;210,00;840,00;848,40;Kart;Kötü;Bronz;8,7;
102479;1;03/07/25;Gümüşhane Çarşı;M-00862;Enes Şimşek;E;27;1998;Merkez;PESTİL;1;295,00;295,00;297,95;kk;bilinmiyor;altın;19,4;
102479;2;03.07.2025 19:31;Gümüşhane Çarşı;M-00862;Enes Şimşek;E;-5;1998;Merkez;Fındıklı Köme;2;400,00;800,00;808,00;KREDİ KARTI;;Altın;21,5;
102479;3;03.07.2025;Gümüşhane Çarşı;M-00862;Enes Şimşek;E;27;1998;Merkez;Yayla Balı;3;1060,00;3180,00;3211,80;K.Kartı;Kotu;yok;23,4;
102481;1;14.02.2024;Gümüşhane Çarşı;0;misafir müşteri;Kadın;;;;köme 500gr;1;285,00;285,00;287,85;POS;Iyi;;11,0;
;;;Gümüşhane Çarşı;;;;;;;;;;;;;;;;
102481;2;14.02.2024;Gümüşhane Çarşı;0;;Kadın;;;?;cevizli pestil;2;250,00;500,00;505,00;POS;i̇yi;;11,1;yurt dışı - valizde
102481;3;14 Şubat 2024;Gümüşhane Çarşı;0;-;;;;;Fındıklı Köme;2;255,00;510,00;515,10;Kredi Kartı;;;yok;
102483;1;17 Şubat 2025;Gümüşhane Çarşı;M-00755;KÜBRA ÖZTÜRK;k;63;1962;Şiran;Pestil-Köme Karma;1;1045,00;1045,00;1055,45;Nakıt;;Gümüş;11,0;
102485;1;21.06.2025;Gümüşhane Çarşı;M-00107;Sultan Doğan;K;28;1997;Torul;Dut (kuru);1;265,00;265,00;267,65;Nakıt;i̇yi;Gümüş;22,5;
102485;2;21 Haziran 2025;Gümüşhane Çarşı;M-00107;Sultan Doğan;K;28;1997;Torul;Kuşburnu Marmelatı;3;205,00;615,00;621,15;POS;i̇yi;Gümüş;26,0;
102485;3;21.06.2025;Gümüşhane Çarşı;M-00107;SULTAN DOĞAN;k;28;1997;Torul ;Cevizli Pestil;2;390,00;780,00;787,80;Kart;;gümüş;NA;
102487;1;17.07.2025;Gümüşhane Çarşı;;Misafir;;;;merkez;Dut Pestili;2;295,00;590,00;595,90;Kart;NA;;24,9;
102487;2;17/07/25;Gümüşhane Çarşı;-;misafir müşteri;Kadın;;;merkez;Ceviz ici;1;730,00;730,00;737,30;Kart;;;22,8;
102488;1;28.02.2024 15:53;Gümüşhane Çarşı;107;SULTAN DOĞAN;k;27;1997;torul;Pestil 500gr;2;185,00;370,00;373,70;nakit;Kötü;Gümüş;11,2;
102489;1;13.07.2025;Gümüşhane Çarşı;M-00327;Gülsüm Koç;K;37;1988;Merkez;Karma Paket;1;1.145,00;1145,00;1.156,45;KREDİ KARTI;yok;Bronz;23,7;
102489;2;13.07.2025;Gümüşhane Çarşı;M-00327;Gulsum Koc;Kadın;yok;1988;Merkez;Dut Pekmezi;1;370,00;370,00;373,70;Nakit;-;Bronz;21,6;
102490;1;2024-12-19;Gümüşhane Çarşı;M-00787;Kemal Aslan;;78;1946;Kelkit;Ceviz İçi;1;630,00;630,00;636,30;kk;bilinmiyor;-;8,4;
102490;2;19.12.2024;Gümüşhane Çarşı;M-00787;Kemal Aslan;e;78;1946;Kelkit;Cevizli sucuk (köme);2;385,00;770,00;777,70;K.Kartı;?;Bronz;9,0;
102492;1;18/07/24;Gümüşhane Çarşı;0;Misafir;;;;?;Dut Pekmezi;1;260,00;260,00;262,60;kk;;;22,0;
102492;1;18/07/24;Gümüşhane Çarşı;0;Misafir;;;;?;Dut Pekmezi;1;260,00;260,00;262,60;kk;;;22,0;
102495;1;26.08.2025;Gümüşhane Çarşı;MİSAFİR;misafir müşteri;;;;;Ceviz İçi;1;770,00;770,00;777,70;Nakıt;?;;19,9;
102495;1;26.08.2025;Gümüşhane Çarşı;MİSAFİR;misafir müşteri;;;;;Ceviz İçi;1;770,00;770,00;777,70;Nakıt;?;;19,9;
102495;2;2025-08-26;Gümüşhane Çarşı;-;;Kadın;;;Merkez;Yayla Balı;2;1110,00;2220,00;2242,20;Nakıt;bilinmiyor;;20,6;
102496;1;17.10.2024;Gümüşhane Çarşı;;Misafir;Kadın;;;merkez;Ev Eriştesi;3;120,00;360,00;363,60;nakit;4;;19,9;İstanbul'a götürülecek
102499;1;20 Temmuz 2025;Gümüşhane Çarşı;M-00850;Nermin Kaya;K;67;1958;BURSA;karma pkt;1;1195,00;1195,00;1.206,95;;;Bronz;21,6;
102499;2;2025-07-20;Gümüşhane Çarşı;M-00850;Nermin Kaya;;67;1958;Gurbet - Bursa;Cevizli Pestil;1;395,00;395,00;398,95;Nakıt;i̇yi;Bronz;24,4;
102499;3;20.07.2025;Gümüşhane Çarşı;M-00850;NERMİN KAYA;K;67;1951;Gurbet - Bursa;Kuşburnu Marmelatı;2;220,00;440,00;444,40;Nakit;İyi;Bronz;21,2;
102500;1;2025-06-19;Gümüşhane Çarşı;MİSAFİR;;;;;;Dut Pekmezi;1;365,00;365,00;368,65;kk;;;22,4;
102501;1;09.03.2025 14:29;Gümüşhane Çarşı;-;;E;;;Merkez;Fındıklı Köme;3;380,00;1140,00;1151,40;kk;;;10,9;
102504;1;2024-01-16;Gümüşhane Çarşı;0;Misafir;;;;;Dut Pestili;1;175,00;175,00;176,75;KREDİ KARTI;çok i̇yi;;8,7;
102505;1;2024-06-15;Gümüşhane Çarşı;MİSAFİR;misafir müşteri;Kadın;;;;Kuru Dut;2;185,00;370,00;373,70;Nakit;yok;;21,7;yarısı sonra ödenecek
102505;2;15/06/24;Gümüşhane Çarşı;MİSAFİR;-;;;;;Cevizli Pestil;1;275,00;275,00;277,75;Nakit;bilinmiyor;;23,3;
102507;1;02.09.2025;Gümüşhane Çarşı;M-00704;Süleyman Özdemir;E;45;1980;Kelkit;Ev Eriştesi;1;160,00;160,00;161,60;Havale/EFT;?;Bronz;20,8;
102507;2;02.09.2025;Gümüşhane Çarşı;M-00704;Süleyman Özdemir;Bay;45;1980;Kelkit;Dut Pestili;1;320,00;320,00;323,20;;İyi;Bronz;22,5;
102509;1;2024-06-09;Gümüşhane Çarşı;M-00624;Yusuf Akgun;e;53;1971;Gumushane;Fındıklı Köme;2;295,00;590,00;595,90;Nakıt;;BRONZ;250,0;
102509;2;09.06.2024;Gümüşhane Çarşı;M-00624;Yusuf Akgün;e;;1971;Merkez ;Eriste;2;105,00;210,00;212,10;nakit;i̇yi;Bronz;22,3;
102510;1;24.07.2024;Gümüşhane Çarşı;M-00764;HANİFE AKGÜN;K;71;1953;TORUL;cevizli pestil;1;285,00;285,00;287,85;K.Kartı;İyi;Gümüş;;
102512;1;23.08.2025;Gümüşhane Çarşı;179;Nurcan Altun;K;74;1951;Merkez;Dut Pekmezi;1;380,00;380,00;383,80;kk;yok;Bronz;21,1;
102513;1;22.06.2025;Gümüşhane Çarşı;M-00013;Şerife Özdemir;Kadın;59;1966;Kürtün;Cevizli Pestil;3;385,00;1155,00;1166,55;Nakit;bilinmiyor;Bronz;23,0;
102515;1;;Gümüşhane Çarşı;M-00512;Derya Polat;K;66;1959;İstanbul;Yayla Balı;2;1120,00;2240,00;2262,40;K.Kartı;bilinmiyor;Bronz;22,1;
102515;2;30.08.2025;Gümüşhane Çarşı;M-00512;Derya  Polat ;k;66;1959;Gurbet - İstanbul;Cevizli Pestil;1;430,00;430,00;434,30;Nakit;Orta;BRONZ;19,1;
102518;1;06/01/25;Gümüşhane Çarşı;-;;;;;?;Dut Pestili;1;250,00;250,00;252,50;KREDİ KARTI;ORTA;;9,8;
102518;2;06.01.2025;Gümüşhane Çarşı;;-;E;;;merkez;Kuru Dut;3;230,00;690,00;696,90;NAKİT;NA;;999,9;
102518;3;06.01.2025;Gümüşhane Çarşı;MİSAFİR;-;Kadın;;;;Kuşburnu Marmelatı;1;185,00;185,00;186,85;kk;İyi;;11,7;
102519;1;20 Kasım 2024;Gümüşhane Çarşı;MİSAFİR;-;E;;;Merkez;Dut Pekmezi;2;290,00;580,00;585,80;POS;1;;10,4;
102519;2;20.11.2024;Gümüşhane Çarşı;;-;Kadın;;;merkez;Ev Eriştesi;2;120,00;240,00;242,40;KREDİ KARTI;yok;;13,8;
102520;1;16 Temmuz 2025;Gümüşhane Çarşı;0;;;;;?;Cevizli Pestil;3;410,00;1230,00;1242,30;Kredi Kartı;2;;22,7;
102520;2;16.07.2025;Gümüşhane Çarşı;MİSAFİR;;;;;Merkez;karma pkt;1;1165,00;1.165,00;1176,65;nakit;İyi;;999,9;
102523;1;2025-02-27;Gümüşhane Çarşı;-;misafir müşteri;;;;Merkez;Kuşburnu Marmelatı;1;195,00;195,00;196,95;POS;çok i̇yi;;;
102525;1;03/07/25;Gümüşhane Çarşı;;misafir müşteri;Erkek;;;?;Köme;1;460,00;460,00;464,60;kk;Iyi;;22,1;
102528;1;2025-03-01;Gümüşhane Çarşı;M-00342;Gülsüm  Kaya ;Kadın;33;1992;Gümüşhane Merkez;Fındıklı sucuk;1;375,00;375,00;378,75;nakit;ORTA;Gümüş;10,1;
102528;2;01.03.2025;Gümüşhane Çarşı;M-00342;GÜLSÜM KAYA;K;33;1992;Gumushane;Dut pekmezi 1 kg;2;315,00;630,00;636,30;POS;-;Gumus;12,7;
102530;1;2024-08-29;Gümüşhane Çarşı;M-00238;Ali Doğan;Bay;62;1962;SAMSUN;Dut Pestili;1;225,00;225,00;227,25;Nakit;;Gümüş;21,9;
102532;1;12.10.2024;Gümüşhane Çarşı;0;misafir müşteri;E;;;;Dut Pestili;5;230,00;1150,00;1161,50;Kart;;;17,0;
102535;1;02.12.2024;Gümüşhane Çarşı;M-00763;Hülya Aydın;Kadın;56;1968;Kelkit;Karma Paket;2;950,00;1900,00;1.919,00;KREDİ KARTI;;-;12,0;
102537;1;23/07/25;Gümüşhane Çarşı;M-00081;Ramazan Kara;Erkek;25;2000;torul;Dut Pestili;1;300,00;300,00;303,00;kk;;bronz;23,4;
102540;1;08.06.2025;Gümüşhane Çarşı;M-00332;Derya Güler;;69;1956;Torul;Ceviz İçi;1;730,00;730,00;737,30;Nakit;;Bronz;21,5;
102543;1;2025-06-01;Gümüşhane Çarşı;M-00308;Songul Topal;Kadın;60;1965;Merkez;Köme;1;440,00;440,00;444,40;Kart;İyi;Gumus;22,1;
102543;2;01.06.2025;Gümüşhane Çarşı;308;SONGÜL TOPAL;K;60;1980;Merkez;dut pestil;1;295,00;295,00;297,95;kk;NA;Gümüş;21,3;
102543;3;01.06.2025;Gümüşhane Çarşı;308;Songül Topal;K;60;1965;Köse;Dut Pekmezi;1;345,00;345,00;348,45;Kart;4;Gümüş;-;
102545;1;12 Temmuz 2025;Gümüşhane Çarşı;M-00075;Sevgi Karakaya;Bayan;;1970;Merkez;Eriste;6;145,00;870,00;878,70;Kart;kötü;Bronz;23,6;
102545;2;12.07.2025;Gümüşhane Çarşı;75;Sevgi Karakaya;K;55;1970;Merkez;Yayla Balı;3;1.095,00;3.285,00;3317,85;havale;çok i̇yi;Bronz;24,5;
102545;3;12.07.2025;Gümüşhane Çarşı;M-00075;Sevgi Karakaya;;55;1970;Merkez ;Köme;2;465,00;930,00;939,30;KREDİ KARTI;NA;Bronz;24,6;
102547;1;2024-07-18;Gümüşhane Çarşı;M-00283;Halil Çetin;E;62;1962;Şiran;Kuşburnu Marmelatı;1;160,00;160,00;161,60;K.Kartı;Cok Iyi;Bronz;25,1;
102549;1;19.11.2024;Gümüşhane Çarşı;40;Cemal Altun;E;47;1982;Merkez;Yayla Balı;1;865,00;865,00;873,65;Kredi Kartı;-;Bronz;11,5;
102549;1;19.11.2024;Gümüşhane Çarşı;40;Cemal Altun ;E;47;1982;Merkez;yayla balı;1;865,00;865,00;873,65;Kredi Kartı;-;Bronz;11,5;
102549;2;19.11.2024;Gümüşhane Çarşı;M-00040;CEMAL ALTUN;E;47;1977;Merkez;Köme;1;370,00;370,00;373,70;Nakıt;5;Bronz;;
102552;1;09/07/24;Gümüşhane Çarşı;M-00175;EROL TEKİN;E;79;1945;Gümüşhane Merkez;Ceviz İçi;3;525,00;1.575,00;1.590,75;Kredi Kartı;;GÜMÜŞ;23,4;
102552;2;2024-07-09;Gümüşhane Çarşı;M-00175;Erol Tekin;E;79;1945;MERKEZ;Fındıklı Köme;1;300,00;300,00;303,00;KREDİ KARTI;Kötü;Gumus;22,5;
102555;1;17.09.2024;Gümüşhane Çarşı;M-00248;DERYA ÖZTÜRK;K;31;1993;Torul;Köme;2;360,00;720,00;727,20;Nakıt;;Gümüş;19,8;
102555;2;17.09.2024;Gümüşhane Çarşı;M-00248;Derya Öztürk;Bayan;31;1993;Torul;Bal 850gr;3;805,00;2415,00;2.439,15;KREDİ KARTI;3;Gümüş;22,8;veresiye
102558;1;22.06.2025;Gümüşhane Çarşı;M-00662;Serife Kara;Kadın;33;1992;Şiran;köme 500gr;1;450,00;450,00;454,50;nakit;İyi;Bronz;22,3;
102561;1;20.08.2025;Gümüşhane Çarşı;;Misafir;K;;;?;Dut (kuru);1;275,00;275,00;277,75;Nakıt;i̇yi;;24,0;
102564;1;02.04.2024;Gümüşhane Çarşı;M-00722;Ahmet Arslan;;24;2000;Merkez;köme 500gr;6;310,00;1860,00;1878,60;Kredi Kartı;4;gümüş;15,5;
102565;1;02.08.2025;Gümüşhane Çarşı;;Misafir;;;;;Kuşburnu Marmelatı;1;220,00;220,00;222,20;Nakıt;Çok Kötü;;24,0;
102567;1;11.09.2024;Gümüşhane Çarşı;M-00410;Emre Kurt;E;45;1979;Kürtün;köme 500gr;2;355,00;710,00;717,10;POS;-;Bronz;23,4;tadım yaptı
102567;2;11.09.2024;Gümüşhane Çarşı;M-00410;Emre Kurt;Bay;45;1979;Kürtün;Dut Pestili;3;235,00;705,00;712,05;Nakit;İyi;Bronz;21,8;
102568;1;;Gümüşhane Çarşı;-;-;Kadın;;;;Kuru Dut;16;260,00;4160,00;4201,60;kk;Çok İyi;;16,8;toptan - market siparişi
102570;1;10.02.2025;Gümüşhane Çarşı;449;Hasan Coşkun;;36;1989;Torul;Karma Paket;2;1030,00;2060,00;2080,60;Kredi Kartı;İyi;Bronz;11,2;
102570;2;10.02.2025;Gümüşhane Çarşı;M-00449;Hasan Coşkun;E;36;1989;Torul;Ceviz İçi;1;655,00;655,00;661,55;K.Kartı;Çok İyi;Bronz;7,7;
102573;1;2025-08-18;Gümüşhane Çarşı;M-00436;Ercan Çelik;Erkek;32;1993;Merkez;cevizli pestil;1;420,00;210,00;424,20;POS;Iyi;Bronz;22,6;
102573;2;18.08.2025;Gümüşhane Çarşı;M-00436;ERCAN ÇELİK;E;32;1993;Kürtün;Köme;1;490,00;490,00;494,90;POS;?;Bronz;24,6;
102573;3;18.08.2025;Gümüşhane Çarşı;M-00436;Ercan Çelik;E;32;1993;Merkez;Kuru Dut;6;280,00;1680,00;1.696,80;Kredi Kartı;Orta;Bronz;22,0;
102575;1;2024-10-05;Gümüşhane Çarşı;M-00771;ŞÜKRÜ ALTUN;;37;1987;Merkez;Ceviz İçi;1;590,00;590,00;595,90;POS;kötü;Bronz;16,0;
102575;2;05.10.2024;Gümüşhane Çarşı;M-00771;ŞÜKRÜ ALTUN;e;37;1987;merkez;Fındıklı Köme;1;315,00;315,00;318,15;Nakıt;5;Bronz;17,6;
102575;3;5 Ekim 2024;Gümüşhane Çarşı;M-00771;Şükrü Altun;E;37;1987;Merkez;Kuşburnu Marmelatı;1;165,00;165,00;166,65;Nakit;;Bronz;17,4;
102577;1;08.04.2024;Gümüşhane Çarşı;;Misafir;Erkek;;;;Cevizli Pestil;2;265,00;530,00;535,30;Kart;ÇOK İYİ;;15,1;
102580;1;30 Ocak 2024;Gümüşhane Çarşı;M-00721;NERMİN YILDIZ;K;28;1996;Şiran;Ev Eriştesi;1;90,00;90,00;90,90;NA;i̇yi;bronz;8,1;yurt dışı - valizde
102580;2;30.01.2024;Gümüşhane Çarşı;M-00721;Nermin Yildiz;Bayan;28;1996;Siran;Ceviz İçi;1;470,00;470,00;474,70;Kart;çok i̇yi;Bronz;9,4;
102580;3;30.01.2024;Gümüşhane Çarşı;721;Nermin Yıldız;Kadın;28;1996;Şiran;Pestil-Köme Karma;1;710,00;710,00;717,10;Kart;yok;Bronz;11,6;
102583;1;10 Mart 2024;Gümüşhane Çarşı;-;misafir müşteri;E;;;;Yayla Balı;1;705,00;705,00;712,05;nakit;i̇yi;;13,6;
102583;2;10/03/24;Gümüşhane Çarşı;-;Misafir;;;;;kusburnu marmelat;2;145,00;290,00;292,90;EFT;?;;11,2;
102583;3;2024-03-10;Gümüşhane Çarşı;;misafir müşteri;;;;?;findikli kome;1;270,00;270,00;272,70;NAKİT;Kötü;;12,4;
102584;1;30/05/25;Gümüşhane Çarşı;0;Misafir;;;;;Karma Paket;2;NA;2.300,00;2323,00;kk;bilinmiyor;;21,6;
102584;2;2025-05-30;Gümüşhane Çarşı;;-;Kadın;;;merkez;Dut Pestili;1;285,00;285,00;287,85;K.Kartı;;;17,9;bayram siparişi
102587;1;03.07.2025;Gümüşhane Çarşı;M-00443;Hasan  Akgün ;E;65;1960;Kose;Cevizli Pestil;2;385,00;770,00;777,70;K.Kartı;orta;Bronz;23,9;
102588;1;29/10/24;Gümüşhane Çarşı;M-00647;Ali Karakaya;Erkek;34;1990;merkez;Fındıklı sucuk;1;320,00;320,00;323,20;havale;Cok Iyi;Gümüş;15,7;
102588;2;2024-10-29;Gümüşhane Çarşı;M-00647;ALİ KARAKAYA;Erkek;34;1990;Merkez;Karma Paket;1;935,00;935,00;944,35;POS;Orta;Gümüş;13,3;
102591;1;08.08.2025;Gümüşhane Çarşı;M-00858;Kadir Kaya;E;61;1964;Kelkit;Dut Pekmezi;4;365,00;1460,00;1474,60;Kredi Kartı;;gümüş;21,6;tadım yaptı
102592;1;2024-04-08;Gümüşhane Çarşı;M-00854;Omer Ekinci;E;60;1964;Kürtün;Köme;1;310,00;310,00;313,10;K.Kartı;3;Altın;15,0;
102593;1;20.08.2025;Gümüşhane Çarşı;M-00111;Ahmet Yildiz;e;52;1973;torul;Ev Eriştesi;1;160,00;160,00;161,60;K.Kartı;İyi;bronz;21,9;
102593;2;2025-08-20;Gümüşhane Çarşı;M-00111;Ahmet Yıldız;E;52;1973;Torul;Yayla Balı;2;1.095,00;2190,00;2211,90;havale;;bronz;23,1;
102593;3;20 Ağustos 2025;Gümüşhane Çarşı;111;Ahmet Yıldız;E;52;1966;Torul;Ceviz İçi;1;770,00;770,00;777,70;Kart;i̇yi;Bronz;21,5;
102594;1;2024-06-14;Gümüşhane Çarşı;M-00778;Ayşe Bulut;Kadın;54;1970;Merkez;karma pkt;1;810,00;810,00;818,10;NAKİT;-;bronz;20,5;
102594;2;14.06.2024;Gümüşhane Çarşı;M-00778;AYŞE BULUT;K;0;1970;Merkez;kuru dut;2;190,00;380,00;383,80;nakit;Orta;bilinmiyor;21,0;
102594;3;14.06.2024;Gümüşhane Çarşı;M-00778;Ayse Bulut;K;NA;1970;Merkez;Ev Eriştesi;3;105,00;315,00;318,15;POS;;Bronz;21,8;
102596;1;2025-05-29;Gümüşhane Çarşı;438;ŞERİFE KURT;K;43;1982;merkez;ceviz;1;720,00;720,00;727,20;Kart;orta;Bronz;20,8;
102599;1;2024-12-10;Gümüşhane Çarşı;M-00192;Hanife Ekinci;K;31;1993;Kelkit;Kuşburnu Marmelatı;2;180,00;360,00;363,60;K.Kartı;NA;Bronz;NA;
102599;2;2024-12-10;Gümüşhane Çarşı;M-00192;Hanife Ekinci;K;31;1993;Kelkit;Ceviz ici;4;630,00;2520,00;2545,20;K.Kartı;Çok İyi;Bronz;10,3;
102600;1;2025-07-14;Gümüşhane Çarşı;M-00304;Kübra Yılmaz;K;74;1951;İstanbul;Köme;1;465,00;465,00;469,65;Nakit;Çok İyi;Gümüş;23,6;
102601;1;23/09/25;Gümüşhane Çarşı;-;Misafir;Kadın;;;;Karma Paket;1;1270,00;1.270,00;1282,70;KREDİ KARTI;İyi;;20,4;
102601;2;23.09.2025;Gümüşhane Çarşı;-;;Kadın;;;;PESTİL;1;320,00;320,00;323,20;Kart;NA;;17,4;
102601;3;23.09.2025;Gümüşhane Çarşı;0;-;Erkek;;;;Kuru Dut;1;275,00;275,00;277,75;Havale;NA;;20,1;
102603;1;07.03.2024;Gümüşhane Çarşı;0;Misafir;Erkek;;;;Fındıklı Köme;1;270,00;270,00;272,70;Nakit;i̇yi;;9,5;
102603;2;07.03.2024;Gümüşhane Çarşı;;Misafir;E;;;;Dut Pestili;2;190,00;380,00;383,80;kk;-;;11,1;
102604;1;17.05.2024;Gümüşhane Çarşı;M-00724;Osman Çelik;Erkek;25;1999;Merkez;Dut Pekmezi;1;255,00;255,00;257,55;POS;NA;Gümüş;18,8;
102607;1;30.10.2024;Gümüşhane Çarşı;M-00214;Halil Bayram;Erkek;72;1952;Torul;Karma Paket;2;945,00;1890,00;1908,90;Kredi Kartı;5;Bronz;13,9;
102610;1;14.08.2024;Gümüşhane Çarşı;M-00393;Emine Coşkun;Kadın;33;1991;Merkez;Ceviz İçi;3;540,00;1620,00;1636,20;NAKİT;Iyi;Bronz;23,3;
102610;2;2024-08-14;Gümüşhane Çarşı;M-00393;Emine Coskun;K;33;1991;Merkez;karma pkt;2;845,00;1.690,00;1706,90;EFT;?;Bronz;22,7;
102610;3;2024-08-14;Gümüşhane Çarşı;M-00393;Emine Coşkun;K;33;1991;Merkez;Dut Pekmezi;1;275,00;275,00;277,75;KREDİ KARTI;Çok İyi;Bronz;21,0;yurt dışı - valizde
102612;1;30.07.2025;Gümüşhane Çarşı;MİSAFİR;-;E;;;Merkez;Yayla Balı;3;1125,00;3375,00;3408,75;EFT;bilinmiyor;;21,1;
102612;2;2025-07-30;Gümüşhane Çarşı;MİSAFİR;;;;;?;Fındıklı Köme;1;420,00;420,00;424,20;NAKİT;Kötü;;23,6;paketi sağlam yapın
102613;1;24.12.2024;Gümüşhane Çarşı;M-00599;Yasar Polat;Erkek;50;1974;GÜMÜŞHANE;Kuşburnu Marmelatı;2;185,00;370,00;373,70;kk;i̇yi;BRONZ;12,6;
102613;2;24.12.2024;Gümüşhane Çarşı;M-00599;Yaşar Polat;E;50;1974;Kürtün;dut pestil;3;255,00;765,00;772,65;Nakıt;4;bronz;9,7;
102614;1;2024-07-30;Gümüşhane Çarşı;M-00113;Zeki Kurt;Erkek;62;1962;Köse;Cevizli sucuk (köme);1;335,00;335,00;338,35;POS;İyi;Bronz;25,2;yurt dışı - valizde
102615;1;07.05.2024;Gümüşhane Çarşı;0;Misafir;Erkek;;;Merkez;Pestil (cevizli);4;27500,00;1.100,00;1111,00;EFT;;;18,2;
102615;2;07.05.2024;Gümüşhane Çarşı;0;-;;;;merkez;Fındıklı Köme;1;290,00;290,00;292,90;kk;ORTA;;17,5;
102617;1;2024-01-11;Gümüşhane Çarşı;M-00798;Cemal Demir;E;27;1997;Gümüşhane Merkez;Karma Paket;2;705,00;1410,00;1424,10;POS;yok;Gümüş;11,3;tadım yaptı
102620;1;;Gümüşhane Çarşı;M-00616;Ali Erdoğan;;52;1972;Köse;Fındıklı sucuk;19;325,00;6.175,00;6.236,75;Kredi Kartı;çok i̇yi;BRONZ;20,4;toptan - market siparişi
102620;2;08.10.2024;Gümüşhane Çarşı;M-00616;Ali Erdoğan;e;52;1972;Köse;Pestil (cevizli);28;320,00;8960,00;9049,60;Kart;orta;Bronz;16,6;toptan, lokanta
102623;1;19.02.2025 10:42;Gümüşhane Çarşı;M-00428;NERMİN YILDIZ;K;31;2031;Şiran;Dut (kuru);1;235,00;235,00;237,35;Nakit;Kötü;;9,4;
102625;1;2024-06-27;Gümüşhane Çarşı;M-00827;HASAN BAYRAM;;;1966;Merkez;Ceviz İçi;2;525,00;1050,00;1.060,50;KREDİ KARTI;NA;Bronz;23,9;
102626;1;15.10.2024;Gümüşhane Çarşı;;misafir müşteri;Kadın;;;merkez;Fındıklı sucuk;1;330,00;330,00;333,30;K.Kartı;;;15,2;
102629;1;;Gümüşhane Çarşı;M-00528;Hanife  Polat ;K;69;1956;Merkez;Ev Eriştesi;1;130,00;130,00;131,30;NAKİT;;Gümüş;9,5;
102629;2;01.01.2025;Gümüşhane Çarşı;M-00528;Hanife Polat;k;69;1956;Merkez;kuru dut;1;225,00;225,00;227,25;NAKİT;İyi;Gümüş;10,7;yarısı sonra ödenecek
102631;1;2024-07-23;Gümüşhane Çarşı;610;Hüseyin Yılmaz;E;55;1969;Kürtün;Yayla Balı;1;770,00;770,00;777,70;Havale/EFT;-;Bronz;21,1;
102631;2;23/07/24;Gümüşhane Çarşı;M-00610;HÜSEYİN YILMAZ;E;55;1969;Merkez;Karma Paket;2;850,00;1700,00;1717,00;nakit;;Bronz;;
102632;1;2024-12-14;Gümüşhane Çarşı;-;misafir müşteri;E;;;;Cevizli Pestil;1;32000,00;320,00;323,20;Nakıt;3;;9,2;
102635;1;11/08/25;Gümüşhane Çarşı;M-00667;Murat Akgün;Erkek;54;1971;Merkez;ceviz;1;775,00;775,00;782,75;K.Kartı;1;Gümüş;22,5;
102635;2;2025-08-11;Gümüşhane Çarşı;M-00667;Murat Akgün;E;54;1971;Merkez;Kuşburnu Marmelatı;1;225,00;225,00;227,25;KREDİ KARTI;NA;Gümüş;22,7;
102637;1;22.11.2024 15:47;Gümüşhane Çarşı;MİSAFİR;-;Kadın;;;?;Dut Pekmezi;1;295,00;295,00;297,95;KREDİ KARTI;Orta;;13,5;
102639;1;16.01.2025;Gümüşhane Çarşı;;misafir müşteri;Erkek;;;;köme 500gr;2;390,00;780,00;787,80;Nakit;Çok İyi;;8,9;
102641;1;08.07.2025;Gümüşhane Çarşı;M-00111;Ahmet Yıldız;E;52;1973;Torul;Ev Eriştesi;1;150,00;150,00;151,50;Kart;İyi;Bronz;21,7;
102641;2;8 Temmuz 2025;Gümüşhane Çarşı;M-00111;Ahmet Yıldız;E;52;1973;Torul;Kome;1;455,00;455,00;459,55;KREDİ KARTI;4;Bronz;21,7;
102643;1;02/10/24;Gümüşhane Çarşı;;;;;;;Ev Eriştesi;2;120,00;240,00;242,40;POS;?;;17,3;
102645;1;01.08.2025;Gümüşhane Çarşı;M-00807;Hasan Polat;Erkek;56;1969;Merkez;Dut Pestili;5;305,00;1525,00;1.540,25;POS;yok;Gümüş;22,2;
102645;2;01.08.2025;Gümüşhane Çarşı;M-00807;Hasan Polat;E;56;1969;Merkez;Kuşburnu Marmelatı;2;215,00;430,00;434,30;K.Kartı;;Gümüş;23,3;
102645;3;2025-08-01;Gümüşhane Çarşı;M-00807;HASAN POLAT;e;56;1969;Merkez;Karma Paket;1;1185,00;1.185,00;1.196,85;NAKİT;Çok Kötü;Gümüş;21,9;
102648;1;01.06.2025;Gümüşhane Çarşı;-;Misafir;K;;;Merkez;Köme;1;455,00;455,00;459,55;nakit;bilinmiyor;;21,6;
102648;2;01.06.2025;Gümüşhane Çarşı;MİSAFİR;-;K;;;merkez;karma pkt;1;1.100,00;1100,00;1111,00;Kart;bilinmiyor;;20,1;
102648;3;1 Haziran 2025;Gümüşhane Çarşı;-;Misafir;Kadın;;;;Fındıklı Köme;2;;780,00;787,80;kk;İyi;;21,7;paketi sağlam yapın
102650;1;10.07.2024 15:43;Gümüşhane Çarşı;M-00692;İbrahim Kaya;E;65;1959;Merkez;Dut Pestili;1;210,00;210,00;212,10;Kredi Kartı;Çok Kötü;Gümüş;22,3;
102653;1;08.08.2025;Gümüşhane Çarşı;M-00196;Şerife Aslan;;47;1978;Gurbet - İzmir;Karma Paket;2;1.195,00;2390,00;2413,90;POS;Kötü;Bronz;20,5;veresiye
102653;2;2025-08-08;Gümüşhane Çarşı;M-00196;Şerife Aslan;k;47;1978;İzmir (gurbetçi);Dut Pekmezi;1;385,00;385,00;388,85;Nakıt;;Bronz;23,1;
102655;1;24.01.2025;Gümüşhane Çarşı;M-00362;Mehmet Aslan;E;36;1989;Kelkit;Cevizli Pestil;1;340,00;340,00;343,40;nakit;İyi;Altın;11,1;
102655;2;2025-01-24;Gümüşhane Çarşı;M-00362;Mehmet Aslan;E;36;1989;KELKİT;Yayla Balı;1;945,00;945,00;954,45;K.Kartı;;Altın;7,7;
102655;3;2025-01-24;Gümüşhane Çarşı;M-00362;Mehmet Aslan;E;36;1989;Kelkit;Ceviz İçi;2;635,00;1270,00;1.282,70;K.Kartı;Çok İyi;Altın;10,3;
102656;1;04.10.2024;Gümüşhane Çarşı;M-00845;CEMAL KESKİN;Erkek;68;1956;Kelkit;Cevizli Pestil;6;315,00;1.890,00;1908,90;Kart;;Gümüş;15,9;
102658;1;05.06.2025;Gümüşhane Çarşı;M-00679;ESRA YILDIZ;k;76;1949;Kelkit;Fındıklı Köme;1;395,00;395,00;398,95;NAKİT;çok i̇yi;Gümüş;24,7;
102659;1;13.07.2024;Gümüşhane Çarşı;M-00188;Derya Arslan;K;75;1949;ALMANYA;Cevizli Pestil;1;285,00;285,00;287,85;K.Kartı;Çok İyi;Gümüş;22,8;yurt dışı - valizde
102660;1;04/10/24;Gümüşhane Çarşı;0;;E;;;;Ev Eriştesi;5;;600,00;606,00;K.Kartı;;;16,7;
102660;2;04.10.2024;Gümüşhane Çarşı;0;Misafir;;;;Merkez;Dut Pekmezi;2;285,00;570,00;575,70;yok;Çok Kötü;;16,2;
102662;1;30.03.2025;Gümüşhane Çarşı;M-00111;Ahmet Yıldız;E;52;1973;Torul;Fındıklı Köme;1;370,00;370,00;373,70;K.Kartı;Cok Iyi;Bronz;15,2;
102662;2;30.03.2025;Gümüşhane Çarşı;111;Ahmet Yıldız;E;52;1973;Torul;Kuşburnu Marmelatı;1;195,00;195,00;196,95;POS;;Bronz;12,6;
102662;3;30.03.2025;Gümüşhane Çarşı;M-00111;Ahmet Yıldız;E;52;1973;Kelkit;Dut Pestili;2;270,00;540,00;545,40;K.Kartı;;Bronz;14,7;
102662;3;30.03.2025;Gümüşhane Çarşı;M-00111;Ahmet Yıldız;E;52;1973;Kelkit;Dut Pestili;2;270,00;540,00;545,40;K.Kartı;;Bronz;14,7;
102665;1;2024-11-19;Gümüşhane Çarşı;M-00543;Hanife Çetin;K;77;1947;İZMİR;Karma Paket;1;960,00;960,00;969,60;NAKİT;Orta;Bronz;10,3;
102665;1;2024-11-19;Gümüşhane Çarşı;M-00543;Hanife Çetin;K;77;1947;İZMİR;Karma Paket;1;960,00;960,00;969,60;NAKİT;Orta;Bronz;10,3;
102665;2;19.11.2024;Gümüşhane Çarşı;M-00543;Hanife Çetin;K;77;1947;İzmir;Pestil 500gr;2;245,00;490,00;494,90;havale;;Bronz;11,4;
102668;1;10/08/25;Gümüşhane Çarşı;M-00497;MURAT TEKİN;e;40;1985;Merkez;Dut (kuru);1;265,00;265,00;267,65;Nakit;Orta;Bronz;;
102668;2;10.08.2025;Gümüşhane Çarşı;M-00497;MURAT TEKİN;Erkek;40;1985;Merkez;Dut Pestili;6;300,00;1800,00;1.818,00;nakit;İyi;bronz;22,3;
102668;3;2025-08-10;Gümüşhane Çarşı;M-00497;Murat Tekin;E;40;1985;Merkez;Yayla Balı;3;1080,00;3240,00;3.272,40;NAKİT;?;Bronz;23,2;
102669;1;20.07.2024;Gümüşhane Çarşı;M-00277;Songül Karataş;K;42;1982;Merkez;PESTİL;1;220,00;220,00;222,20;K.Kartı;;Bronz;19,5;
102669;2;20.07.2024;Gümüşhane Çarşı;M-00277;Songül Karataş;K;42;1982;Merkez;Cevizli Pestil;1;290,00;290,00;292,90;nakit;?;Bronz;23,0;
102669;3;20.07.2024 10:30;Gümüşhane Çarşı;M-00277;Songül Karataş;K;42;2031;Merkez;Karma Paket;1;840,00;840,00;848,40;kk;;Bronz;24,1;
102672;1;10/01/25;Gümüşhane Çarşı;MİSAFİR;-;Kadın;;;;Cevizli sucuk (köme);1;405,00;405,00;409,05;POS;Çok İyi;;9,7;
102675;1;16.01.2024;Gümüşhane Çarşı;M-00419;Derya Topal;K;43;1981;MERKEZ;Dut Pestili;2;180,00;360,00;363,60;POS;;BRONZ;9,9;
102675;2;16 Ocak 2024;Gümüşhane Çarşı;M-00419;Derya Topal;K;43;1981;Merkez;kusburnu marmelat;1;135,00;135,00;136,35;Kart;;Bronz;8,5;
102675;3;2024-01-16;Gümüşhane Çarşı;M-00419;Derya Topal;Kadın;43;1981;Merkez;Köme;3;290,00;870,00;878,70;KREDİ KARTI;Çok İyi;BRONZ;9,7;
102676;1;07/05/25;Gümüşhane Çarşı;M-00074;Ömer Uzun;E;53;1972;Merkez;Dut Pekmezi;1;350,00;350,00;353,50;Kredi Kartı;İyi;Bronz;;
102676;2;7 Mayıs 2025;Gümüşhane Çarşı;M-00074;Ömer  Uzun ;Erkek;53;1972;Merkez;Ceviz İçi;1;690,00;690,00;696,90;Kart;Kotu;Bronz;19,4;
102676;3;07.05.2025;Gümüşhane Çarşı;M-00074;Ömer Uzun;E;53;1972;Merkez;Kuşburnu Marmelatı;1;205,00;205,00;207,05;KREDİ KARTI;3;Bronz;17,4;
102678;1;10.09.2025;Gümüşhane Çarşı;M-00589;MURAT KESKİN;E;22;2003;Köse;Dut Pekmezi;1;385,00;385,00;388,85;Nakit;İyi;Bronz;21,7;
102680;1;25.07.2024;Gümüşhane Çarşı;;;Kadın;;;?;Dut Pestili;3;215,00;645,00;651,45;NAKİT;Kötü;;21,8;
102680;2;25.07.2024;Gümüşhane Çarşı;MİSAFİR;-;E;;;;KÖME;1;34500,00;345,00;348,45;K.Kartı;İyi;;22,9;
102682;1;30.10.2024;Gümüşhane Çarşı;0;-;E;;;?;Dut Pestili;17;235,00;3995,00;4034,95;Kredi Kartı;i̇yi;;13,2;toptan - market siparişi
102682;2;30.10.2024;Gümüşhane Çarşı;-;-;;;;;KÖME;10;360,00;3600,00;3636,00;Havale;i̇yi;;13,6;toptan, lokanta
102682;3;30/10/24;Gümüşhane Çarşı;0;Misafir;Kadın;;;;Yayla Balı;24;840,00;20.160,00;20361,60;POS;i̇yi;;16,5;toptan - market siparişi
102683;1;10 Aralık 2024;Gümüşhane Çarşı;M-00471;Sevgi Kılıç;K;48;1976;Şiran;Dut Pestili;1;250,00;250,00;252,50;POS;3;Bronz;11,0;
102684;1;11.07.2024;Gümüşhane Çarşı;MİSAFİR;Misafir;E;;;Merkez;Karma Paket;2;855,00;1.710,00;1.727,10;POS;Kötü;;21,2;
102684;2;2024-07-11;Gümüşhane Çarşı;;-;;;;;Dut Pekmezi;1;270,00;270,00;272,70;NAKİT;;;23,1;
102687;1;02.06.2025;Gümüşhane Çarşı;M-00012;Yusuf Aslan;E;26;1999;GÜMÜŞHANE;Köme;3;455,00;1365,00;1378,65;havale;?;Bronz;19,3;
102687;2;02.06.2025;Gümüşhane Çarşı;M-00012;Yusuf Aslan;E;26;1999;Merkez;Ceviz İçi;1;740,00;740,00;747,40;NAKİT;İYİ;Bronz;21,2;
102688;1;05.04.2025;Gümüşhane Çarşı;-;Misafir;;;;;Köme;2;425,00;850,00;858,50;nakit;Orta;;16,7;
102689;1;07.12.2024;Gümüşhane Çarşı;M-00075;Sevgi Karakaya;K;54;1970;Merkez;Cevizli Pestil;1;325,00;325,00;328,25;POS;NA;Bronz;12,6;
102692;1;13.08.2024;Gümüşhane Çarşı;610;HÜSEYİN YILMAZ;E;55;1969;Merkez;Bal 850gr;2;805,00;1.610,00;1626,10;Nakit;Orta;Bronz;21,4;
102692;2;13.08.2024;Gümüşhane Çarşı;M-00610;Hüseyin Yılmaz;e;55;1969;Gumushane;Köme;1;345,00;345,00;348,45;kk;Çok İyi;Bronz;21,9;
102692;3;13.08.2024;Gümüşhane Çarşı;610;Hüseyin Yılmaz;e;207;1969;Merkez;Kuşburnu Marmelatı;1;160,00;160,00;161,60;Kart;İyi;;21,1;
102695;1;01.12.2024;Gümüşhane Çarşı;;;;;;;Fındıklı Köme;1;340,00;340,00;343,40;Nakıt;İyi;;12,5;
102695;2;2024-12-01;Gümüşhane Çarşı;MİSAFİR;;Kadın;;;merkez;PESTİL;1;250,00;250,00;252,50;Kredi Kartı;Çok İyi;;10,8;
102696;1;20.01.2025;Gümüşhane Çarşı;171;Kemal Keskin;E;36;2004;merkez;Cevizli Pestil;4;350,00;1.400,00;1.414,00;nakit;İyi;Gümüş;7,6;
102698;1;16.08.2024;Gümüşhane Çarşı;0;Misafir;Kadın;;;merkez;Karma Paket;1;875,00;875,00;883,75;KREDİ KARTI;yok;;22,4;
102698;2;16.08.2024;Gümüşhane Çarşı;0;-;Erkek;;;;Dut Pestili;1;225,00;112,50;227,25;Kredi Kartı;;;22,3;
102698;3;16.08.2024;Gümüşhane Çarşı;MİSAFİR;Misafir;Erkek;;;?;Ev Eriştesi;1;110,00;110,00;111,10;POS;Çok İyi;;22,8;
102700;1;05.11.2024;Gümüşhane Çarşı;M-00103;DERYA ASLAN;K;29;1995;Merkez;Fındıklı Köme;3;335,00;1005,00;1015,05;kk;4;Bronz;14,7;
102700;2;05.11.2024;Gümüşhane Çarşı;M-00103;Derya Aslan;K;29;1995;Merkez;Dut Pestili;2;235,00;470,00;474,70;Nakit;Çok İyi;Bronz;14,7;
102702;1;04.04.2024;Gümüşhane Çarşı;M-00627;Ömer Aslan;Erkek;66;1958;Merkez;erişte;3;100,00;300,00;303,00;K.Kartı;KÖTÜ;Gümüş;12,9;
102702;2;04.04.2024;Gümüşhane Çarşı;M-00627;Omer Aslan;E;66;1958;Merkez;Dut pekmezi 1 kg;6;240,00;1440,00;1.454,40;Kart;-;Gümüş;12,8;
102705;1;03.01.2024;Gümüşhane Çarşı;0;Misafir;;;;Merkez;Karma Paket;1;710,00;710,00;717,10;EFT;İyi;;10,0;
102705;2;3 Ocak 2024;Gümüşhane Çarşı;MİSAFİR;misafir müşteri;E;;;merkez;Kuşburnu Marmelatı;1;130,00;130,00;131,30;POS;çok i̇yi;;6,8;tadım yaptı
102706;1;10.06.2025;Gümüşhane Çarşı;M-00043;Kadir Kılıç;e;72;1953;Merkez;Ceviz ici;2;735,00;1.470,00;1.484,70;NAKİT;;Bronz;21,9;
102706;2;10.06.2025;Gümüşhane Çarşı;M-00043;Kadir Kılıç;Erkek;72;1953;Merkez;Dut Pestili;1;290,00;290,00;292,90;Nakıt;?;Bronz;19,4;
102707;1;07.07.2025;Gümüşhane Çarşı;M-00721;Nermin Yildiz;K;29;1996;Şiran;Dut Pestili;3;295,00;885,00;893,85;Kart;;bronz;21,8;
102710;1;08.07.2025;Gümüşhane Çarşı;M-00208;Zeki Özdemir;e;45;1980;Torul;Ceviz İçi;1;755,00;755,00;762,55;Kart;Çok İyi;Altın;21,5;
102710;2;08.07.2025;Gümüşhane Çarşı;M-00208;Zeki Özdemir;Erkek;-5;1980;torul;Kuşburnu Marmelatı;3;220,00;660,00;666,60;Kredi Kartı;3;Altın;22,3;
102710;3;08/07/25;Gümüşhane Çarşı;208;Zeki Özdemir;E;45;1995;Torul;Köme;2;455,00;910,00;919,10;NAKİT;orta;Altın;22,8;
102711;1;11 Mayıs 2024;Gümüşhane Çarşı;0;;;;;?;Ceviz İçi;1;520,00;520,00;525,20;Havale;İyi;;19,8;
102712;1;13.08.2024;Gümüşhane Çarşı;M-00338;Emine Kara;;42;1982;Hollanda (gurbetçi);Cevizli Pestil;2;290,00;580,00;585,80;K.Kartı;Orta;Gumus;19,8;
102712;2;13.08.2024;Gümüşhane Çarşı;M-00338;Emine Kara;;42;1982;Hollanda;Dut pekmezi 1 kg;1;265,00;265,00;267,65;K.Kartı;NA;Gümüş;22,1;
102715;1;13.07.2025;Gümüşhane Çarşı;745;Merve Coşkun;K;26;1999;merkez;Köme;1;465,00;465,00;469,65;Nakıt;-;Bronz;20,2;
102716;1;26.10.2024 14:16;Gümüşhane Çarşı;M-00369;Zeynep Güler;K;77;1947;Merkez;Pestil (cevizli);1;320,00;320,00;323,20;POS;yok;Gümüş;14,5;
102719;1;2025-03-25;Gümüşhane Çarşı;M-00242;Fatma Bulut;K;62;1963;Kelkit;Cevizli Pestil;1;350,00;350,00;353,50;K.Kartı;;Bronz;14,2;askere gidecek
102719;2;25.03.2025;Gümüşhane Çarşı;M-00242;Fatma Bulut;K;62;1963;Kelkit;Ceviz ici;6;695,00;4170,00;4211,70;kk;;Bronz;10,4;
102720;1;2024-06-13;Gümüşhane Çarşı;;misafir müşteri;;;;;Cevizli Pestil;1;285,00;285,00;287,85;Havale/EFT;;;23,0;
102721;1;29.06.2024;Gümüşhane Çarşı;M-00700;Zeynep Akgün;K;77;1947;MERKEZ;Cevizli Pestil;5;285,00;1.425,00;1439,25;nakit;bilinmiyor;yok;23,0;
102721;2;2024-06-29;Gümüşhane Çarşı;M-00700;Zeynep Akgun;Kadın;77;1947;Merkez;Fındıklı Köme;1;295,00;295,00;297,95;KREDİ KARTI;yok;Bronz;23,5;
102724;1;11/07/25;Gümüşhane Çarşı;M-00140;EMİNE KARA;K;23;2002;Antalya;köme 500gr;2;465,00;930,00;939,30;KREDİ KARTI;-;Gümüş;23,1;
102724;2;11.07.2025;Gümüşhane Çarşı;140;Emine Kara;K;23;2002;Antalya;Yayla Balı;2;1080,00;2160,00;2181,60;KREDİ KARTI;-;Gümüş;22,3;
102725;1;17.06.2025;Gümüşhane Çarşı;M-00586;Nurcan Şimşek;K;59;1966;Şiran;Dut Pestili;1;295,00;295,00;297,95;Havale;;Gümüş;21,3;
102726;1;07.09.2024;Gümüşhane Çarşı;M-00469;SONGÜL ŞİMŞEK;K;36;1988;Gümüşhane Merkez;Köme;4;350,00;1.400,00;1414,00;KREDİ KARTI;Iyi;;20,6;
102728;1;06.10.2024;Gümüşhane Çarşı;0;-;Erkek;;;merkez;Ev Eriştesi;2;115,00;230,00;232,30;nakit;yok;;19,6;
102724;2;11.07.2025;Gümüşhane Çarşı;140;Emine Kara;K;23;2002;Antalya;Yayla Balı;2;1080,00;2160,00;2181,60;KREDİ KARTI;-;Gümüş;22,3;
102731;1;2024-01-27;Gümüşhane Çarşı;M-00656;İbrahim Arslan;E;;2000;Kürtün;kuru dut;2;160,00;320,00;323,20;kk;i̇yi;bronz;8,9;
102731;2;27/01/24;Gümüşhane Çarşı;M-00656;İbrahim Arslan;E;24;2000;Kürtün;Ev Eriştesi;1;90,00;90,00;90,90;POS;Cok Iyi;Bronz;8,7;hediye paketi
102733;1;2025-06-07;Gümüşhane Çarşı;384;İbrahim Akgün;e;28;1997;Şiran;Dut Pestili;2;290,00;580,00;585,80;Kart;İYİ;;17,6;
102735;1;02.10.2024;Gümüşhane Çarşı;M-00296;Havva Karataş;K;74;1950;Şiran;Kuşburnu Marmelatı;1;170,00;170,00;171,70;Nakıt;yok;ALTIN;;
102736;1;15.08.2025;Gümüşhane Çarşı;535;Derya Arslan;K;65;1960;Gümüşhane Merkez;Ceviz İçi;6;775,00;4.650,00;4696,50;KREDİ KARTI;İyi;Altın;24,0;
102737;1;26.08.2025;Gümüşhane Çarşı;M-00015;ÖMER KESKİN;e;37;1988;Kürtün;Köme;1;475,00;475,00;479,75;Kredi Kartı;yok;BRONZ;21,9;
102737;2;26.08.2025;Gümüşhane Çarşı;M-00015;Ömer Keskin;Erkek;37;1988;Kürtün;Ev Eriştesi;2;155,00;310,00;313,10;Nakıt;-;bronz;?;
102738;1;2025-06-09;Gümüşhane Çarşı;M-00074;Ömer Uzun;E;53;1972;Merkez;Bal 850gr;3;1.055,00;3165,00;3196,65;Nakit;Orta;Bronz;21,0;paketi sağlam yapın
102738;1;2025-06-09;Gümüşhane Çarşı;M-00074;Ömer Uzun;E;53;1972;Merkez;Bal 850gr;3;1.055,00;3165,00;3196,65;Nakit;Orta;Bronz;21,0;paketi sağlam yapın
102738;2;09.06.2025;Gümüşhane Çarşı;M-00074;Omer Uzun;;53;1972;merkez;Karma Paket;2;1.160,00;2320,00;2343,20;NAKİT;?;Bronz;20,5;
102738;3;09/06/25;Gümüşhane Çarşı;M-00074;Ömer Uzun;E;53;1972;Merkez;Köme;1;455,00;455,00;459,55;Nakıt;orta;Bronz;20,6;
102740;1;10/07/25;Gümüşhane Çarşı;M-00794;Ömer Yıldız;Erkek;44;1981;MERKEZ;Ev Eriştesi;2;150,00;300,00;303,00;Nakit;Çok İyi;Bronz;26,6;
102740;2;10.07.2025;Gümüşhane Çarşı;M-00794;Ömer Yıldız;e;44;1981;Merkez;findikli kome;1;410,00;410,00;414,10;Kredi Kartı;İYİ;Bronz;23,5;
102742;1;31.12.2024;Gümüşhane Çarşı;M-00519;Kemal Kaya;E;48;1976;Kürtün;Kuru Dut;1;230,00;230,00;232,30;Nakıt;İyi;bilinmiyor;9,6;
102742;2;2024-12-31;Gümüşhane Çarşı;M-00519;KEMAL KAYA;E;48;1976;Kürtün;Ceviz İçi;2;640,00;1280,00;1292,80;Kredi Kartı;İyi;GÜMÜŞ;11,1;
102744;1;07.11.2024;Gümüşhane Çarşı;M-00452;Elif Karataş;K;34;1990;Merkez;Pestil-Köme Karma;1;905,00;905,00;914,05;NAKİT;Çok İyi;Bronz;13,5;
102744;2;07.11.2024;Gümüşhane Çarşı;M-00452;Elif Karataş;Kadın;34;1990;Merkez;Kuşburnu Marmelatı;1;175,00;262,50;176,75;Nakit;Cok Iyi;Bronz;12,3;
102746;1;03.10.2024 13:26;Gümüşhane Çarşı;M-00073;Osman  Topal ;Bay;62;1962;Kurtun;Ceviz İçi;1;575,00;575,00;580,75;nakit;5;Bronz;18,8;
102746;2;03/10/24;Gümüşhane Çarşı;M-00073;Osman Topal;E;62;1962;Kürtün;Pestil-Köme Karma;1;875,00;875,00;883,75;KREDİ KARTI;i̇yi;Bronz;16,5;tadım yaptı
102748;1;10.02.2025;Gümüşhane Çarşı;M-00420;Esra  Kara ;Kadın;79;1946;Kelkit;Dut Pestili;2;260,00;520,00;525,20;POS;Orta;Bronz;8,6;
102749;1;31.05.2025;Gümüşhane Çarşı;M-00579;Mustafa Keskin;E;47;1978;KELKİT;Dut Pestili;1;295,00;295,00;297,95;Nakit;5;bronz;19,9;
102751;1;12.09.2025;Gümüşhane Çarşı;M-00239;Büşra Demir;K;80;1945;Köse;Ceviz ici;2;785,00;1570,00;1.585,70;Kredi Kartı;1;yok;19,9;
102751;1;12.09.2025;Gümüşhane Çarşı;M-00239;Büşra Demir;K;80;1945;Köse;Ceviz ici;2;785,00;1570,00;1.585,70;Kredi Kartı;1;yok;19,9;
102751;2;12.09.2025;Gümüşhane Çarşı;M-00239;Büşra Demir;K;80;1945;köse;Karma Paket;2;1265,00;2530,00;2.555,30;NAKİT;Orta;Gümüş;18,3;
102753;1;2025-08-03;Gümüşhane Çarşı;MİSAFİR;misafir müşteri;K;;;merkez;Dut Pestili;3;315,00;945,00;954,45;Nakit;orta;;25,0;
102755;1;01.07.2024;Gümüşhane Çarşı;M-00763;Hülya Aydın;K;56;1968;Kürtün;Karma Paket;2;820,00;1.640,00;1656,40;kk;İyi;Gümüş;22,2;
102755;2;2024-07-01;Gümüşhane Çarşı;763;Hülya Aydın;K;56;1968;Kürtün;Cevizli sucuk (köme);2;335,00;670,00;676,70;Nakit;4;Gümüş;21,0;
102758;1;06.06.2025;Gümüşhane Çarşı;M-00025;Murat Erdoğan;E;29;1996;Bursa;Köme;1;440,00;440,00;444,40;NAKİT;NA;Gümüş;20,6;
102758;2;06.06.2025;Gümüşhane Çarşı;M-00025;Murat Erdoğan;Erkek;29;1984;Gurbet - Bursa;Pestil-Köme Karma;1;1155,00;1155,00;1166,55;Havale/EFT;İyi;Gümüş;21,1;
102761;1;19.08.2025;Gümüşhane Çarşı;-;Misafir;;;;?;dut pestil;2;310,00;620,00;626,20;Kredi Kartı;;;22,8;
102761;2;19 Ağustos 2025;Gümüşhane Çarşı;0;Misafir;Erkek;;;;bal;1;1090,00;1090,00;1.100,90;Kart;-;;20,4;
102762;1;19/07/25;Gümüşhane Çarşı;M-00122;Ramazan Keskin;E;47;1978;Kelkit;Kome;2;455,00;910,00;919,10;Nakit;Çok İyi;Bronz;22,4;
102762;2;19.07.2025 12:26;Gümüşhane Çarşı;M-00122;Ramazan Keskin;E;47;1978;Kelkit;Fındıklı Köme;2;425,00;850,00;858,50;bilinmiyor;NA;BRONZ;23,4;
102765;1;28.01.2024;Gümüşhane Çarşı;M-00425;Murat Gümüş;e;35;1989;Torul ;dut pestil;6;190,00;1.140,00;1151,40;Nakıt;çok i̇yi;Gümüş;10,8;
102765;2;28.01.2024;Gümüşhane Çarşı;M-00425;MURAT GÜMÜŞ;E;35;1989;Torul;Ceviz İçi;1;470,00;470,00;474,70;Nakit;i̇yi;GÜMÜŞ;13,1;
102766;1;20.02.2025;Gümüşhane Çarşı;M-00442;SÜLEYMAN KARAKAYA;E;22;2003;Merkez;Fındıklı Köme;3;365,00;1095,00;1.105,95;POS;?;Bronz;9,6;
102767;1;23.02.2025;Gümüşhane Çarşı;M-00394;Ercan Aslan;;36;1989;Merkez;Dut Pekmezi;1;320,00;320,00;323,20;nakit;Çok Kötü;Bronz;10,3;
102767;2;23 Şubat 2025;Gümüşhane Çarşı;M-00394;Ercan Aslan;Bay;36;1989;Merkez;Fındıklı sucuk;1;370,00;370,00;373,70;Havale/EFT;5;Bronz;9,5;
102767;3;23.02.2025;Gümüşhane Çarşı;M-00394;ERCAN ASLAN;Erkek;36;1989;Merkez;ceviz;2;675,00;1.350,00;1.363,50;K.Kartı;yok;yok;8,9;
102768;1;21.08.2024 09:39;Gümüşhane Çarşı;MİSAFİR;-;;;;merkez;Dut Pekmezi;2;265,00;530,00;535,30;EFT;Çok İyi;;21,2;paketi sağlam yapın
102768;2;21.08.2024;Gümüşhane Çarşı;-;-;;;;?;Kuşburnu Marmelatı;1;160,00;160,00;161,60;Kart;yok;;22,1;
102771;1;20.04.2024;Gümüşhane Çarşı;;-;E;;;;Kuru Dut;1;180,00;180,00;181,80;POS;Çok İyi;;14,9;
102771;2;2024-04-20;Gümüşhane Çarşı;MİSAFİR;Misafir;K;;;?;Pestil-Köme Karma;1;775,00;775,00;782,75;NAKİT;Cok Iyi;;16,4;
102773;1;10/03/25;Gümüşhane Çarşı;M-00654;Elif Altun;K;22;2003;Kelkit;Fındıklı Köme;2;365,00;730,00;737,30;Kart;?;;11,2;
102773;2;10.03.2025;Gümüşhane Çarşı;M-00654;Elif Altun;k;22;2003;Kelkit;erişte;1;130,00;130,00;131,30;Nakit;Orta;Bronz;12,4;
102776;1;2025-07-25;Gümüşhane Çarşı;M-00854;Ömer  Ekinci ;E;61;1964;Kürtün;kuru dut;2;260,00;520,00;525,20;nakit;-;Altın;23,8;
102779;1;21.06.2024;Gümüşhane Çarşı;;Misafir;K;;;?;Ceviz İçi;1;510,00;510,00;515,10;NAKİT;5;;21,6;
102779;2;21.06.2024;Gümüşhane Çarşı;-;-;;;;merkez;findikli kome;3;290,00;870,00;878,70;Nakıt;-;;24,0;
102780;1;06.11.2024;Gümüşhane Çarşı;M-00511;Elif Altun;Kadın;22;2002;GÜMÜŞHANE;Dut (kuru);5;215,00;1.075,00;1.085,75;Kart;İyi;Bronz;14,0;
102780;2;6 Kasım 2024;Gümüşhane Çarşı;M-00511;Elif Altun;K;?;2002;Merkez;Kuşburnu Marmelatı;1;170,00;170,00;171,70;Nakit;5;yok;15,6;
102782;1;13.12.2024;Gümüşhane Çarşı;M-00335;Fatma Kılıç;K;35;1989;Merkez;Ceviz ici;1;625,00;625,00;631,25;Kart;i̇yi;Gümüş;10,6;hediye paketi
102783;1;2024-04-19;Gümüşhane Çarşı;M-00514;İbrahim Kurt;E;28;1996;Kelkit;Dut Pekmezi;4;-;960,00;969,60;Nakıt;İyi;Bronz;16,6;
102783;2;19.04.2024;Gümüşhane Çarşı;514;İbrahim Kurt;;28;1996;Kelkit;Bal 850gr;1;730,00;730,00;737,30;POS;;bronz;17,3;
102786;1;10.03.2025;Gümüşhane Çarşı;MİSAFİR;-;Kadın;;;;Eriste;6;135,00;810,00;818,10;havale;4;;12,5;
102782;1;13.12.2024;Gümüşhane Çarşı;M-00335;Fatma Kılıç;K;35;1989;Merkez;Ceviz ici;1;625,00;625,00;631,25;Kart;i̇yi;Gümüş;10,6;hediye paketi
102786;2;10.03.2025;Gümüşhane Çarşı;;;Kadın;;;Merkez;Ceviz İçi;2;670,00;1340,00;1.353,40;K.Kartı;ÇOK KÖTÜ;;11,6;
102788;1;24 Ocak 2024;Gümüşhane Çarşı;M-00745;Merve Coşkun;K;25;1999;Merkez;Cevizli Pestil;1;245,00;245,00;247,45;Kredi Kartı;4;Bronz;6,2;
102788;2;24.01.2024 17:05;Gümüşhane Çarşı;M-00745;Merve Coşkun;Bayan;25;1999;Merkez;Köme;2;;570,00;575,70;Nakıt;Orta;Bronz;7,7;
102788;3;24.01.2024;Gümüşhane Çarşı;M-00745;Merve Coşkun;K;25;1999;Merkez;Fındıklı Köme;2;250,00;500,00;505,00;Nakit;Çok İyi;Bronz;8,5;
102789;1;08.09.2025;Gümüşhane Çarşı;-;misafir müşteri;;;;;Yayla Balı;2;1140,00;2280,00;2302,80;kk;İyi;;21,4;
102789;2;2025-09-08;Gümüşhane Çarşı;-;;K;;;;Karma Paket;2;1.230,00;2.460,00;2484,60;POS;yok;;20,9;
102790;1;2025-03-05;Gümüşhane Çarşı;M-00491;Meryem Ekinci;K;22;2003;Kürtün;Dut Pestili;1;270,00;270,00;272,70;KREDİ KARTI;5;Bronz;10,9;
102790;2;2025-03-05;Gümüşhane Çarşı;491;Meryem Ekinci;K;22;2003;Kürtün;Karma Paket;1;1050,00;1.050,00;1060,50;kk;?;Bronz;10,3;
102792;1;2025-04-18;Gümüşhane Çarşı;0;-;Erkek;;;;Köme;3;440,00;1320,00;1333,20;Nakit;çok i̇yi;;NA;
102792;2;18.04.2025;Gümüşhane Çarşı;0;-;Kadın;;;merkez;Dut Pestili;2;270,00;540,00;545,40;Kredi Kartı;çok i̇yi;;18,2;
102792;3;18 Nisan 2025;Gümüşhane Çarşı;0;misafir müşteri;;;;?;Fındıklı Köme;1;390,00;390,00;393,90;EFT;çok i̇yi;;13,9;
102793;1;07.08.2024;Gümüşhane Çarşı;0;;Kadın;;;Merkez;Köme;3;340,00;1020,00;1030,20;Kredi Kartı;NA;;22,8;
102794;1;2024-10-09;Gümüşhane Çarşı;M-00506;Emre Polat;E;37;1987;Kocaeli (gurbetçi);Dut Pestili;1;235,00;235,00;237,35;;yok;Gumus;17,1;
102797;1;23.07.2025;Gümüşhane Çarşı;M-00561;HANİFE KARATAŞ;K;54;1971;Merkez;Yayla Balı;1;1.070,00;1070,00;1080,70;nakit;İyi;bronz;23,1;
102797;2;2025-07-23;Gümüşhane Çarşı;M-00561;Hanife Karataş;K;54;1971;Merkez;Kuru Dut;2;270,00;540,00;545,40;Kart;İyi;Bronz;24,1;
102797;3;2025-07-23;Gümüşhane Çarşı;561;Hanife Karataş;;54;1971;Merkez;Ceviz İçi;4;765,00;3060,00;3090,60;Kart;4;;24,6;
102800;1;16.08.2024;Gümüşhane Çarşı;M-00400;Kadir Öztürk;E;27;2026;Kelkit;Dut Pekmezi;1;280,00;280,00;282,80;Kredi Kartı;Çok İyi;?;85,0;
102803;1;22.01.2025;Gümüşhane Çarşı;M-00152;Aysel Kılıç;K;60;1965;Siran;Cevizli Pestil;1;350,00;350,00;353,50;KREDİ KARTI;Çok İyi;Bronz;9,7;
102803;2;2025-01-22;Gümüşhane Çarşı;M-00152;Aysel Kılıç;K;60;1965;Şiran;Dut Pestili;1;255,00;255,00;257,55;Nakit;4;Bronz;7,6;
102803;3;22.01.2025;Gümüşhane Çarşı;M-00152;Aysel Kılıç;K;60;1965;Şiran;karma pkt;2;1000,00;2000,00;2.020,00;kk;4;Bronz;10,0;
102804;1;15.11.2024;Gümüşhane Çarşı;M-00641;Erol Altun;E;44;1980;Merkez;Eriste;2;120,00;240,00;242,40;Kredi Kartı;orta;bronz;14,1;
102804;2;15/11/24;Gümüşhane Çarşı;641;Erol Altun;E;44;1980;GÜMÜŞHANE;Bal 850gr;1;860,00;860,00;868,60;kk;Çok İyi;Bronz;13,4;veresiye
102806;1;04.07.2025;Gümüşhane Çarşı;MİSAFİR;;;;;?;Cevizli Pestil;4;405,00;1620,00;1636,20;K.Kartı;;;21,4;
102806;2;2025-07-04;Gümüşhane Çarşı;MİSAFİR;-;Erkek;;;merkez;Karma Paket;1;1145,00;1145,00;1.156,45;kk;4;;22,0;
102806;3;04.07.2025;Gümüşhane Çarşı;MİSAFİR;;Erkek;;;merkez;Pestil 500gr;1;290,00;290,00;292,90;Nakit;bilinmiyor;;22,2;
102808;1;21.08.2024;Gümüşhane Çarşı;0;Misafir;;;;merkez;köme 500gr;1;345,00;345,00;348,45;kk;ORTA;;21,8;
102808;2;21.08.2024;Gümüşhane Çarşı;;Misafir;K;;;;Fındıklı Köme;4;305,00;1220,00;1.232,20;NAKİT;Kötü;;22,2;
102809;1;15.06.2025;Gümüşhane Çarşı;M-00097;Emre Kılıç;E;35;1990;merkez;Köme;2;460,00;920,00;929,20;Kredi Kartı;yok;Bronz;22,9;
102810;1;20/03/25;Gümüşhane Çarşı;M-00706;Süleyman Arslan;;58;1967;Kelkit;Köme;2;425,00;850,00;858,50;Kredi Kartı;3;-;11,7;
102810;2;20.03.2025;Gümüşhane Çarşı;M-00706;Süleyman Arslan;Erkek;58;1967;Kelkit;Dut Pestili;5;265,00;1325,00;1.338,25;NAKİT;Iyi;Bronz;9,9;
102812;1;13.08.2025;Gümüşhane Çarşı;M-00331;Kadir Öztürk;E;66;1959;Kelkit;Dut Pestili;1;315,00;315,00;318,15;KREDİ KARTI;Çok İyi;Bronz;23,5;
102813;1;29.11.2024 16:40;Gümüşhane Çarşı;M-00459;Esra Keskin;Kadın;64;1960;Kelkit;Cevizli Pestil;1;315,00;315,00;318,15;kk;İyi;?;9,9;
102815;1;18.07.2024;Gümüşhane Çarşı;M-00642;İbrahim Uzun;e;55;1969;Köse;Karma Paket;1;855,00;855,00;863,55;NAKİT;İyi;Gümüş;21,6;
102815;2;18.07.2024;Gümüşhane Çarşı;M-00642;İbrahim Uzun;Erkek;-;1969;Köse;Cevizli Pestil;1;285,00;285,00;287,85;KREDİ KARTI;çok i̇yi;Gümüş;22,4;tadım yaptı
102816;1;17.03.2024;Gümüşhane Çarşı;MİSAFİR;misafir müşteri;K;;;;Yayla Balı;4;700,00;2800,00;2828,00;Nakıt;Çok İyi;;9,5;
102816;2;17.03.2024;Gümüşhane Çarşı;MİSAFİR;Misafir;;;;?;Cevizli Sucuk;1;290,00;290,00;292,90;KREDİ KARTI;Orta;;11,7;
102816;2;17.03.2024;Gümüşhane Çarşı;MİSAFİR;Misafir;;;;?;Cevizli Sucuk;1;290,00;290,00;292,90;KREDİ KARTI;Orta;;11,7;
102817;1;2025-08-14;Gümüşhane Çarşı;M-00225;Hülya Karataş;K;62;1963;TRABZON;Kuşburnu Marmelatı;12;220,00;2640,00;2.666,40;NAKİT;;?;23,0;Toptan (otel)
102817;2;14.08.2025;Gümüşhane Çarşı;M-00225;Hülya Karataş;K;62;1963;Trabzon;Ev Eriştesi;16;160,00;2.560,00;2585,60;kk;;Bronz;22,7;Toptan (otel)
102820;1;2025-06-05;Gümüşhane Çarşı;M-00874;Hülya Çetin;K;28;1997;Kürtün;Dut Pestili;2;285,00;295,00;575,70;NAKİT;;Bronz;19,8;
102820;2;05.06.2025;Gümüşhane Çarşı;M-00874;Hülya Çetin;;28;1997;Kürtün;Ceviz İçi;6;745,00;4470,00;4514,70;Kredi Kartı;İyi;Bronz;19,2;
102820;3;2025-06-05;Gümüşhane Çarşı;M-00874;Hülya Çetin;;28;1997;Kürtün;Fındıklı Köme;1;395,00;395,00;398,95;KREDİ KARTI;-;Bronz;19,7;
102823;1;27.07.2024;Gümüşhane Çarşı;M-00711;Hanife Aydin;K;72;1952;Kürtün;Kuru Dut;1;200,00;200,00;202,00;POS;4;Bronz;22,6;
102826;1;27.04.2024;Gümüşhane Çarşı;0;misafir müşteri;;;;merkez;Kuşburnu Marmelatı;1;140,00;140,00;141,40;KREDİ KARTI;İyi;;17,6;askere gidecek
102827;1;08.06.2024;Gümüşhane Çarşı;MİSAFİR;-;;;;;Dut pekmezi 1 kg;1;260,00;260,00;262,60;kk;?;;NA;
102830;1;18.01.2024;Gümüşhane Çarşı;-;Misafir;;;;merkez;Ceviz İçi;2;460,00;920,00;929,20;kk;4;;8,2;
102833;1;1 Kasım 2024;Gümüşhane Çarşı;739;Elif Gümüş;K;54;1970;Kürtün;Dut pekmezi 1 kg;2;300,00;600,00;606,00;Havale;;Bronz;13,7;
102834;1;17 Ocak 2025;Gümüşhane Çarşı;599;Yaşar Polat;E;51;1974;Merkez;Ev Eriştesi;2;125,00;250,00;252,50;KREDİ KARTI;i̇yi;Bronz;-;
102834;2;2025-01-17;Gümüşhane Çarşı;M-00599;Yaşar Polat;E;51;1974;MERKEZ;cevizli pestil;1;345,00;345,00;348,45;KREDİ KARTI;İyi;Bronz;9,9;
102836;1;24.03.2025;Gümüşhane Çarşı;-;;;;;merkez;Cevizli Pestil;1;355,00;355,00;358,55;Kredi Kartı;bilinmiyor;;13,0;
102839;1;2025-07-07;Gümüşhane Çarşı;M-00379;Sultan Özdemir;K;58;1967;Merkez;Yayla Balı;5;1100,00;5500,00;5555,00;Nakit;Cok Iyi;Bronz;23,8;
102839;2;;Gümüşhane Çarşı;M-00379;Sultan Özdemir;;58;1967;Gümüşhane Merkez;Köme;1;470,00;470,00;474,70;NAKİT;Çok İyi;Bronz;21,2;
102839;3;07.07.2025;Gümüşhane Çarşı;M-00379;Sultan Özdemir;K;58;1967;Merkez;kusburnu marmelat;1;220,00;220,00;222,20;K.Kartı;NA;Bronz;24,5;
102841;1;20.04.2024;Gümüşhane Çarşı;M-00231;Kadir Karataş;E;26;1998;Köse;Kuru Dut;1;180,00;180,00;181,80;KREDİ KARTI;yok;Gümüş;14,0;
102844;1;2024-06-07;Gümüşhane Çarşı;575;Meryem Yildiz;K;68;1956;Torul;Kuru Dut;1;185,00;185,00;186,85;Kart;İyi;Bronz;22,1;
102844;2;07.06.2024;Gümüşhane Çarşı;M-00575;Meryem Yıldız;Kadın;68;1956;TORUL;Köme;1;330,00;330,00;333,30;K.Kartı;;Bronz;20,9;
102845;1;2025-06-14;Gümüşhane Çarşı;0;Misafir;;;;;Yayla Balı;2;1055,00;2.110,00;2131,10;Kredi Kartı;NA;;23,3;
102847;1;2025-07-26;Gümüşhane Çarşı;M-00033;Emine Karakaya;K;69;1956;Kelkit;Köme;1;460,00;460,00;464,60;Kredi Kartı;bilinmiyor;Bronz;?;
102848;1;17.08.2024;Gümüşhane Çarşı;M-00493;Hatice Uzun;K;54;1970;İZMİR;Kuşburnu Marmelatı;1;165,00;165,00;166,65;NAKİT;2;Gumus;22,2;
102848;2;17.08.2024;Gümüşhane Çarşı;M-00493;Hatice Uzun;K;54;1970;İZMİR;cevizli pestil;3;NA;870,00;878,70;kk;?;bilinmiyor;23,0;
102849;1;11.04.2025;Gümüşhane Çarşı;-;-;E;;;;Dut Pekmezi;1;340,00;340,00;343,40;nakit;-;;14,2;
102851;1;;Gümüşhane Çarşı;M-00003;Meryem Keskin;Kadın;37;1988;Merkez;Pestil 500gr;5;295,00;1.475,00;1489,75;POS;4;Gümüş;24,5;
102852;1;16/01/25;Gümüşhane Çarşı;M-00016;KEMAL POLAT;E;56;1969;kelkit;Fındıklı Köme;1;360,00;360,00;363,60;kk;çok i̇yi;Bronz;7,9;
102855;1;13/08/24;Gümüşhane Çarşı;M-00220;Şükrü Gümüş;E;41;1983;Gurbet - Ankara;Köme;2;340,00;680,00;686,80;kk;-;Bronz;;
102858;1;2024-10-24;Gümüşhane Çarşı;0;Misafir;Kadın;;;Merkez;Köme;2;365,00;730,00;737,30;Kart;İYİ;;;
102858;2;2024-10-24;Gümüşhane Çarşı;-;-;E;;;Merkez;Ceviz İçi;2;585,00;1.170,00;1.181,70;NAKİT;;;14,8;
102861;1;28 Aralık 2024;Gümüşhane Çarşı;M-00282;Burak Doğan;;56;1968;Merkez ;Karma Paket;1;98500,00;985,00;994,85;Kart;İYİ;Altın;10,2;
102862;1;10/09/25;Gümüşhane Çarşı;M-00878;Zeynep Kurt;Bayan;69;1956;Şiran;Pestil (cevizli);2;410,00;820,00;828,20;nakit;-;;NA;
102865;1;20.05.2024;Gümüşhane Çarşı;;;K;;;;Cevizli Pestil;3;280,00;840,00;848,40;K.Kartı;yok;;19,7;
102865;2;20.05.2024;Gümüşhane Çarşı;MİSAFİR;-;;;;;Kuru Dut;-3;yok;185,00;186,85;Kart;Çok İyi;;21,6;
102867;1;2024-11-22;Gümüşhane Çarşı;;misafir müşteri;Erkek;;;;Ceviz İçi;4;605,00;3.635,00;2.444,20;KREDİ KARTI;?;;11,2;
102867;2;22.11.2024;Gümüşhane Çarşı;0;Misafir;;;;;Cevizli Pestil;6;330,00;1980,00;1.999,80;EFT;İyi;;12,0;
102870;1;01/09/25;Gümüşhane Çarşı;161;Hanife Aydın;k;38;1987;TRABZON;Karma Paket;1;1.245,00;1.245,00;1257,45;Nakıt;Iyi;Bronz;21,7;
102870;2;2025-09-01;Gümüşhane Çarşı;M-00161;Hanife Aydın;K;38;1987;Trabzon;Pestil (cevizli);1;410,00;410,00;414,10;havale;Çok İyi;BRONZ;21,2;
102873;1;2024-08-18;Gümüşhane Çarşı;322;Furkan Çetin;E;72;1952;İstanbul (gurbetçi);Dut Pekmezi;4;270,00;1080,00;1.090,80;nakit;Kötü;Bronz;20,1;
102873;2;18.08.2024;Gümüşhane Çarşı;M-00322;Furkan Çetin;Erkek;-;1952;İstanbul (gurbetçi);Kuru Dut;1;195,00;195,00;196,95;Kart;İyi;Bronz;23,7;
102873;3;18 Ağustos 2024;Gümüşhane Çarşı;M-00322;Furkan Çetin;Erkek;72;1952;İSTANBUL;Yayla Balı;1;815,00;407,50;823,15;Kart;yok;bronz;21,3;
102876;1;11.10.2024;Gümüşhane Çarşı;M-00045;Osman  Karakaya ;e;64;1960;Kürtün;Fındıklı Köme;1;325,00;325,00;328,25;POS;-;BRONZ;yok;
102876;2;2024-10-11;Gümüşhane Çarşı;M-00045;Osman Karakaya;Bay;64;1960;Kürtün;Dut Pekmezi;2;275,00;550,00;555,50;K.Kartı;Iyi;Bronz;17,2;
102876;3;2024-10-11;Gümüşhane Çarşı;M-00045;Osman Karakaya;E;64;1960;Kürtün;Yayla Balı;1;840,00;840,00;848,40;Nakit;bilinmiyor;bronz;14,8;
102878;1;11.08.2025;Gümüşhane Çarşı;M-00778;Ayşe Bulut;Bayan;55;1970;Merkez;findikli kome;2;425,00;850,00;858,50;NAKİT;İyi;Bronz;20,8;
102880;1;2024-06-12;Gümüşhane Çarşı;0;-;K;;;;Fındıklı Köme;23;285,00;6555,00;6620,55;Nakıt;NA;;21,1;toptan - market siparişi
102880;2;12.06.2024;Gümüşhane Çarşı;MİSAFİR;-;K;;;;Kuru Dut;26;180,00;4.680,00;4726,80;Kredi Kartı;Çok İyi;;18,9;Toptan (otel)
102881;1;15/02/24;Gümüşhane Çarşı;M-00253;Şükrü Karakaya;E;62;1962;Merkez;karma pkt;1;735,00;735,00;742,35;NAKİT;Çok İyi;;10,1;
102881;2;2024-02-15;Gümüşhane Çarşı;M-00253;Şükrü Karakaya;e;62;1962;Merkez;Ev Eriştesi;1;90,00;90,00;90,90;K.Kartı;İyi;yok;7,4;
102881;3;;Gümüşhane Çarşı;M-00253;Şükrü Karakaya;e;62;1962;Merkez;ceviz;1;460,00;460,00;464,60;Kredi Kartı;;Altın;yok;
102883;1;05.07.2025;Gümüşhane Çarşı;;misafir müşteri;K;;;?;Pestil-Köme Karma;2;1170,00;2.340,00;2.363,40;EFT;Çok İyi;;23,6;
102884;1;28.12.2024;Gümüşhane Çarşı;M-00518;Derya Erdoğan;Bayan;45;1979;KELKİT;Cevizli Pestil;2;340,00;1.365,00;686,80;POS;Orta;Gumus;10,9;
102884;2;28.12.2024;Gümüşhane Çarşı;M-00518;Derya Erdoğan;K;45;1979;kelkit;Dut Pekmezi;1;310,00;310,00;313,10;KREDİ KARTI;Orta;Gümüş;?;
102886;1;13.02.2024 18:51;Gümüşhane Çarşı;;Misafir;K;;;merkez;Dut (kuru);17;165,00;2805,00;2833,05;nakit;Çok İyi;;11,2;toptan - market siparişi
102886;2;13.02.2024;Gümüşhane Çarşı;MİSAFİR;misafir müşteri;K;;;merkez;erişte;28;90,00;2.520,00;2545,20;kk;?;;11,1;Toptan (otel)
102886;3;13.02.2024;Gümüşhane Çarşı;0;misafir müşteri;Erkek;;;Merkez;Ceviz İçi;17;465,00;7905,00;7984,05;kk;Cok Kotu;;9,8;toptan, lokanta
102888;1;2025-04-30;Gümüşhane Çarşı;M-00102;Ayşe Aydın;Kadın;70;1955;Kürtün;Ceviz İçi;1;715,00;715,00;722,15;KREDİ KARTI;İyi;yok;16,1;
102888;2;30.04.2025;Gümüşhane Çarşı;M-00102;Ayşe Aydın;;70;1955;merkez;Fındıklı Köme;1;400,00;400,00;404,00;kk;İyi;Altın;20,1;
102891;1;20.11.2024;Gümüşhane Çarşı;M-00835;Yaşar Altun;;62;1962;Kelkit;pestil;5;235,00;1175,00;1.186,75;nakit;Iyi;Bronz;12,4;
102891;2;20.11.2024;Gümüşhane Çarşı;M-00835;Yaşar Altun;Erkek;62;1962;Kelkit;Köme;2;380,00;760,00;767,60;havale;?;Bronz;11,5;
102894;1;24 Mart 2025;Gümüşhane Çarşı;MİSAFİR;-;Kadın;;;merkez;Fındıklı Köme;2;380,00;385,00;767,60;Kart;-;;12,4;
102896;1;18.01.2024;Gümüşhane Çarşı;0;misafir müşteri;Erkek;;;;köme 500gr;1;29000,00;290,00;292,90;Nakit;Cok Iyi;;7,5;
102898;1;05.02.2024;Gümüşhane Çarşı;M-00810;Zeynep Keskin;K;54;1970;TORUL;Cevizli Pestil;1;255,00;255,00;257,55;Kredi Kartı;5;Bronz;NA;
102900;1;2025-02-04;Gümüşhane Çarşı;0;-;;;;merkez;Cevizli Pestil;1;355,00;355,00;358,55;KREDİ KARTI;-;;9,8;
102903;1;08.07.2024 17:59;Gümüşhane Çarşı;M-00656;İbrahim Arslan;E;24;2000;Kürtün;Dut (kuru);1;195,00;195,00;196,95;Nakıt;Orta;Bronz;26,5;
102903;2;2024-07-08;Gümüşhane Çarşı;M-00656;İbrahim Arslan;e;24;2000;Kürtün;Cevizli sucuk (köme);1;340,00;685,00;343,40;POS;çok i̇yi;bronz;23,0;
102903;3;08/07/24;Gümüşhane Çarşı;M-00656;İbrahim Arslan;e;24;2000;Kürtün;Ceviz İçi;1;540,00;540,00;545,40;;Çok İyi;Bronz;24,5;
102904;1;26.12.2024 18:11;Gümüşhane Çarşı;M-00277;Songül Karataş;Kadın;;1982;Merkez;Köme;1;395,00;395,00;398,95;;Iyi;bronz;9,6;
102904;2;2024-12-26;Gümüşhane Çarşı;M-00277;Songül Karataş;K;42;1982;Merkez;kuru dut;3;220,00;660,00;666,60;Kart;orta;Bronz;10,8;
102904;3;26 Aralık 2024;Gümüşhane Çarşı;M-00277;Songül Karataş;Kadın;42;1982;Merkez;Dut Pestili;1;255,00;255,00;257,55;KREDİ KARTI;orta;Bronz;12,2;
102907;1;15.12.2024;Gümüşhane Çarşı;-;;Kadın;;;merkez;Kuru Dut;4;220,00;880,00;888,80;Kredi Kartı;bilinmiyor;;10,0;
102904;3;26 Aralık 2024;Gümüşhane Çarşı;M-00277;Songül Karataş;Kadın;42;1982;Merkez;Dut Pestili;1;255,00;255,00;257,55;KREDİ KARTI;orta;Bronz;12,2;
102909;1;2025-09-08;Gümüşhane Çarşı;;misafir müşteri;Kadın;;;;Fındıklı Köme;4;445,00;1780,00;1797,80;KREDİ KARTI;4;;19,8;
102910;1;27/03/24;Gümüşhane Çarşı;M-00432;Nermin Karataş;K;73;1951;Torul;Dut Pestili;1;200,00;200,00;202,00;KREDİ KARTI;NA;gümüş;12,4;
102912;1;10/10/24;Gümüşhane Çarşı;M-00705;Hüseyin Erdoğan;E;34;1990;Gumushane;Kuşburnu Marmelatı;4;165,00;660,00;666,60;Nakıt;Orta;BRONZ;-;
102912;2;10.10.2024;Gümüşhane Çarşı;M-00705;HÜSEYİN ERDOĞAN;E;34;1990;Merkez;Ev Eriştesi;1;120,00;120,00;121,20;POS;3;Bronz;20,0;
102915;1;2024-02-08;Gümüşhane Çarşı;M-00283;Halil Çetin;;62;1962;Kelkit;Kuşburnu Marmelatı;1;135,00;135,00;136,35;Nakit;Kötü;Bronz;10,9;
102916;1;20/07/24;Gümüşhane Çarşı;M-00579;Mustafa Keskin;e;46;1978;Kelkit;Dut Pekmezi;1;265,00;265,00;267,65;NAKİT;;BRONZ;22,0;
102917;1;27.06.2024;Gümüşhane Çarşı;M-00174;Zeynep Karakaya;k;35;1989;Merkez;Kuru Dut;5;190,00;950,00;959,50;Kart;;Bronz;21,5;
102919;1;09.08.2024;Gümüşhane Çarşı;;Misafir;K;;;Merkez;Pestil (cevizli);5;300,00;1500,00;1.515,00;POS;çok i̇yi;;21,5;
102919;2;09.08.2024;Gümüşhane Çarşı;-;misafir müşteri;Erkek;;;;Karma Paket;2;875,00;1750,00;1767,50;Kart;i̇yi;;23,9;
102921;1;02.04.2025;Gümüşhane Çarşı;M-00320;Recep Tekin;E;53;1972;merkez;Dut Pestili;3;275,00;825,00;833,25;POS;NA;GÜMÜŞ;11,5;
102921;2;02/04/25;Gümüşhane Çarşı;M-00320;Recep Tekin;E;53;1972;Merkez;kusburnu marmelat;1;195,00;195,00;196,95;Kart;Çok İyi;Gümüş;12,4;
102921;3;02.04.2025;Gümüşhane Çarşı;M-00320;Recep Tekin;E;53;1972;Merkez;Cevizli Pestil;1;365,00;365,00;368,65;Kredi Kartı;çok kötü;Gümüş;12,3;
102924;1;07.01.2024 15:26;Gümüşhane Çarşı;M-00334;Omer Aydin;E;79;1945;Merkez ;Cevizli Pestil;2;240,00;432,00;484,80;K.Kartı;Çok İyi;Bronz;8,8;
102925;1;25.01.2025;Gümüşhane Çarşı;M-00208;Zeki Özdemir;Erkek;45;1980;Torul;Cevizli Pestil;3;340,00;1020,00;1030,20;Kart;yok;ALTIN;6,4;
102928;1;1 Mayıs 2024;Gümüşhane Çarşı;MİSAFİR;-;;;;;Fındıklı Köme;6;275,00;1650,00;1666,50;nakit;Çok İyi;;20,6;
102928;2;01.05.2024;Gümüşhane Çarşı;MİSAFİR;Misafir;K;;;merkez;Ev Eriştesi;1;100,00;100,00;101,00;Kart;;;18,0;
102929;1;27.06.2025;Gümüşhane Çarşı;-;misafir müşteri;K;;;Merkez;Fındıklı Köme;1;415,00;415,00;419,15;nakit;?;;25,6;
102932;1;18.07.2025 16:08;Gümüşhane Çarşı;-;Misafir;E;;;merkez;cevizli pestil;1;390,00;390,00;393,90;K.Kartı;3;;22,6;
102933;1;09.02.2024;Gümüşhane Çarşı;M-00287;Sevgi Erdoğan;k;25;1999;Kelkit;kuru dut;2;170,00;340,00;343,40;Kart;Çok İyi;Gümüş;9,5;bayram siparişi
102933;2;09.02.2024;Gümüşhane Çarşı;M-00287;Sevgi Erdoğan;;25;1999;Kelkit;pestil;1;185,00;185,00;186,85;Kart;Çok İyi;Gümüş;10,7;
102935;1;2024-05-11;Gümüşhane Çarşı;MİSAFİR;misafir müşteri;;;;Merkez;Kuşburnu Marmelatı;1;140,00;140,00;141,40;Nakıt;?;;17,6;
102938;1;08.04.2024;Gümüşhane Çarşı;M-00048;Kübra Gümüş;K;62;1962;Kose;Yayla Balı;5;700,00;3500,00;3.535,00;POS;i̇yi;GÜMÜŞ;14,6;
102938;2;08/04/24;Gümüşhane Çarşı;M-00048;Kübra Gümüş;K;62;1962;Köse;Kuru Dut;2;175,00;350,00;353,50;NAKİT;İyi;Gümüş;17,0;
102941;1;22 Şubat 2024;Gümüşhane Çarşı;M-00776;Sultan Karakaya;K;78;1946;Merkez ;Köme;1;285,00;285,00;287,85;Kart;KÖTÜ;Bronz;9,5;
102942;1;18.10.2024 11:12;Gümüşhane Çarşı;M-00272;Emine Şimşek;;30;1994;Merkez;Dut Pekmezi;5;280,00;1400,00;1414,00;KREDİ KARTI;çok i̇yi;Gumus;15,7;
102943;1;21.01.2024;Gümüşhane Çarşı;M-00473;ELİF ALTUN;K;38;1986;torul;cevizli pestil;1;250,00;250,00;252,50;nakit;bilinmiyor;Bronz;10,6;
102944;1;07.02.2024;Gümüşhane Çarşı;-;;;;;;Kuşburnu Marmelatı;29;135,00;3.915,00;3954,15;Nakıt;NA;;9,1;toptan, lokanta
102944;2;2024-02-07;Gümüşhane Çarşı;0;-;Erkek;;;;Cevizli sucuk (köme);20;285,00;5.700,00;5757,00;nakit;Çok İyi;;10,0;Toptan (otel)
102945;1;06.11.2024;Gümüşhane Çarşı;M-00827;Hasan Bayram;Bay;58;1966;Merkez;Fındıklı Köme;5;335,00;1.675,00;1691,75;Havale;i̇yi;?;10,4;
102944;2;2024-02-07;Gümüşhane Çarşı;0;-;Erkek;;;;Cevizli sucuk (köme);20;285,00;5.700,00;5757,00;nakit;Çok İyi;;10,0;Toptan (otel)
102945;2;06.11.2024;Gümüşhane Çarşı;M-00827;Hasan Bayram;e;58;1966;Merkez;Dut Pestili;6;235,00;1.410,00;1424,10;KREDİ KARTI;4;bronz;11,8;
102945;3;6 Kasım 2024;Gümüşhane Çarşı;M-00827;Hasan Bayram;Erkek;58;1966;Merkez;Bal 850gr;2;880,00;1760,00;1777,60;nakit;Çok İyi;Bronz;13,4;
102947;1;26.11.2024;Gümüşhane Çarşı;148;Kadir Şahin;;61;1963;Şiran;Kuşburnu Marmelatı;6;175,00;525,00;1060,50;Kredi Kartı;NA;Altın;11,9;
102950;1;2024-12-08;Gümüşhane Çarşı;M-00687;ŞERİFE AKGÜN;Kadın;64;1960;Merkez;karma pkt;2;965,00;1.930,00;1.949,30;Kart;;?;10,8;
102950;2;08.12.2024;Gümüşhane Çarşı;M-00687;Şerife Akgün;K;64;1960;Gümüşhane Merkez;Yayla Balı;1;875,00;875,00;883,75;Nakit;Çok İyi;gümüş;9,4;
102950;3;08.12.2024;Gümüşhane Çarşı;M-00687;Şerife Akgün;K;64;1960;Merkez;Dut (kuru);1;225,00;225,00;227,25;Nakıt;NA;;10,2;
102951;1;09.04.2024;Gümüşhane Çarşı;MİSAFİR;;K;;;Merkez;Kuşburnu Marmelatı;2;145,00;290,00;292,90;POS;5;;-;
102952;1;19.07.2024;Gümüşhane Çarşı;M-00271;Sultan Aslan;;40;1984;Kürtün;Köme;1;330,00;330,00;333,30;nakit;çok i̇yi;Bronz;24,3;
102952;2;19.07.2024;Gümüşhane Çarşı;M-00271;Sultan Aslan;Kadın;40;1984;Kürtün;Ceviz İçi;2;525,00;1050,00;1060,50;NAKİT;Orta;bronz;20,8;
102953;1;12.08.2025;Gümüşhane Çarşı;M-00864;Mehmet Kurt;Erkek;28;1997;Kelkit;Kome;1;470,00;470,00;474,70;Kart;;Bronz;24,9;
102956;1;24.08.2025;Gümüşhane Çarşı;M-00351;Nurcan  Kılıç ;K;55;1970;Kelkıt;Cevizli Pestil;1;405,00;405,00;409,05;NA;Iyi;Gumus;21,9;
102959;1;01.07.2024;Gümüşhane Çarşı;M-00223;Şerife Akgün;K;48;1976;Merkez;Ceviz İçi;1;525,00;525,00;530,25;Nakıt;;gümüş;23,2;
102959;2;01.07.2024;Gümüşhane Çarşı;M-00223;Serife Akgun;Bayan;48;1976;Merkez;Pestil 500gr;1;205,00;205,00;207,05;Kart;?;Gümüş;19,4;
102960;1;13.02.2024;Gümüşhane Çarşı;M-00152;Aysel Kılıç;Bayan;59;1965;ŞİRAN;Dut Pekmezi;1;235,00;235,00;237,35;K.Kartı;;Bronz;6,2;
102960;2;2024-02-13;Gümüşhane Çarşı;M-00152;Aysel Kılıç;K;59;1965;Şiran;Yayla Balı;1;665,00;665,00;671,65;kk;İYİ;Bronz;6,9;
102960;3;13.02.2024;Gümüşhane Çarşı;M-00152;Aysel Kılıç;;59;1974;Şiran;PESTİL;2;180,00;360,00;363,60;POS;Cok Iyi;bronz;10,0;
102962;1;08.07.2025;Gümüşhane Çarşı;M-00393;Emine Coşkun;;34;1991;Merkez;Dut Pestili;1;295,00;295,00;297,95;Nakıt;?;Bronz;22,5;
102965;1;06.11.2024;Gümüşhane Çarşı;M-00316;Havva Ekinci;;63;1961;Kelkit;Köme;1;365,00;365,00;368,65;Nakıt;;Gumus;13,8;
102965;1;06.11.2024;Gümüşhane Çarşı;M-00316;Havva Ekinci ;;63;1961;Kelkit;köme;1;365,00;365,00;368,65;Nakıt;;Gumus;13,8;
102966;1;27.04.2024;Gümüşhane Çarşı;M-00658;Emine Kara;K;51;1973;Merkez;Cevizli Pestil;2;265,00;530,00;535,30;KREDİ KARTI;?;Gümüş;16,6;
102966;2;2024-04-27;Gümüşhane Çarşı;M-00658;Emine Kara;K;51;1973;Merkez;Kuru Dut;1;17500,00;175,00;176,75;NAKİT;4;Gümüş;16,0;
102967;1;21.07.2025;Gümüşhane Çarşı;M-00237;Ali Akgün;Erkek;32;1993;Merkez;Kuru Dut;5;265,00;1325,00;1338,25;Nakit;İyi;Gumus;24,6;
102967;2;2025-07-21;Gümüşhane Çarşı;M-00237;Ali Akgün;E;32;2002;Merkez;Kuşburnu Marmelatı;3;220,00;660,00;666,60;K.Kartı;İyi;Gümüş;23,8;
102968;1;2024-02-14;Gümüşhane Çarşı;M-00476;YUSUF ÇELİK;E;39;1985;Torul;Fındıklı Köme;1;265,00;265,00;267,65;Kredi Kartı;-;Gümüş;7,5;
999999;;01.01.2024;Gümüşhane Çarşı;;deneme deneme;;;;;Dut Pestili;1;1,00;1,00;;;;;;
102968;2;14.02.2024;Gümüşhane Çarşı;M-00476;Yusuf Çelik;E;39;1985;Torul;Yayla Balı;3;695,00;2085,00;2105,85;Kart;Orta;Gumus;10,4;
102971;1;2024-08-06;Gümüşhane Çarşı;M-00616;ALİ ERDOĞAN;E;52;1972;Köse;Ev Eriştesi;1;110,00;110,00;111,10;K.Kartı;Orta;BRONZ;20,4;
102974;1;01/11/24;Gümüşhane Çarşı;-;misafir müşteri;Erkek;;;merkez;Cevizli Pestil;4;310,00;1.240,00;1252,40;Kredi Kartı;i̇yi;;12,8;
102977;1;03.12.2024;Gümüşhane Çarşı;0;;K;;;;PESTİL;1;245,00;245,00;247,45;K.Kartı;?;;11,6;
102977;1;03.12.2024;Gümüşhane Çarşı;0;;K;;;;PESTİL;1;245,00;245,00;247,45;K.Kartı;?;;11,6;
102978;1;19.02.2024;Gümüşhane Çarşı;M-00019;Elif Şimşek;Bayan;35;1989;Şiran;Yayla Balı;5;680,00;3400,00;3434,00;KREDİ KARTI;Orta;bilinmiyor;10,0;
102978;2;19.02.2024;Gümüşhane Çarşı;M-00019;ELİF ŞİMŞEK;Kadın;35;1989;ŞİRAN;Fındıklı Köme;1;265,00;265,00;267,65;KREDİ KARTI;ÇOK İYİ;Bronz;999,9;
;;;Gümüşhane Çarşı;;;;;;;;;;;;;;;;
102978;1;19.02.2024;Gümüşhane Çarşı;M-00019;Elif Şimşek;Bayan;35;1989;Şiran;Yayla Balı;5;680,00;3400,00;3434,00;KREDİ KARTI;Orta;bilinmiyor;10,0;
102980;1;09/02/24;Gümüşhane Çarşı;;;E;;;;Yayla Balı;3;670,00;2010,00;2.030,10;;bilinmiyor;;9,1;
102982;1;07.09.2024;Gümüşhane Çarşı;;misafir müşteri;;;;merkez;Cevizli Pestil;1;300,00;300,00;303,00;nakit;NA;;21,4;
102984;1;1 Mart 2024;Gümüşhane Çarşı;M-00716;Süleyman Güler;;31;1993;Gumushane;Kuru Dut;2;170,00;340,00;343,40;KREDİ KARTI;Kötü;Bronz;8,5;
102984;2;2024-03-01;Gümüşhane Çarşı;M-00716;Süleyman Güler;E;31;1993;Merkez;Yayla Balı;3;695,00;2085,00;2105,85;K.Kartı;Çok İyi;Bronz;10,6;
102984;3;01.03.2024;Gümüşhane Çarşı;M-00716;SÜLEYMAN GÜLER;E;31;1993;MERKEZ;Dut Pekmezi;2;22500,00;450,00;454,50;nakit;bilinmiyor;Bronz;10,9;
102986;1;27.11.2024;Gümüşhane Çarşı;M-00511;Elif Altun;K;22;2002;Merkez;Fındıklı Köme;1;335,00;335,00;338,35;Nakıt;;Bronz;NA;
102987;1;13/03/24;Gümüşhane Çarşı;481;Hanife Erdogan;K;79;1945;Merkez;Dut Pestili;4;195,00;780,00;787,80;Kredi Kartı;;Gümüş;12,3;
102987;2;13/03/24;Gümüşhane Çarşı;M-00481;Hanife Erdoğan;K;79;1945;MERKEZ;Cevizli Pestil;2;260,00;520,00;525,20;Kart;Iyi;Gümüş;9,6;
102988;1;2025-02-03;Gümüşhane Çarşı;M-00698;İbrahim Erdoğan;E;21;2004;Merkez;findikli kome;5;355,00;1.775,00;1792,75;Kredi Kartı;Iyi;Bronz;10,3;
102988;2;03.02.2025;Gümüşhane Çarşı;M-00698;İBRAHİM ERDOĞAN;E;21;2004;Merkez;Köme;1;405,00;405,00;409,05;Kredi Kartı;Kötü;NA;8,4;
102991;1;2025-02-08;Gümüşhane Çarşı;M-00872;Emine Özdemir;K;66;1959;Kelkit;Fındıklı Köme;3;360,00;1.080,00;1090,80;Kredi Kartı;İyi;Gümüş;9,3;
102994;1;2024-07-09;Gümüşhane Çarşı;M-00103;Derya Aslan;K;29;1995;Merkez;Pestil 500gr;2;220,00;440,00;444,40;Nakıt;Çok İyi;bronz;23,7;
102997;1;27.01.2024;Gümüşhane Çarşı;425;Murat Gümüş;e;35;1989;Torul;Yayla Balı;1;680,00;680,00;686,80;K.Kartı;İYİ;Gumus;11,0;
102998;1;2024-01-19;Gümüşhane Çarşı;M-00828;Aysel Aslan;K;34;1990;Şiran;karma pkt;999;705,00;705,00;712,05;;Çok İyi;Bronz;11,0;
102999;1;15 Nisan 2025;Gümüşhane Çarşı;M-00402;Gülsüm Yıldız;K;36;1989;Köse;Ceviz İçi;2;690,00;1380,00;1.393,80;havale;Orta;Gümüş;14,3;
103000;1;17 Ağustos 2025;Gümüşhane Çarşı;0;Misafir;;;;Merkez;Kuşburnu;1;225,00;225,00;227,25;NAKİT;Orta;;23,0;
103000;2;17.08.2025;Gümüşhane Çarşı;MİSAFİR;Misafir;;;;;Cevizli Pestil;3;415,00;1245,00;1.257,45;Kredi Kartı;İyi;;20,4;veresiye
103003;1;08.08.2025;Gümüşhane Çarşı;M-00205;Zeynep Polat;K;70;1955;Köse;pekmez;1;385,00;385,00;388,85;K.Kartı;;Altın;22,9;
103003;2;08.08.2025;Gümüşhane Çarşı;205;Zeynep Polat;Kadın;?;1955;Köse;Yayla Balı;1;1085,00;1085,00;1095,85;Havale/EFT;Çok İyi;Altin;21,3;
103003;3;2025-08-08;Gümüşhane Çarşı;M-00205;Zeynep Polat;K;70;1955;Kose;Kuşburnu Marmelatı;2;230,00;460,00;464,60;Kart;?;ALTIN;24,5;
103006;1;06/07/24;Gümüşhane Çarşı;M-00824;Murat Erdoğan;Erkek;78;1946;BURSA;karma pkt;1;820,00;820,00;828,20;kk;İyi;?;21,7;
103007;1;20.07.2025;Gümüşhane Çarşı;MİSAFİR;-;Erkek;;;Merkez;Cevizli Pestil;1;405,00;405,00;409,05;Nakit;Çok İyi;;?;
103008;1;12.10.2024;Gümüşhane Çarşı;M-00266;Kemal Koç;Erkek;207;1951;Torul;Ceviz ici;2;575,00;1150,00;1161,50;kk;Çok İyi;-;14,1;
103011;1;2025-07-02;Gümüşhane Çarşı;M-00713;BÜŞRA ÖZTÜRK;K;58;1967;Merkez;Kuru Dut;2;270,00;540,00;545,40;Kart;İyi;bronz;19,8;
103013;1;10/10/24;Gümüşhane Çarşı;-;-;Erkek;;;;Dut (kuru);4;210,00;840,00;848,40;POS;çok i̇yi;;14,2;
103013;2;10.10.2024;Gümüşhane Çarşı;MİSAFİR;Misafir;E;;;;Köme;6;355,00;2.130,00;2151,30;Nakıt;bilinmiyor;;17,0;
103014;1;29.01.2025;Gümüşhane Çarşı;M-00497;Murat Tekin;E;40;1985;Merkez;Karma Paket;1;1.025,00;1.025,00;1035,25;KREDİ KARTI;Çok İyi;Bronz;8,4;
103015;1;31.12.2024;Gümüşhane Çarşı;M-00541;KADİR YILDIZ;Bay;78;1946;Kelkıt;Köme;1;390,00;390,00;393,90;Kart;Orta;Gümüş;10,8;
103015;2;31.12.2024;Gümüşhane Çarşı;M-00541;Kadir Yıldız;E;78;1946;Kelkit;Dut pekmezi 1 kg;1;310,00;310,00;313,10;;çok i̇yi;Gümüş;11,4;
103015;3;31.12.2024;Gümüşhane Çarşı;M-00541;Kadir Yıldız;Bay;78;1946;Kelkit;Bal 850gr;1;880,00;880,00;888,80;NAKİT;?;Gümüş;9,4;
103016;1;20.07.2024;Gümüşhane Çarşı;0;;;;;merkez;Kuşburnu Marmelatı;2;155,00;310,00;313,10;NAKİT;İyi;;22,1;
103019;1;2025-06-24;Gümüşhane Çarşı;0;-;E;;;;Karma Paket;1;1160,00;1160,00;1171,60;K.Kartı;Orta;;21,2;
103020;1;21.09.2025;Gümüşhane Çarşı;-;-;Erkek;;;;Yayla Balı;1;1145,00;1.145,00;1.156,45;Nakit;Çok İyi;;20,5;
103020;2;2025-09-21;Gümüşhane Çarşı;0;;Kadın;;;;Dut Pestili;1;325,00;325,00;328,25;Havale;-;;18,0;
103022;1;2025-08-09;Gümüşhane Çarşı;328;Yusuf Ekinci;e;67;1958;Kürtün;Pestil-Köme Karma;2;1215,00;2.430,00;2.454,30;POS;4;Gümüş;23,4;
103022;2;09.08.2025;Gümüşhane Çarşı;M-00328;Yusuf Ekinci;E;67;1958;Kürtün;Kuru Dut;1;275,00;275,00;277,75;nakit;;Gümüş;19,7;
103024;1;2024-07-10;Gümüşhane Çarşı;M-00705;Hüseyin Erdoğan;;34;1990;Merkez;Dut Pekmezi;1;260,00;260,00;262,60;nakit;;Bronz;23,3;
103024;2;10.07.2024;Gümüşhane Çarşı;M-00705;Hüseyin Erdoğan;E;34;1990;Kelkit;Kuru Dut;1;195,00;195,00;196,95;Nakit;İyi;bronz;23,5;
103024;3;2024-07-10;Gümüşhane Çarşı;M-00705;Hüseyin Erdoğan;e;34;1990;Merkez;Pestil 500gr;1;220,00;220,00;222,20;kk;;bronz;24,1;
103025;1;2025-07-02;Gümüşhane Çarşı;M-00344;Murat Şimşek;e;76;1949;İstanbul;Kuşburnu;1;210,00;210,00;212,10;Nakit;Orta;Gümüş;24,4;
103026;1;15.03.2024;Gümüşhane Çarşı;0;-;Kadın;;;;Dut Pestili;1;200,00;200,00;202,00;Kredi Kartı;;;11,7;
103026;2;2024-03-15;Gümüşhane Çarşı;-;misafir müşteri;K;;;Merkez;Cevizli Pestil;2;260,00;520,00;525,20;NA;Çok Kötü;;11,8;
103028;1;27.02.2024;Gümüşhane Çarşı;M-00028;Zeki Bulut;E;51;1973;Kelkit;Cevizli Pestil;1;255,00;255,00;257,55;Kredi Kartı;?;BRONZ;12,7;
103030;1;19.10.2024;Gümüşhane Çarşı;M-00647;Ali Karakaya;Erkek;34;1990;Merkez;erişte;1;115,00;115,00;116,15;Nakit;5;Gumus;17,7;bayram siparişi
103030;2;19.10.2024;Gümüşhane Çarşı;M-00647;Ali Karakaya;;34;1990;Kürtün;Yayla Balı;1;835,00;835,00;843,35;NAKİT;çok i̇yi;Gümüş;15,1;
103033;1;16.11.2024;Gümüşhane Çarşı;-;-;K;;;;Cevizli Pestil;1;320,00;320,00;323,20;Nakit;NA;;NA;
103034;1;2025-03-30;Gümüşhane Çarşı;;misafir müşteri;;;;?;Köme;1;410,00;410,00;414,10;Nakit;İyi;;11,7;
103037;1;19/11/24;Gümüşhane Çarşı;M-00731;Aysel  Kara ;K;50;1974;Gümüşhane Merkez;Dut Pestili;1;245,00;245,00;247,45;POS;Çok İyi;BRONZ;;
103038;1;19.01.2024;Gümüşhane Çarşı;M-00212;Ömer Yılmaz;E;52;1972;Merkez;Dut Pekmezi;5;220,00;1100,00;1.111,00;KREDİ KARTI;Çok İyi;Gümüş;9,4;
103038;2;19 Ocak 2024;Gümüşhane Çarşı;M-00212;ÖMER YILMAZ;Bay;52;1972;Merkez;Ceviz İçi;2;455,00;910,00;919,10;Nakıt;;Gümüş;7,2;
103041;1;22.03.2024;Gümüşhane Çarşı;M-00173;Derya Aydin;K;42;1982;Merkez;Kuru Dut;2;170,00;340,00;343,40;Nakıt;ÇOK İYİ;gümüş;14,5;
103041;2;22.03.2024;Gümüşhane Çarşı;M-00173;Derya Aydın;K;;1982;Merkez;Bal 850gr;2;720,00;1.440,00;1454,40;POS;Kötü;Gümüş;13,1;
103043;1;03.01.2025;Gümüşhane Çarşı;415;Hatice Topal;k;57;1968;Merkez;Cevizli Pestil;1;330,00;330,00;333,30;Kredi Kartı;Çok İyi;Bronz;;
103043;2;03.01.2025;Gümüşhane Çarşı;M-00415;Hatice Topal;K;57;1968;Merkez;karma pkt;2;950,00;1900,00;1.919,00;POS;-;Bronz;9,1;
103041;2;22.03.2024;Gümüşhane Çarşı;M-00173;Derya Aydın;K;;1982;Merkez;Bal 850gr;2;720,00;1.440,00;1454,40;POS;Kötü;Gümüş;13,1;
103044;1;2025-02-22;Gümüşhane Çarşı;M-00584;Furkan Bayram;e;42;1983;Şiran;Kome;16;410,00;6560,00;6.625,60;KREDİ KARTI;yok;Bronz;9,7;Toptan (otel)
103047;1;31 Ocak 2024;Gümüşhane Çarşı;M-00781;HANİFE DOĞAN;Kadın;33;1991;Kelkit;Cevizli Pestil;3;255,00;765,00;772,65;kk;-;bronz;6,4;
103050;1;;Gümüşhane Çarşı;M-00890;Zeki Polat;E;39;1985;Kelkit;Yayla Balı;2;905,00;1810,00;1.828,10;NAKİT;Çok İyi;Gümüş;8,3;
103050;2;17 Aralık 2024;Gümüşhane Çarşı;890;Zeki Polat;;39;1985;Kelkit;Ev Eriştesi;4;120,00;480,00;484,80;kk;İyi;gümüş;11,2;
103050;3;17.12.2024;Gümüşhane Çarşı;M-00890;Zeki Polat;Erkek;39;1985;Köse;Dut Pekmezi;2;305,00;610,00;616,10;NAKİT;ORTA;Gümüş;8,8;
103052;1;18.01.2024;Gümüşhane Çarşı;MİSAFİR;;E;;;merkez;Dut Pekmezi;1;230,00;230,00;232,30;Kart;;;9,0;
103053;1;31.12.2024;Gümüşhane Çarşı;M-00835;YAŞAR ALTUN;E;62;1962;Kelkit;Dut Pekmezi;1;305,00;305,00;308,05;Nakıt;Iyi;BRONZ;7,5;
103056;1;2024-02-28;Gümüşhane Çarşı;617;KÜBRA BAYRAM;;41;1983;şiran;Kuru Dut;1;175,00;175,00;176,75;POS;?;Gümüş;10,2;
103056;2;28/02/24;Gümüşhane Çarşı;M-00617;Kübra Bayram;K;41;1983;Şiran;Bal 850gr;2;665,00;1330,00;1343,30;KREDİ KARTI;NA;;10,1;
103056;3;28/02/24;Gümüşhane Çarşı;M-00617;Kübra Bayram;K;41;1983;Şiran;karma pkt;2;755,00;1510,00;1525,10;Kart;İyi;Gümüş;9,5;
103058;1;31.01.2025;Gümüşhane Çarşı;;Misafir;Erkek;;;?;Fındıklı Köme;2;350,00;700,00;707,00;Nakit;;;9,2;
103058;2;31.01.2025;Gümüşhane Çarşı;;-;;;;;Kuru Dut;4;225,00;900,00;909,00;K.Kartı;NA;;9,0;
103058;3;2025-01-31;Gümüşhane Çarşı;-;-;E;;;Merkez;cevizli pestil;4;340,00;1360,00;1373,60;Havale;çok i̇yi;;12,1;
103059;1;03/08/25;Gümüşhane Çarşı;M-00849;Mehmet Gümüş;Erkek;44;1981;Kürtün;PESTİL;1;305,00;305,00;308,05;nakit;-;Bronz;24,3;
103062;1;26.04.2025;Gümüşhane Çarşı;MİSAFİR;Misafir;E;;;Merkez;dut pestil;4;280,00;1120,00;1.131,20;Kredi Kartı;;;14,4;
103062;2;2025-04-26;Gümüşhane Çarşı;0;Misafir;;;;merkez;Köme;6;425,00;2.550,00;2.575,50;Kart;Çok İyi;;17,0;
103064;1;2025-08-19;Gümüşhane Çarşı;0;misafir müşteri;;;;Merkez;PESTİL;1;315,00;315,00;318,15;Nakit;;;18,7;
103066;1;;Gümüşhane Çarşı;584;Furkan Bayram;E;41;1983;Şiran;Karma Paket;1;845,00;845,00;853,45;Nakıt;-;Bronz;19,8;
103067;1;16.08.2024;Gümüşhane Çarşı;M-00055;AYŞE AKGÜN;Kadın;64;1960;ALMANYA;Fındıklı sucuk;3;315,00;945,00;954,45;kk;;Gümüş;20,0;
103067;2;16.08.2024;Gümüşhane Çarşı;M-00055;AYŞE AKGÜN;Kadın;64;1960;Almanya (gurbetçi);Dut Pekmezi;3;275,00;825,00;833,25;KREDİ KARTI;Çok İyi;gümüş;20,4;
103069;1;11/12/24;Gümüşhane Çarşı;-;misafir müşteri;;;;Merkez;findikli kome;4;345,00;1380,00;1393,80;kk;i̇yi;;11,0;bayram siparişi
103069;2;11.12.2024;Gümüşhane Çarşı;-;;;;;Merkez;Kuşburnu Marmelatı;3;175,00;525,00;530,25;KREDİ KARTI;Çok İyi;;10,7;
103071;1;06.08.2024;Gümüşhane Çarşı;M-00103;Derya Aslan;;29;1995;Merkez;Köme;1;350,00;350,00;353,50;kk;ÇOK İYİ;Bronz;22,7;
103073;1;03/08/24;Gümüşhane Çarşı;0;-;;;;Merkez;Cevizli Pestil;2;285,00;570,00;575,70;K.Kartı;Çok İyi;;23,9;
103073;2;03.08.2024;Gümüşhane Çarşı;0;;Kadın;;;Merkez;bal;5;775,00;3875,00;3913,75;kk;;;22,0;
103074;1;17.09.2024 16:24;Gümüşhane Çarşı;M-00858;Kadir Kaya;e;60;1964;Kelkit;Pestil-Köme Karma;2;900,00;1.800,00;1818,00;Nakıt;yok;Gümüş;yok;
103074;2;17.09.2024;Gümüşhane Çarşı;M-00858;Kadir Kaya;;60;1964;Kelkit;Kuru Dut;6;200,00;1200,00;1212,00;K.Kartı;?;Gumus;22,5;
103074;3;17.09.2024;Gümüşhane Çarşı;858;Kadir Kaya;Erkek;60;1964;Kelkit;Ceviz İçi;1;565,00;565,00;570,65;POS;İyi;Gümüş;20,4;
103077;1;31.01.2024;Gümüşhane Çarşı;-;;;;;merkez;Cevizli Pestil;1;255,00;255,00;257,55;Kart;-;;11,1;
103077;2;31.01.2024;Gümüşhane Çarşı;;misafir müşteri;Kadın;;;?;findikli kome;2;255,00;510,00;515,10;Kart;?;;10,1;
103078;1;12.10.2024;Gümüşhane Çarşı;M-00168;Büşra  Öztürk ;Kadın;68;1956;Kelkit;dut pestil;1;235,00;235,00;237,35;K.Kartı;yok;Gümüş;16,6;
103078;2;2024-10-12;Gümüşhane Çarşı;168;Büşra Öztürk;k;68;1956;Kelkit;Yayla Balı;5;835,00;4.175,00;4216,75;NAKİT;4;Gümüş;17,8;
103078;3;2024-10-12;Gümüşhane Çarşı;M-00168;Büşra Öztürk;Kadın;68;1956;KELKİT;köme 500gr;1;375,00;375,00;378,75;POS;?;Gümüş;15,5;
103080;1;13 Ağustos 2024;Gümüşhane Çarşı;-;misafir müşteri;E;;;?;Kuru Dut;1;190,00;190,00;191,90;Kart;çok i̇yi;;21,8;
103082;1;2025-03-18;Gümüşhane Çarşı;M-00094;Ercan Bayram;Erkek;55;1970;Merkez;ceviz;2;680,00;1360,00;1373,60;Nakıt;-;Bronz;-;
103085;1;26.08.2025;Gümüşhane Çarşı;M-00572;Halil Koç;E;28;1997;Köse;Dut Pekmezi;1;380,00;380,00;383,80;Nakıt;?;bronz;19,2;
103085;2;26 Ağustos 2025;Gümüşhane Çarşı;M-00572;Halil Koç;e;28;1997;Köse;Dut Pestili;5;305,00;1525,00;1.540,25;Kart;4;BRONZ;22,5;
103085;3;26 Ağustos 2025;Gümüşhane Çarşı;M-00572;Halil Koç;Erkek;28;1997;Köse;Yayla Balı;1;1.110,00;1110,00;1.121,10;nakit;;Bronz;21,3;
103088;1;15/01/24;Gümüşhane Çarşı;M-00348;Osman Çelik;Bay;69;1955;Gümüşhane Merkez;Fındıklı Köme;2;245,00;490,00;494,90;KREDİ KARTI;i̇yi;Gumus;9,9;
103088;2;2024-01-15;Gümüşhane Çarşı;M-00348;OSMAN ÇELİK;Erkek;69;1955;Merkez;Ceviz İçi;3;445,00;1.335,00;1348,35;KREDİ KARTI;Çok İyi;?;7,7;
103088;3;15.01.2024;Gümüşhane Çarşı;M-00348;Osman Çelik;;69;1955;Merkez;Dut Pestili;1;180,00;180,00;181,80;Kart;Orta;gümüş;8,3;
103090;1;2024-11-16;Gümüşhane Çarşı;M-00476;YUSUF ÇELİK;E;39;1985;Torul;Kome;1;370,00;370,00;373,70;KREDİ KARTI;-;Gumus;13,5;
103091;1;02.05.2024;Gümüşhane Çarşı;M-00303;Kemal Gümüş;Erkek;31;1993;Merkez;Kome;2;310,00;620,00;626,20;nakit;?;GÜMÜŞ;19,8;
